-0 32.7872 110.7704 -1.0679 36.5364 -1.1289
-0 32.7872 110.7704 -1.0679 36.5364 -1.1289
-0 32.7872 110.7704 -1.0679 36.5364 -1.1289
-0 32.7872 110.7704 -1.0679 36.5364 -1.1289
-0 32.7872 110.7704 -1.0679 36.5364 -1.1289
-0 32.7872 110.7704 -1.0679 36.5364 -1.1289
-0 32.7872 110.7704 -1.0679 36.5364 -1.1289
-0 32.7872 110.7704 -1.0679 36.5364 -1.1289
-0 32.7872 110.7704 -1.0679 36.5364 -1.1289
-0 32.7872 110.7704 -1.0679 36.5364 -1.1289
-0 32.7872 110.7704 -1.0679 36.5364 -1.1289
-0 32.7872 110.7704 -1.0679 36.5364 -1.1289
-0 32.7872 110.7704 -1.0679 36.5364 -1.1289
-0 32.7872 110.7704 -1.0679 36.5364 -1.1289
-0 32.7872 110.7704 -1.0679 36.5364 -1.1289
-0 32.7872 110.7704 -1.0679 36.5364 -1.1289
-0 32.7872 110.7704 -1.0679 36.5364 -1.1289
-0 32.7872 110.7704 -1.0679 36.5364 -1.1289
-0 32.7872 110.7704 -1.0679 36.5364 -1.1289
-0 32.7872 110.7704 -1.0679 36.5364 -1.1289
-0 32.7872 110.7704 -1.0679 36.5364 -1.1289
-0 32.7872 110.7704 -1.0679 36.5364 -1.1289
-0 32.7872 110.7704 -1.0679 36.5364 -1.1289
-0 32.7872 110.7704 -1.0679 36.5364 -1.1289
-0 32.7872 110.7704 -1.0679 36.5364 -1.1289
-0 32.7872 110.7704 -1.0679 36.5364 -1.1289
-0 32.7872 110.7704 -1.0679 36.5364 -1.1289
-0 32.7872 110.7704 -1.0679 36.5364 -1.1289
-0 32.7872 110.7704 -1.0679 36.5364 -1.1289
-0 32.7872 110.7704 -1.0679 36.5364 -1.1289
-0 32.7872 110.7704 -1.0679 36.5364 -1.1289
-0 32.7872 110.7704 -1.0679 36.5364 -1.1289
-0 32.7872 110.7704 -1.0679 36.5364 -1.1289
-0 32.7872 110.7704 -1.0679 36.5364 -1.1289
-0 32.7872 110.7704 -1.0679 36.5364 -1.1289
-0 32.7872 110.7704 -1.0679 36.5364 -1.1289
-0 32.7872 110.7704 -1.0679 36.5364 -1.1289
-0 32.7872 110.7704 -1.0679 36.5364 -1.1289
-0 32.7872 110.7704 -1.0679 36.5364 -1.1289
-0 32.7872 110.7704 -1.0679 36.5364 -1.1289
-0 32.7872 110.7704 -1.0679 36.5364 -1.1289
-0 32.7872 110.7704 -1.0679 36.5364 -1.1289
-0 32.7872 110.7704 -1.0679 36.5364 -1.1289
-0 32.7872 110.7704 -1.0679 36.5364 -1.1289
-0 32.7872 110.7704 -1.0679 36.5364 -1.1289
-0 32.7872 110.7704 -1.0679 36.5364 -1.1289
-0 32.7872 110.7704 -1.0679 36.5364 -1.1289
-0 32.7872 110.7704 -1.0679 36.5364 -1.1289
-0 32.7872 110.7704 -1.0679 36.5364 -1.1289
-0 32.7872 110.7704 -1.0679 36.5364 -1.1289
-0 32.7872 110.7704 -1.0679 36.5364 -1.1289
-0 32.7872 110.7704 -1.0679 36.5364 -1.1289
-0 32.7872 110.7704 -1.0679 36.5364 -1.1289
-0 32.7872 110.7704 -1.0679 36.5364 -1.1289
-0 32.7872 110.7704 -1.0679 36.5364 -1.1289
-0 32.7872 110.7704 -1.0679 36.5364 -1.1289
-0 32.7872 110.7704 -1.0679 36.5364 -1.1289
-0 32.7872 110.7704 -1.0679 36.5364 -1.1289
-0 32.7872 110.7704 -1.0679 36.5364 -1.1289
-0 32.7872 110.7704 -1.0679 36.5364 -1.1289
-0 32.7872 110.7704 -1.0679 36.5364 -1.1289
-0 32.7872 110.7704 -1.0679 36.5364 -1.1289
-0 32.7872 110.7704 -1.0679 36.5364 -1.1289
-0 32.7872 110.7704 -1.0679 36.5364 -1.1289
-0 32.7872 110.7704 -1.0679 36.5364 -1.1289
-0 32.7872 110.7704 -1.0679 36.5364 -1.1289
-0 32.7872 110.7704 -1.0679 36.5364 -1.1289
-0 32.7872 110.7704 -1.0679 36.5364 -1.1289
-0 32.7872 110.7704 -1.0679 36.5364 -1.1289
-0 32.7872 110.7704 -1.0679 36.5364 -1.1289
-0 32.7872 110.7704 -1.0679 36.5364 -1.1289
-0 32.7872 110.7704 -1.0679 36.5364 -1.1289
-0 32.7872 110.7704 -1.0679 36.5364 -1.1289
-0 32.7872 110.7704 -1.0679 36.5364 -1.1289
-0 32.7872 110.7704 -1.0679 36.5364 -1.1289
-0 32.7872 110.7704 -1.0679 36.5364 -1.1289
-0 32.7872 110.7704 -1.0679 36.5364 -1.1289
-0 32.7872 110.7704 -1.0679 36.5364 -1.1289
-0 32.7872 110.7704 -1.0679 36.5364 -1.1289
-0 32.7872 110.7704 -1.0679 36.5364 -1.1289
-0 32.7872 110.7704 -1.0679 36.5364 -1.1289
-0 32.7872 110.7704 -1.0679 36.5364 -1.1289
-0 32.7872 110.7704 -1.0679 36.5364 -1.1289
-0 32.7872 110.7704 -1.0679 36.5364 -1.1289
-0 32.7872 110.7704 -1.0679 36.5364 -1.1289
-0 32.7872 110.7704 -1.0679 36.5364 -1.1289
-0 32.7872 110.7704 -1.0679 36.5364 -1.1289
-0 32.7872 110.7704 -1.0679 36.5364 -1.1289
-0 32.7872 110.7704 -1.0679 36.5364 -1.1289
-0 32.7872 110.7704 -1.0679 36.5364 -1.1289
-0 32.7872 110.7704 -1.0679 36.5364 -1.1289
-0 32.7872 110.7704 -1.0679 36.5364 -1.1289
-0 32.7872 110.7704 -1.0679 36.5364 -1.1289
-0 32.7872 110.7704 -1.0679 36.5364 -1.1289
-0 32.7872 110.7704 -1.0679 36.5364 -1.1289
-0 32.7872 110.7704 -1.0679 36.5364 -1.1289
-0 32.7872 110.7704 -1.0679 36.5364 -1.1289
-0 32.7872 110.7704 -1.0679 36.5364 -1.1289
-0 32.7872 110.7704 -1.0679 36.5364 -1.1289
-0 32.7872 110.7704 -1.0679 36.5364 -1.1289
-0 32.7872 110.7704 -1.0679 36.5364 -1.1289
-0 32.7872 110.7704 -1.0679 36.5364 -1.1289
-0 32.7872 110.7704 -1.0679 36.5364 -1.1289
-0 32.7872 110.7704 -1.0679 36.5364 -1.1289
-0 32.7872 110.7704 -1.0679 36.5364 -1.1289
-0 32.7872 110.7704 -1.0679 36.5364 -1.1289
-0 32.7872 110.7704 -1.0679 36.5364 -1.1289
-0 32.7872 110.7704 -1.0679 36.5364 -1.1289
-0 32.7872 110.7704 -1.0679 36.5364 -1.1289
-0 32.7872 110.7704 -1.0679 36.5364 -1.1289
-0 32.7872 110.7704 -1.0679 36.5364 -1.1289
-0 32.7872 110.7704 -1.0679 36.5364 -1.1289
-0 32.7872 110.7704 -1.0679 36.5364 -1.1289
-0 32.7872 110.7704 -1.0679 36.5364 -1.1289
-0 32.7872 110.7704 -1.0679 36.5364 -1.1289
-0 32.7872 110.7704 -1.0679 36.5364 -1.1289
-0 32.7872 110.7704 -1.0679 36.5364 -1.1289
-0 32.7872 110.7704 -1.0679 36.5364 -1.1289
-0 32.7872 110.7704 -1.0679 36.5364 -1.1289
-0 32.7872 110.7704 -1.0679 36.5364 -1.1289
-0 32.7872 110.7704 -1.0679 36.5364 -1.1289
-0 32.7872 110.7704 -1.0679 36.5364 -1.1289
-0 32.7872 110.7704 -1.0679 36.5364 -1.1289
-0 32.7872 110.7704 -1.0679 36.5364 -1.1289
-0 32.7872 110.7704 -1.0679 36.5364 -1.1289
-0 32.7872 110.7704 -1.0679 36.5364 -1.1289
-0 32.7872 110.7704 -1.0679 36.5364 -1.1289
-0 32.7872 110.7704 -1.0679 36.5364 -1.1289
-0 32.7872 110.7704 -1.0679 36.5364 -1.1289
-0 32.7872 110.7704 -1.0679 36.5364 -1.1289
-0 32.7872 110.7704 -1.0679 36.5364 -1.1289
-0 32.7872 110.7704 -1.0679 36.5364 -1.1289
-0 32.7872 110.7704 -1.0679 36.5364 -1.1289
-0 32.7872 110.7704 -1.0679 36.5364 -1.1289
-0 32.7872 110.7704 -1.0679 36.5364 -1.1289
-0 32.7872 110.7704 -1.0679 36.5364 -1.1289
-0 32.7872 110.7704 -1.0679 36.5364 -1.1289
-0 32.7872 110.7704 -1.0679 36.5364 -1.1289
-0 32.7872 110.7704 -1.0679 36.5364 -1.1289
-0 32.7872 110.7704 -1.0679 36.5364 -1.1289
-0 32.7872 110.7704 -1.0679 36.5364 -1.1289
-0 32.7872 110.7704 -1.0679 36.5364 -1.1289
-0 32.7872 110.7704 -1.0679 36.5364 -1.1289
-0 32.7872 110.7704 -1.0679 36.5364 -1.1289
-0 32.7872 110.7704 -1.0679 36.5364 -1.1289
-0 32.7872 110.7704 -1.0679 36.5364 -1.1289
-0 32.7872 110.7704 -1.0679 36.5364 -1.1289
-0 32.7872 110.7704 -1.0679 36.5364 -1.1289
-0 32.7872 110.7704 -1.0679 36.5364 -1.1289
-0 32.7872 110.7704 -1.0679 36.5364 -1.1289
-0 32.7872 110.7704 -1.0679 36.5364 -1.1289
-0 32.7872 110.7704 -1.0679 36.5364 -1.1289
-0 32.7872 110.7704 -1.0679 36.5364 -1.1289
-0 32.7872 110.7704 -1.0679 36.5364 -1.1289
-0 32.7872 110.7704 -1.0679 36.5364 -1.1289
-0 32.7872 110.7704 -1.0679 36.5364 -1.1289
-0 32.7872 110.7704 -1.0679 36.5364 -1.1289
-0 32.7872 110.7704 -1.0679 36.5364 -1.1289
-0 32.7872 110.7704 -1.0679 36.5364 -1.1289
-0 32.7872 110.7704 -1.0679 36.5364 -1.1289
-0 32.7872 110.7704 -1.0679 36.5364 -1.1289
-0 32.7872 110.7704 -1.0679 36.5364 -1.1289
-0 32.7872 110.7704 -1.0679 36.5364 -1.1289
-0 32.7872 110.7704 -1.0679 36.5364 -1.1289
-0 32.7872 110.7704 -1.0679 36.5364 -1.1289
-0 32.7872 110.7704 -1.0679 36.5364 -1.1289
-0 32.7872 110.7704 -1.0679 36.5364 -1.1289
-0 32.7872 110.7704 -1.0679 36.5364 -1.1289
-0 32.7872 110.7704 -1.0679 36.5364 -1.1289
-0 32.7872 110.7704 -1.0679 36.5364 -1.1289
-0 32.7872 110.7704 -1.0679 36.5364 -1.1289
-0 32.7872 110.7704 -1.0679 36.5364 -1.1289
-0 32.7872 110.7704 -1.0679 36.5364 -1.1289
-0 32.7872 110.7704 -1.0679 36.5364 -1.1289
-0 32.7872 110.7704 -1.0679 36.5364 -1.1289
-0 32.7872 110.7704 -1.0679 36.5364 -1.1289
-0 32.7872 110.7704 -1.0679 36.5364 -1.1289
-0 32.7872 110.7704 -1.0679 36.5364 -1.1289
-0 32.7872 110.7704 -1.0679 36.5364 -1.1289
-0 32.7872 110.7704 -1.0679 36.5364 -1.1289
-0 32.7872 110.7704 -1.0679 36.5364 -1.1289
-0 32.7872 110.7704 -1.0679 36.5364 -1.1289
-0 32.7872 110.7704 -1.0679 36.5364 -1.1289
-0 32.7872 110.7704 -1.0679 36.5364 -1.1289
-0 32.7872 110.7704 -1.0679 36.5364 -1.1289
-0 32.7872 110.7704 -1.0679 36.5364 -1.1289
-0 32.7872 110.7704 -1.0679 36.5364 -1.1289
-0 32.7872 110.7704 -1.0679 36.5364 -1.1289
-0 32.7872 110.7704 -1.0679 36.5364 -1.1289
-0 32.7872 110.7704 -1.0679 36.5364 -1.1289
-0 32.7872 110.7704 -1.0679 36.5364 -1.1289
-0 32.7872 110.7704 -1.0679 36.5364 -1.1289
-0 32.7872 110.7704 -1.0679 36.5364 -1.1289
-0 32.7872 110.7704 -1.0679 36.5364 -1.1289
-0 32.7872 110.7704 -1.0679 36.5364 -1.1289
-0 32.7872 110.7704 -1.0679 36.5364 -1.1289
-0 32.7872 110.7704 -1.0679 36.5364 -1.1289
-0 32.7872 110.7704 -1.0679 36.5364 -1.1289
-0 32.7872 110.7704 -1.0679 36.5364 -1.1289
-0 32.7872 110.7704 -1.0679 36.5364 -1.1289
-0 32.7872 110.7704 -1.0679 36.5364 -1.1289
-0 32.7872 110.7704 -1.0679 36.5364 -1.1289
-0 32.7872 110.7704 -1.0679 36.5364 -1.1289
-0 32.7872 110.7704 -1.0679 36.5364 -1.1289
-0 32.7872 110.7704 -1.0679 36.5364 -1.1289
-0 32.7872 110.7704 -1.0679 36.5364 -1.1289
-0 32.7872 110.7704 -1.0679 36.5364 -1.1289
-0 32.7872 110.7704 -1.0679 36.5364 -1.1289
-0 32.7872 110.7704 -1.0679 36.5364 -1.1289
-0 32.7872 110.7704 -1.0679 36.5364 -1.1289
-0 32.7872 110.7704 -1.0679 36.5364 -1.1289
-0 32.7872 110.7704 -1.0679 36.5364 -1.1289
-0 32.7872 110.7704 -1.0679 36.5364 -1.1289
-0 32.7872 110.7704 -1.0679 36.5364 -1.1289
-0 32.7872 110.7704 -1.0679 36.5364 -1.1289
-0 32.7872 110.7704 -1.0679 36.5364 -1.1289
-0 32.7872 110.7704 -1.0679 36.5364 -1.1289
-0 32.7872 110.7704 -1.0679 36.5364 -1.1289
-0 32.7872 110.7704 -1.0679 36.5364 -1.1289
-0 32.7872 110.7704 -1.0679 36.5364 -1.1289
-0 32.7872 110.7704 -1.0679 36.5364 -1.1289
-0 32.7872 110.7704 -1.0679 36.5364 -1.1289
-0 32.7872 110.7704 -1.0679 36.5364 -1.1289
-0 32.7872 110.7704 -1.0679 36.5364 -1.1289
-0 32.7872 110.7704 -1.0679 36.5364 -1.1289
-0 32.7872 110.7704 -1.0679 36.5364 -1.1289
-0 32.7872 110.7704 -1.0679 36.5364 -1.1289
-0 32.7872 110.7704 -1.0679 36.5364 -1.1289
-0 32.7872 110.7704 -1.0679 36.5364 -1.1289
-0 32.7872 110.7704 -1.0679 36.5364 -1.1289
-0 32.7872 110.7704 -1.0679 36.5364 -1.1289
-0 32.7872 110.7704 -1.0679 36.5364 -1.1289
-0 32.7872 110.7704 -1.0679 36.5364 -1.1289
-0 32.7872 110.7704 -1.0679 36.5364 -1.1289
-0 32.7872 110.7704 -1.0679 36.5364 -1.1289
-0 32.7872 110.7704 -1.0679 36.5364 -1.1289
-0 32.7872 110.7704 -1.0679 36.5364 -1.1289
-0 32.7872 110.7704 -1.0679 36.5364 -1.1289
-0 32.7872 110.7704 -1.0679 36.5364 -1.1289
-0 32.7872 110.7704 -1.0679 36.5364 -1.1289
-0 32.7872 110.7704 -1.0679 36.5364 -1.1289
-0 32.7872 110.7704 -1.0679 36.5364 -1.1289
-0 32.7872 110.7704 -1.0679 36.5364 -1.1289
-0 32.7872 110.7704 -1.0679 36.5364 -1.1289
-0 32.7872 110.7704 -1.0679 36.5364 -1.1289
-0 32.7872 110.7704 -1.0679 36.5364 -1.1289
-0 32.7872 110.7704 -1.0679 36.5364 -1.1289
-0 32.7872 110.7704 -1.0679 36.5364 -1.1289
-0 32.7872 110.7704 -1.0679 36.5364 -1.1289
-0 32.7872 110.7704 -1.0679 36.5364 -1.1289
-0 32.7872 110.7704 -1.0679 36.5364 -1.1289
-0 32.7872 110.7704 -1.0679 36.5364 -1.1289
-0 32.7872 110.7704 -1.0679 36.5364 -1.1289
-0 32.7872 110.7704 -1.0679 36.5364 -1.1289
-0 32.7872 110.7704 -1.0679 36.5364 -1.1289
-0 32.7872 110.7704 -1.0679 36.5364 -1.1289
-0 32.7872 110.7704 -1.0679 36.5364 -1.1289
-0 32.7872 110.7704 -1.0679 36.5364 -1.1289
-0 32.7872 110.7704 -1.0679 36.5364 -1.1289
-0 32.7872 110.7704 -1.0679 36.5364 -1.1289
-0 32.7872 110.7704 -1.0679 36.5364 -1.1289
-0 32.7872 110.7704 -1.0679 36.5364 -1.1289
-0 32.7872 110.7704 -1.0679 36.5364 -1.1289
-0 32.7872 110.7704 -1.0679 36.5364 -1.1289
-0 32.7872 110.7704 -1.0679 36.5364 -1.1289
-0 32.7872 110.7704 -1.0679 36.5364 -1.1289
-0 32.7872 110.7704 -1.0679 36.5364 -1.1289
-0 32.7872 110.7704 -1.0679 36.5364 -1.1289
-0 32.7872 110.7704 -1.0679 36.5364 -1.1289
-0 32.7872 110.7704 -1.0679 36.5364 -1.1289
-0 32.7872 110.7704 -1.0679 36.5364 -1.1289
-0 32.7872 110.7704 -1.0679 36.5364 -1.1289
-0 32.7872 110.7704 -1.0679 36.5364 -1.1289
-0 32.7872 110.7704 -1.0679 36.5364 -1.1289
-0 32.7872 110.7704 -1.0679 36.5364 -1.1289
-0 32.7872 110.7704 -1.0679 36.5364 -1.1289
-0 32.7872 110.7704 -1.0679 36.5364 -1.1289
-0 32.7872 110.7704 -1.0679 36.5364 -1.1289
-0 32.7872 110.7704 -1.0679 36.5364 -1.1289
-0 32.7872 110.7704 -1.0679 36.5364 -1.1289
-0 32.7872 110.7704 -1.0679 36.5364 -1.1289
-0 32.7872 110.7704 -1.0679 36.5364 -1.1289
-0 32.7872 110.7704 -1.0679 36.5364 -1.1289
-0 32.7872 110.7704 -1.0679 36.5364 -1.1289
-0 32.7872 110.7704 -1.0679 36.5364 -1.1289
-0 32.7872 110.7704 -1.0679 36.5364 -1.1289
-0 32.7872 110.7704 -1.0679 36.5364 -1.1289
-0 32.7872 110.7704 -1.0679 36.5364 -1.1289
-0 32.7872 110.7704 -1.0679 36.5364 -1.1289
-0 32.7872 110.7704 -1.0679 36.5364 -1.1289
-0 32.7872 110.7704 -1.0679 36.5364 -1.1289
-0 32.7872 110.7704 -1.0679 36.5364 -1.1289
-0 32.7872 110.7704 -1.0679 36.5364 -1.1289
-0 32.7872 110.7704 -1.0679 36.5364 -1.1289
-0 32.7872 110.7704 -1.0679 36.5364 -1.1289
-0 32.7872 110.7704 -1.0679 36.5364 -1.1289
-0 32.7872 110.7704 -1.0679 36.5364 -1.1289
-0 32.7872 110.7704 -1.0679 36.5364 -1.1289
-0 32.7872 110.7704 -1.0679 36.5364 -1.1289
-0 32.7872 110.7704 -1.0679 36.5364 -1.1289
-0 32.7872 110.7704 -1.0679 36.5364 -1.1289
-0 32.7872 110.7704 -1.0679 36.5364 -1.1289
-0 32.7872 110.7704 -1.0679 36.5364 -1.1289
-0 32.7872 110.7704 -1.0679 36.5364 -1.1289
-0 32.7872 110.7704 -1.0679 36.5364 -1.1289
-0 32.7872 110.7704 -1.0679 36.5364 -1.1289
-0 32.7872 110.7704 -1.0679 36.5364 -1.1289
-0 32.7872 110.7704 -1.0679 36.5364 -1.1289
-0 32.7872 110.7704 -1.0679 36.5364 -1.1289
-0 32.7872 110.7704 -1.0679 36.5364 -1.1289
-0 32.7872 110.7704 -1.0679 36.5364 -1.1289
-0 32.7872 110.7704 -1.0679 36.5364 -1.1289
-0 32.7872 110.7704 -1.0679 36.5364 -1.1289
-0 32.7872 110.7704 -1.0679 36.5364 -1.1289
-0 32.7872 110.7704 -1.0679 36.5364 -1.1289
-0 32.7872 110.7704 -1.0679 36.5364 -1.1289
-0 32.7872 110.7704 -1.0679 36.5364 -1.1289
-0 32.7872 110.7704 -1.0679 36.5364 -1.1289
-0 32.7872 110.7704 -1.0679 36.5364 -1.1289
-0 32.7872 110.7704 -1.0679 36.5364 -1.1289
-0 32.7872 110.7704 -1.0679 36.5364 -1.1289
-0 32.7872 110.7704 -1.0679 36.5364 -1.1289
-0 32.7872 110.7704 -1.0679 36.5364 -1.1289
-0 32.7872 110.7704 -1.0679 36.5364 -1.1289
-0 32.7872 110.7704 -1.0679 36.5364 -1.1289
-0 32.7872 110.7704 -1.0679 36.5364 -1.1289
-0 32.7872 110.7704 -1.0679 36.5364 -1.1289
-0 32.7872 110.7704 -1.0679 36.5364 -1.1289
-0 32.7872 110.7704 -1.0679 36.5364 -1.1289
-0 32.7872 110.7704 -1.0679 36.5364 -1.1289
-0 32.7872 110.7704 -1.0679 36.5364 -1.1289
-0 32.7872 110.7704 -1.0679 36.5364 -1.1289
-0 32.7872 110.7704 -1.0679 36.5364 -1.1289
-0 32.7872 110.7704 -1.0679 36.5364 -1.1289
-0 32.7872 110.7704 -1.0679 36.5364 -1.1289
-0 32.7872 110.7704 -1.0679 36.5364 -1.1289
-0 32.7872 110.7704 -1.0679 36.5364 -1.1289
-0 32.7872 110.7704 -1.0679 36.5364 -1.1289
-0 32.7872 110.7704 -1.0679 36.5364 -1.1289
-0 32.7872 110.7704 -1.0679 36.5364 -1.1289
-0 32.7872 110.7704 -1.0679 36.5364 -1.1289
-0 32.7872 110.7704 -1.0679 36.5364 -1.1289
-0 32.7872 110.7704 -1.0679 36.5364 -1.1289
-0 32.7872 110.7704 -1.0679 36.5364 -1.1289
-0 32.7872 110.7704 -1.0679 36.5364 -1.1289
-0 32.7872 110.7704 -1.0679 36.5364 -1.1289
-0 32.7872 110.7704 -1.0679 36.5364 -1.1289
-0 32.7872 110.7704 -1.0679 36.5364 -1.1289
-0 32.7872 110.7704 -1.0679 36.5364 -1.1289
-0 32.7872 110.7704 -1.0679 36.5364 -1.1289
-0 32.7872 110.7704 -1.0679 36.5364 -1.1289
-0 32.7872 110.7704 -1.0679 36.5364 -1.1289
-0 32.7872 110.7704 -1.0679 36.5364 -1.1289
-0 32.7872 110.7704 -1.0679 36.5364 -1.1289
-0 32.7872 110.7704 -1.0679 36.5364 -1.1289
-0 32.7872 110.7704 -1.0679 36.5364 -1.1289
-0 32.7872 110.7704 -1.0679 36.5364 -1.1289
-0 32.7872 110.7704 -1.0679 36.5364 -1.1289
-0 32.7872 110.7704 -1.0679 36.5364 -1.1289
-0 32.7872 110.7704 -1.0679 36.5364 -1.1289
-0 32.7872 110.7704 -1.0679 36.5364 -1.1289
-0 32.7872 110.7704 -1.0679 36.5364 -1.1289
-0 32.7872 110.7704 -1.0679 36.5364 -1.1289
-0 32.7872 110.7704 -1.0679 36.5364 -1.1289
-0 32.7872 110.7704 -1.0679 36.5364 -1.1289
-0 32.7872 110.7704 -1.0679 36.5364 -1.1289
-0 32.7872 110.7704 -1.0679 36.5364 -1.1289
-0 32.7872 110.7704 -1.0679 36.5364 -1.1289
-0 32.7872 110.7704 -1.0679 36.5364 -1.1289
-0 32.7872 110.7704 -1.0679 36.5364 -1.1289
-0 32.7872 110.7704 -1.0679 36.5364 -1.1289
-0 32.7872 110.7704 -1.0679 36.5364 -1.1289
-0 32.7872 110.7704 -1.0679 36.5364 -1.1289
-0 32.7872 110.7704 -1.0679 36.5364 -1.1289
-0 32.7872 110.7704 -1.0679 36.5364 -1.1289
-0 32.7872 110.7704 -1.0679 36.5364 -1.1289
-0 32.7872 110.7704 -1.0679 36.5364 -1.1289
-0 32.7872 110.7704 -1.0679 36.5364 -1.1289
-0 32.7872 110.7704 -1.0679 36.5364 -1.1289
-0 32.7872 110.7704 -1.0679 36.5364 -1.1289
-0 32.7872 110.7704 -1.0679 36.5364 -1.1289
-0 32.7872 110.7704 -1.0679 36.5364 -1.1289
-0 32.7872 110.7704 -1.0679 36.5364 -1.1289
-0 32.7872 110.7704 -1.0679 36.5364 -1.1289
-0 32.7872 110.7704 -1.0679 36.5364 -1.1289
-0 32.7872 110.7704 -1.0679 36.5364 -1.1289
-0 32.7872 110.7704 -1.0679 36.5364 -1.1289
-0 32.7872 110.7704 -1.0679 36.5364 -1.1289
-0 32.7872 110.7704 -1.0679 36.5364 -1.1289
-0 32.7872 110.7704 -1.0679 36.5364 -1.1289
-0 32.7872 110.7704 -1.0679 36.5364 -1.1289
-0 32.7872 110.7704 -1.0679 36.5364 -1.1289
-0 32.7872 110.7704 -1.0679 36.5364 -1.1289
-0 32.7872 110.7704 -1.0679 36.5364 -1.1289
-0 32.7872 110.7704 -1.0679 36.5364 -1.1289
-0 32.7872 110.7704 -1.0679 36.5364 -1.1289
-0 32.7872 110.7704 -1.0679 36.5364 -1.1289
-0 32.7872 110.7704 -1.0679 36.5364 -1.1289
-0 32.7872 110.7704 -1.0679 36.5364 -1.1289
-0 32.7872 110.7704 -1.0679 36.5364 -1.1289
-0 32.7872 110.7704 -1.0679 36.5364 -1.1289
-0 32.7872 110.7704 -1.0679 36.5364 -1.1289
-0 32.7872 110.7704 -1.0679 36.5364 -1.1289
-0 32.7872 110.7704 -1.0679 36.5364 -1.1289
-0 32.7872 110.7704 -1.0679 36.5364 -1.1289
-0 32.7872 110.7704 -1.0679 36.5364 -1.1289
-0 32.7872 110.7704 -1.0679 36.5364 -1.1289
-0 32.7872 110.7704 -1.0679 36.5364 -1.1289
-0 32.7872 110.7704 -1.0679 36.5364 -1.1289
-0 32.7872 110.7704 -1.0679 36.5364 -1.1289
-0 32.7872 110.7704 -1.0679 36.5364 -1.1289
-0 32.7872 110.7704 -1.0679 36.5364 -1.1289
-0 32.7872 110.7704 -1.0679 36.5364 -1.1289
-0 32.7872 110.7704 -1.0679 36.5364 -1.1289
-0 32.7872 110.7704 -1.0679 36.5364 -1.1289
-0 32.7872 110.7704 -1.0679 36.5364 -1.1289
-0 32.7872 110.7704 -1.0679 36.5364 -1.1289
-0 32.7872 110.7704 -1.0679 36.5364 -1.1289
-0 32.7872 110.7704 -1.0679 36.5364 -1.1289
-0 32.7872 110.7704 -1.0679 36.5364 -1.1289
-0 32.7872 110.7704 -1.0679 36.5364 -1.1289
-0 32.7872 110.7704 -1.0679 36.5364 -1.1289
-0 32.7872 110.7704 -1.0679 36.5364 -1.1289
-0 32.7872 110.7704 -1.0679 36.5364 -1.1289
-0 32.7872 110.7704 -1.0679 36.5364 -1.1289
-0 32.7872 110.7704 -1.0679 36.5364 -1.1289
-0 32.7872 110.7704 -1.0679 36.5364 -1.1289
-0 32.7872 110.7704 -1.0679 36.5364 -1.1289
-0 32.7872 110.7704 -1.0679 36.5364 -1.1289
-0 32.7872 110.7704 -1.0679 36.5364 -1.1289
-0 32.7872 110.7704 -1.0679 36.5364 -1.1289
-0 32.7872 110.7704 -1.0679 36.5364 -1.1289
-0 32.7872 110.7704 -1.0679 36.5364 -1.1289
-0 32.7872 110.7704 -1.0679 36.5364 -1.1289
-0 32.7872 110.7704 -1.0679 36.5364 -1.1289
-0 32.7872 110.7704 -1.0679 36.5364 -1.1289
-0 32.7872 110.7704 -1.0679 36.5364 -1.1289
-0 32.7872 110.7704 -1.0679 36.5364 -1.1289
-0 32.7872 110.7704 -1.0679 36.5364 -1.1289
-0 32.7872 110.7704 -1.0679 36.5364 -1.1289
-0 32.7872 110.7704 -1.0679 36.5364 -1.1289
-0 32.7872 110.7704 -1.0679 36.5364 -1.1289
-0 32.7872 110.7704 -1.0679 36.5364 -1.1289
-0 32.7872 110.7704 -1.0679 36.5364 -1.1289
-0 32.7872 110.7704 -1.0679 36.5364 -1.1289
-0 32.7872 110.7704 -1.0679 36.5364 -1.1289
-0 32.7872 110.7704 -1.0679 36.5364 -1.1289
-0 32.7872 110.7704 -1.0679 36.5364 -1.1289
-0 32.7872 110.7704 -1.0679 36.5364 -1.1289
-0 32.7872 110.7704 -1.0679 36.5364 -1.1289
-0 32.7872 110.7704 -1.0679 36.5364 -1.1289
-0 32.7872 110.7704 -1.0679 36.5364 -1.1289
-0 32.7872 110.7704 -1.0679 36.5364 -1.1289
-0 32.7872 110.7704 -1.0679 36.5364 -1.1289
-0 32.7872 110.7704 -1.0679 36.5364 -1.1289
-0 32.7872 110.7704 -1.0679 36.5364 -1.1289
-0 32.7872 110.7704 -1.0679 36.5364 -1.1289
-0 32.7872 110.7704 -1.0679 36.5364 -1.1289
-0 32.7872 110.7704 -1.0679 36.5364 -1.1289
-0 32.7872 110.7704 -1.0679 36.5364 -1.1289
-0 32.7872 110.7704 -1.0679 36.5364 -1.1289
-0 32.7872 110.7704 -1.0679 36.5364 -1.1289
-0 32.7872 110.7704 -1.0679 36.5364 -1.1289
-0 32.7872 110.7704 -1.0679 36.5364 -1.1289
-0 32.7872 110.7704 -1.0679 36.5364 -1.1289
-0 32.7872 110.7704 -1.0679 36.5364 -1.1289
-0 32.7872 110.7704 -1.0679 36.5364 -1.1289
-0 32.7872 110.7704 -1.0679 36.5364 -1.1289
-0 32.7872 110.7704 -1.0679 36.5364 -1.1289
-0 32.7872 110.7704 -1.0679 36.5364 -1.1289
-0 32.7872 110.7704 -1.0679 36.5364 -1.1289
-0 32.7872 110.7704 -1.0679 36.5364 -1.1289
-0 32.7872 110.7704 -1.0679 36.5364 -1.1289
-0 32.7872 110.7704 -1.0679 36.5364 -1.1289
-0 32.7872 110.7704 -1.0679 36.5364 -1.1289
-0 32.7872 110.7704 -1.0679 36.5364 -1.1289
-0 32.7872 110.7704 -1.0679 36.5364 -1.1289
-0 32.7872 110.7704 -1.0679 36.5364 -1.1289
-0 32.7872 110.7704 -1.0679 36.5364 -1.1289
-0 32.7872 110.7704 -1.0679 36.5364 -1.1289
-0 32.7872 110.7704 -1.0679 36.5364 -1.1289
-0 32.7872 110.7704 -1.0679 36.5364 -1.1289
-0 32.7872 110.7704 -1.0679 36.5364 -1.1289
-0 32.7872 110.7704 -1.0679 36.5364 -1.1289
-0 32.7872 110.7704 -1.0679 36.5364 -1.1289
-0 32.7872 110.7704 -1.0679 36.5364 -1.1289
-0 32.7872 110.7704 -1.0679 36.5364 -1.1289
-0 32.7872 110.7704 -1.0679 36.5364 -1.1289
-0 32.7872 110.7704 -1.0679 36.5364 -1.1289
-0 32.7872 110.7704 -1.0679 36.5364 -1.1289
-0 32.7872 110.7704 -1.0679 36.5364 -1.1289
-0 32.7872 110.7704 -1.0679 36.5364 -1.1289
-0 32.7872 110.7704 -1.0679 36.5364 -1.1289
-0 32.7872 110.7704 -1.0679 36.5364 -1.1289
-0 32.7872 110.7704 -1.0679 36.5364 -1.1289
-0 32.7872 110.7704 -1.0679 36.5364 -1.1289
-0 32.7872 110.7704 -1.0679 36.5364 -1.1289
-0 32.7872 110.7704 -1.0679 36.5364 -1.1289
-0 32.7872 110.7704 -1.0679 36.5364 -1.1289
-0 32.7872 110.7704 -1.0679 36.5364 -1.1289
-0 32.7872 110.7704 -1.0679 36.5364 -1.1289
-0 32.7872 110.7704 -1.0679 36.5364 -1.1289
-0 32.7872 110.7704 -1.0679 36.5364 -1.1289
-0 32.7872 110.7704 -1.0679 36.5364 -1.1289
-0 32.7872 110.7704 -1.0679 36.5364 -1.1289
-0 32.7872 110.7704 -1.0679 36.5364 -1.1289
-0 32.7872 110.7704 -1.0679 36.5364 -1.1289
-0 32.7872 110.7704 -1.0679 36.5364 -1.1289
-0 32.7872 110.7704 -1.0679 36.5364 -1.1289
-0 32.7872 110.7704 -1.0679 36.5364 -1.1289
-0 32.7872 110.7704 -1.0679 36.5364 -1.1289
-0 32.7872 110.7704 -1.0679 36.5364 -1.1289
-0 32.7872 110.7704 -1.0679 36.5364 -1.1289
-0 32.7872 110.7704 -1.0679 36.5364 -1.1289
-0 32.7872 110.7704 -1.0679 36.5364 -1.1289
-0 32.7872 110.7704 -1.0679 36.5364 -1.1289
-0 32.7872 110.7704 -1.0679 36.5364 -1.1289
-0 32.7872 110.7704 -1.0679 36.5364 -1.1289
-0 32.7872 110.7704 -1.0679 36.5364 -1.1289
-0 32.7872 110.7704 -1.0679 36.5364 -1.1289
-0 32.7872 110.7704 -1.0679 36.5364 -1.1289
-0 32.7872 110.7704 -1.0679 36.5364 -1.1289
-0 32.7872 110.7704 -1.0679 36.5364 -1.1289
-0 32.7872 110.7704 -1.0679 36.5364 -1.1289
-0 32.7872 110.7704 -1.0679 36.5364 -1.1289
-0 32.7872 110.7704 -1.0679 36.5364 -1.1289
-0 32.7872 110.7704 -1.0679 36.5364 -1.1289
-0 32.7872 110.7704 -1.0679 36.5364 -1.1289
-0 32.7872 110.7704 -1.0679 36.5364 -1.1289
-0 32.7872 110.7704 -1.0679 36.5364 -1.1289
-0 32.7872 110.7704 -1.0679 36.5364 -1.1289
-0 32.7872 110.7704 -1.0679 36.5364 -1.1289
-0 32.7872 110.7704 -1.0679 36.5364 -1.1289
-0 32.7872 110.7704 -1.0679 36.5364 -1.1289
-0 32.7872 110.7704 -1.0679 36.5364 -1.1289
-0 32.7872 110.7704 -1.0679 36.5364 -1.1289
-0 32.7872 110.7704 -1.0679 36.5364 -1.1289
-0 32.7872 110.7704 -1.0679 36.5364 -1.1289
-0 32.7872 110.7704 -1.0679 36.5364 -1.1289
-0 32.7872 110.7704 -1.0679 36.5364 -1.1289
-0 32.7872 110.7704 -1.0679 36.5364 -1.1289
-0 32.7872 110.7704 -1.0679 36.5364 -1.1289
-0 32.7872 110.7704 -1.0679 36.5364 -1.1289
-0 32.7872 110.7704 -1.0679 36.5364 -1.1289
-0 32.7872 110.7704 -1.0679 36.5364 -1.1289
-0 32.7872 110.7704 -1.0679 36.5364 -1.1289
-0 32.7872 110.7704 -1.0679 36.5364 -1.1289
-0 32.7872 110.7704 -1.0679 36.5364 -1.1289
-0 32.7872 110.7704 -1.0679 36.5364 -1.1289
-0 32.7872 110.7704 -1.0679 36.5364 -1.1289
-0 32.7872 110.7704 -1.0679 36.5364 -1.1289
-0 32.7872 110.7704 -1.0679 36.5364 -1.1289
-0 32.7872 110.7704 -1.0679 36.5364 -1.1289
-0 32.7872 110.7704 -1.0679 36.5364 -1.1289
-0 32.7872 110.7704 -1.0679 36.5364 -1.1289
-0 32.7872 110.7704 -1.0679 36.5364 -1.1289
-0 32.7872 110.7704 -1.0679 36.5364 -1.1289
-0 32.7872 110.7704 -1.0679 36.5364 -1.1289
-0 32.7872 110.7704 -1.0679 36.5364 -1.1289
-0 32.7872 110.7704 -1.0679 36.5364 -1.1289
-0 32.7872 110.7704 -1.0679 36.5364 -1.1289
-0 32.7872 110.7704 -1.0679 36.5364 -1.1289
-0 32.7872 110.7704 -1.0679 36.5364 -1.1289
-0 32.7872 110.7704 -1.0679 36.5364 -1.1289
-0 32.7872 110.7704 -1.0679 36.5364 -1.1289
-0 32.7872 110.7704 -1.0679 36.5364 -1.1289
-0 32.7872 110.7704 -1.0679 36.5364 -1.1289
-0 32.7872 110.7704 -1.0679 36.5364 -1.1289
-0 32.7872 110.7704 -1.0679 36.5364 -1.1289
-0 32.7872 110.7704 -1.0679 36.5364 -1.1289
-0 32.7872 110.7704 -1.0679 36.5364 -1.1289
-0 32.7872 110.7704 -1.0679 36.5364 -1.1289
-0 32.7872 110.7704 -1.0679 36.5364 -1.1289
-0 32.7872 110.7704 -1.0679 36.5364 -1.1289
-0 32.7872 110.7704 -1.0679 36.5364 -1.1289
-0 32.7872 110.7704 -1.0679 36.5364 -1.1289
-0 32.7872 110.7704 -1.0679 36.5364 -1.1289
-0 32.7872 110.7704 -1.0679 36.5364 -1.1289
-0 32.7872 110.7704 -1.0679 36.5364 -1.1289
-0 32.7872 110.7704 -1.0679 36.5364 -1.1289
-0 32.7872 110.7704 -1.0679 36.5364 -1.1289
-0 32.7872 110.7704 -1.0679 36.5364 -1.1289
-0 32.7872 110.7704 -1.0679 36.5364 -1.1289
-0 32.7872 110.7704 -1.0679 36.5364 -1.1289
-0 32.7872 110.7704 -1.0679 36.5364 -1.1289
-0 32.7872 110.7704 -1.0679 36.5364 -1.1289
-0 32.7872 110.7704 -1.0679 36.5364 -1.1289
-0 32.7872 110.7704 -1.0679 36.5364 -1.1289
-0 32.7872 110.7704 -1.0679 36.5364 -1.1289
-0 32.7872 110.7704 -1.0679 36.5364 -1.1289
-0 32.7872 110.7704 -1.0679 36.5364 -1.1289
-0 32.7872 110.7704 -1.0679 36.5364 -1.1289
-0 32.7872 110.7704 -1.0679 36.5364 -1.1289
-0 32.7872 110.7704 -1.0679 36.5364 -1.1289
-0 32.7872 110.7704 -1.0679 36.5364 -1.1289
-0 32.7872 110.7704 -1.0679 36.5364 -1.1289
-0 32.7872 110.7704 -1.0679 36.5364 -1.1289
-0 32.7872 110.7704 -1.0679 36.5364 -1.1289
-0 32.7872 110.7704 -1.0679 36.5364 -1.1289
-0 32.7872 110.7704 -1.0679 36.5364 -1.1289
-0 32.7872 110.7704 -1.0679 36.5364 -1.1289
-0 32.7872 110.7704 -1.0679 36.5364 -1.1289
-0 32.7872 110.7704 -1.0679 36.5364 -1.1289
-0 32.7872 110.7704 -1.0679 36.5364 -1.1289
-0 32.7872 110.7704 -1.0679 36.5364 -1.1289
-0 32.7872 110.7704 -1.0679 36.5364 -1.1289
-0 32.7872 110.7704 -1.0679 36.5364 -1.1289
-0 32.7872 110.7704 -1.0679 36.5364 -1.1289
-0 32.7872 110.7704 -1.0679 36.5364 -1.1289
-0 32.7872 110.7704 -1.0679 36.5364 -1.1289
-0 32.7872 110.7704 -1.0679 36.5364 -1.1289
-0 32.7872 110.7704 -1.0679 36.5364 -1.1289
-0 32.7872 110.7704 -1.0679 36.5364 -1.1289
-0 32.7872 110.7704 -1.0679 36.5364 -1.1289
-0 32.7872 110.7704 -1.0679 36.5364 -1.1289
-0 32.7872 110.7704 -1.0679 36.5364 -1.1289
-0 32.7872 110.7704 -1.0679 36.5364 -1.1289
-0 32.7872 110.7704 -1.0679 36.5364 -1.1289
-0 32.7872 110.7704 -1.0679 36.5364 -1.1289
-0 32.7872 110.7704 -1.0679 36.5364 -1.1289
-0 32.7872 110.7704 -1.0679 36.5364 -1.1289
-0 32.7872 110.7704 -1.0679 36.5364 -1.1289
-0 32.7872 110.7704 -1.0679 36.5364 -1.1289
-0 32.7872 110.7704 -1.0679 36.5364 -1.1289
-0 32.7872 110.7704 -1.0679 36.5364 -1.1289
-0 32.7872 110.7704 -1.0679 36.5364 -1.1289
-0 32.7872 110.7704 -1.0679 36.5364 -1.1289
-0 32.7872 110.7704 -1.0679 36.5364 -1.1289
-0 32.7872 110.7704 -1.0679 36.5364 -1.1289
-0 32.7872 110.7704 -1.0679 36.5364 -1.1289
-0 32.7872 110.7704 -1.0679 36.5364 -1.1289
-0 32.7872 110.7704 -1.0679 36.5364 -1.1289
-0 32.7872 110.7704 -1.0679 36.5364 -1.1289
-0 32.7872 110.7704 -1.0679 36.5364 -1.1289
-0 32.7872 110.7704 -1.0679 36.5364 -1.1289
-0 32.7872 110.7704 -1.0679 36.5364 -1.1289
-0 32.7872 110.7704 -1.0679 36.5364 -1.1289
-0 32.7872 110.7704 -1.0679 36.5364 -1.1289
-0 32.7872 110.7704 -1.0679 36.5364 -1.1289
-0 32.7872 110.7704 -1.0679 36.5364 -1.1289
-0 32.7872 110.7704 -1.0679 36.5364 -1.1289
-0 32.7872 110.7704 -1.0679 36.5364 -1.1289
-0 32.7872 110.7704 -1.0679 36.5364 -1.1289
-0 32.7872 110.7704 -1.0679 36.5364 -1.1289
-0 32.7872 110.7704 -1.0679 36.5364 -1.1289
-0 32.7872 110.7704 -1.0679 36.5364 -1.1289
-0 32.7872 110.7704 -1.0679 36.5364 -1.1289
-0 32.7872 110.7704 -1.0679 36.5364 -1.1289
-0 32.7872 110.7704 -1.0679 36.5364 -1.1289
-0 32.7872 110.7704 -1.0679 36.5364 -1.1289
-0 32.7872 110.7704 -1.0679 36.5364 -1.1289
-0 32.7872 110.7704 -1.0679 36.5364 -1.1289
-0 32.7872 110.7704 -1.0679 36.5364 -1.1289
-0 32.7872 110.7704 -1.0679 36.5364 -1.1289
-0 32.7872 110.7704 -1.0679 36.5364 -1.1289
-0 32.7872 110.7704 -1.0679 36.5364 -1.1289
-0 32.7872 110.7704 -1.0679 36.5364 -1.1289
-0 32.7872 110.7704 -1.0679 36.5364 -1.1289
-0 32.7872 110.7704 -1.0679 36.5364 -1.1289
-0 32.7872 110.7704 -1.0679 36.5364 -1.1289
-0 32.7872 110.7704 -1.0679 36.5364 -1.1289
-0 32.7872 110.7704 -1.0679 36.5364 -1.1289
-0 32.7872 110.7704 -1.0679 36.5364 -1.1289
-0 32.7872 110.7704 -1.0679 36.5364 -1.1289
-0 32.7872 110.7704 -1.0679 36.5364 -1.1289
-0 32.7872 110.7704 -1.0679 36.5364 -1.1289
-0 32.7872 110.7704 -1.0679 36.5364 -1.1289
-0 32.7872 110.7704 -1.0679 36.5364 -1.1289
-0 32.7872 110.7704 -1.0679 36.5364 -1.1289
-0 32.7872 110.7704 -1.0679 36.5364 -1.1289
-0 32.7872 110.7704 -1.0679 36.5364 -1.1289
-0 32.7872 110.7704 -1.0679 36.5364 -1.1289
-0 32.7872 110.7704 -1.0679 36.5364 -1.1289
-0 32.7872 110.7704 -1.0679 36.5364 -1.1289
-0 32.7872 110.7704 -1.0679 36.5364 -1.1289
-0 32.7872 110.7704 -1.0679 36.5364 -1.1289
-0 32.7872 110.7704 -1.0679 36.5364 -1.1289
-0 32.7872 110.7704 -1.0679 36.5364 -1.1289
-0 32.7872 110.7704 -1.0679 36.5364 -1.1289
-0 32.7872 110.7704 -1.0679 36.5364 -1.1289
-0 32.7872 110.7704 -1.0679 36.5364 -1.1289
-0 32.7872 110.7704 -1.0679 36.5364 -1.1289
-0 32.7872 110.7704 -1.0679 36.5364 -1.1289
-0 32.7872 110.7704 -1.0679 36.5364 -1.1289
-0 32.7872 110.7704 -1.0679 36.5364 -1.1289
-0 32.7872 110.7704 -1.0679 36.5364 -1.1289
-0 32.7872 110.7704 -1.0679 36.5364 -1.1289
-0 32.7872 110.7704 -1.0679 36.5364 -1.1289
-0 32.7872 110.7704 -1.0679 36.5364 -1.1289
-0 32.7872 110.7704 -1.0679 36.5364 -1.1289
-0 32.7872 110.7704 -1.0679 36.5364 -1.1289
-0 32.7872 110.7704 -1.0679 36.5364 -1.1289
-0 32.7872 110.7704 -1.0679 36.5364 -1.1289
-0 32.7872 110.7704 -1.0679 36.5364 -1.1289
-0 32.7872 110.7704 -1.0679 36.5364 -1.1289
-0 32.7872 110.7704 -1.0679 36.5364 -1.1289
-0 32.7872 110.7704 -1.0679 36.5364 -1.1289
-0 32.7872 110.7704 -1.0679 36.5364 -1.1289
-0 32.7872 110.7704 -1.0679 36.5364 -1.1289
-0 32.7872 110.7704 -1.0679 36.5364 -1.1289
-0 32.7872 110.7704 -1.0679 36.5364 -1.1289
-0 32.7872 110.7704 -1.0679 36.5364 -1.1289
-0 32.7872 110.7704 -1.0679 36.5364 -1.1289
-0 32.7872 110.7704 -1.0679 36.5364 -1.1289
-0 32.7872 110.7704 -1.0679 36.5364 -1.1289
-0 32.7872 110.7704 -1.0679 36.5364 -1.1289
-0 32.7872 110.7704 -1.0679 36.5364 -1.1289
-0 32.7872 110.7704 -1.0679 36.5364 -1.1289
-0 32.7872 110.7704 -1.0679 36.5364 -1.1289
-0 32.7872 110.7704 -1.0679 36.5364 -1.1289
-0 32.7872 110.7704 -1.0679 36.5364 -1.1289
-0 32.7872 110.7704 -1.0679 36.5364 -1.1289
-0 32.7872 110.7704 -1.0679 36.5364 -1.1289
-0 32.7872 110.7704 -1.0679 36.5364 -1.1289
-0 32.7872 110.7704 -1.0679 36.5364 -1.1289
-0 32.7872 110.7704 -1.0679 36.5364 -1.1289
-0 32.7872 110.7704 -1.0679 36.5364 -1.1289
-0 32.7872 110.7704 -1.0679 36.5364 -1.1289
-0 32.7872 110.7704 -1.0679 36.5364 -1.1289
-0 32.7872 110.7704 -1.0679 36.5364 -1.1289
-0 32.7872 110.7704 -1.0679 36.5364 -1.1289
-0 32.7872 110.7704 -1.0679 36.5364 -1.1289
-0 32.7872 110.7704 -1.0679 36.5364 -1.1289
-0 32.7872 110.7704 -1.0679 36.5364 -1.1289
-0 32.7872 110.7704 -1.0679 36.5364 -1.1289
-0 32.7872 110.7704 -1.0679 36.5364 -1.1289
-0 32.7872 110.7704 -1.0679 36.5364 -1.1289
-0 32.7872 110.7704 -1.0679 36.5364 -1.1289
-0 32.7872 110.7704 -1.0679 36.5364 -1.1289
-0 32.7872 110.7704 -1.0679 36.5364 -1.1289
-0 32.7872 110.7704 -1.0679 36.5364 -1.1289
-0 32.7872 110.7704 -1.0679 36.5364 -1.1289
-0 32.7872 110.7704 -1.0679 36.5364 -1.1289
-0 32.7872 110.7704 -1.0679 36.5364 -1.1289
-0 32.7872 110.7704 -1.0679 36.5364 -1.1289
-0 32.7872 110.7704 -1.0679 36.5364 -1.1289
-0 32.7872 110.7704 -1.0679 36.5364 -1.1289
-0 32.7872 110.7704 -1.0679 36.5364 -1.1289
-0 32.7872 110.7704 -1.0679 36.5364 -1.1289
-0 32.7872 110.7704 -1.0679 36.5364 -1.1289
-0 32.7872 110.7704 -1.0679 36.5364 -1.1289
-0 32.7872 110.7704 -1.0679 36.5364 -1.1289
-0 32.7872 110.7704 -1.0679 36.5364 -1.1289
-0 32.7872 110.7704 -1.0679 36.5364 -1.1289
-0 32.7872 110.7704 -1.0679 36.5364 -1.1289
-0 32.7872 110.7704 -1.0679 36.5364 -1.1289
-0 32.7872 110.7704 -1.0679 36.5364 -1.1289
-0 32.7872 110.7704 -1.0679 36.5364 -1.1289
-0 32.7872 110.7704 -1.0679 36.5364 -1.1289
-0 32.7872 110.7704 -1.0679 36.5364 -1.1289
-0 32.7872 110.7704 -1.0679 36.5364 -1.1289
-0 32.7872 110.7704 -1.0679 36.5364 -1.1289
-0 32.7872 110.7704 -1.0679 36.5364 -1.1289
-0 32.7872 110.7704 -1.0679 36.5364 -1.1289
-0 32.7872 110.7704 -1.0679 36.5364 -1.1289
-0 32.7872 110.7704 -1.0679 36.5364 -1.1289
-0 32.7872 110.7704 -1.0679 36.5364 -1.1289
-0 32.7872 110.7704 -1.0679 36.5364 -1.1289
-0 32.7872 110.7704 -1.0679 36.5364 -1.1289
-0 32.7872 110.7704 -1.0679 36.5364 -1.1289
-0 32.7872 110.7704 -1.0679 36.5364 -1.1289
-0 32.7872 110.7704 -1.0679 36.5364 -1.1289
-0 32.7872 110.7704 -1.0679 36.5364 -1.1289
-0 32.7872 110.7704 -1.0679 36.5364 -1.1289
-0 32.7872 110.7704 -1.0679 36.5364 -1.1289
-0 32.7872 110.7704 -1.0679 36.5364 -1.1289
-0 32.7872 110.7704 -1.0679 36.5364 -1.1289
-0 32.7872 110.7704 -1.0679 36.5364 -1.1289
-0 32.7872 110.7704 -1.0679 36.5364 -1.1289
-0 32.7872 110.7704 -1.0679 36.5364 -1.1289
-0 32.7872 110.7704 -1.0679 36.5364 -1.1289
-0 32.7872 110.7704 -1.0679 36.5364 -1.1289
-0 32.7872 110.7704 -1.0679 36.5364 -1.1289
-0 32.7872 110.7704 -1.0679 36.5364 -1.1289
-0 32.7872 110.7704 -1.0679 36.5364 -1.1289
-0 32.7872 110.7704 -1.0679 36.5364 -1.1289
-0 32.7872 110.7704 -1.0679 36.5364 -1.1289
-0 32.7872 110.7704 -1.0679 36.5364 -1.1289
-0 32.7872 110.7704 -1.0679 36.5364 -1.1289
-0 32.7872 110.7704 -1.0679 36.5364 -1.1289
-0 32.7872 110.7704 -1.0679 36.5364 -1.1289
-0 32.7872 110.7704 -1.0679 36.5364 -1.1289
-0 32.7872 110.7704 -1.0679 36.5364 -1.1289
-0 32.7872 110.7704 -1.0679 36.5364 -1.1289
-0 32.7872 110.7704 -1.0679 36.5364 -1.1289
-0 32.7872 110.7704 -1.0679 36.5364 -1.1289
-0 32.7872 110.7704 -1.0679 36.5364 -1.1289
-0 32.7872 110.7704 -1.0679 36.5364 -1.1289
-0 32.7872 110.7704 -1.0679 36.5364 -1.1289
-0 32.7872 110.7704 -1.0679 36.5364 -1.1289
-0 32.7872 110.7704 -1.0679 36.5364 -1.1289
-0 32.7872 110.7704 -1.0679 36.5364 -1.1289
-0 32.7872 110.7704 -1.0679 36.5364 -1.1289
-0 32.7872 110.7704 -1.0679 36.5364 -1.1289
-0 32.7872 110.7704 -1.0679 36.5364 -1.1289
-0 32.7872 110.7704 -1.0679 36.5364 -1.1289
-0 32.7872 110.7704 -1.0679 36.5364 -1.1289
-0 32.7872 110.7704 -1.0679 36.5364 -1.1289
-0 32.7872 110.7704 -1.0679 36.5364 -1.1289
-0 32.7872 110.7704 -1.0679 36.5364 -1.1289
-0 32.7872 110.7704 -1.0679 36.5364 -1.1289
-0 32.7872 110.7704 -1.0679 36.5364 -1.1289
-0 32.7872 110.7704 -1.0679 36.5364 -1.1289
-0 32.7872 110.7704 -1.0679 36.5364 -1.1289
-0 32.7872 110.7704 -1.0679 36.5364 -1.1289
-0 32.7872 110.7704 -1.0679 36.5364 -1.1289
-0 32.7872 110.7704 -1.0679 36.5364 -1.1289
-0 32.7872 110.7704 -1.0679 36.5364 -1.1289
-0 32.7872 110.7704 -1.0679 36.5364 -1.1289
-0 32.7872 110.7704 -1.0679 36.5364 -1.1289
-0 32.7872 110.7704 -1.0679 36.5364 -1.1289
-0 32.7872 110.7704 -1.0679 36.5364 -1.1289
-0 32.7872 110.7704 -1.0679 36.5364 -1.1289
-0 32.7872 110.7704 -1.0679 36.5364 -1.1289
-0 32.7872 110.7704 -1.0679 36.5364 -1.1289
-0 32.7872 110.7704 -1.0679 36.5364 -1.1289
-0 32.7872 110.7704 -1.0679 36.5364 -1.1289
-0 32.7872 110.7704 -1.0679 36.5364 -1.1289
-0 32.7872 110.7704 -1.0679 36.5364 -1.1289
-0 32.7872 110.7704 -1.0679 36.5364 -1.1289
-0 32.7872 110.7704 -1.0679 36.5364 -1.1289
-0 32.7872 110.7704 -1.0679 36.5364 -1.1289
-0 32.7872 110.7704 -1.0679 36.5364 -1.1289
-0 32.7872 110.7704 -1.0679 36.5364 -1.1289
-0 32.7872 110.7704 -1.0679 36.5364 -1.1289
-0 32.7872 110.7704 -1.0679 36.5364 -1.1289
-0 32.7872 110.7704 -1.0679 36.5364 -1.1289
-0 32.7872 110.7704 -1.0679 36.5364 -1.1289
-0 32.7872 110.7704 -1.0679 36.5364 -1.1289
-0 32.7872 110.7704 -1.0679 36.5364 -1.1289
-0 32.7872 110.7704 -1.0679 36.5364 -1.1289
-0 32.7872 110.7704 -1.0679 36.5364 -1.1289
-0 32.7872 110.7704 -1.0679 36.5364 -1.1289
-0 32.7872 110.7704 -1.0679 36.5364 -1.1289
-0 32.7872 110.7704 -1.0679 36.5364 -1.1289
-0 32.7872 110.7704 -1.0679 36.5364 -1.1289
-0 32.7872 110.7704 -1.0679 36.5364 -1.1289
-0 32.7872 110.7704 -1.0679 36.5364 -1.1289
-0 32.7872 110.7704 -1.0679 36.5364 -1.1289
-0 32.7872 110.7704 -1.0679 36.5364 -1.1289
-0 32.7872 110.7704 -1.0679 36.5364 -1.1289
-0 32.7872 110.7704 -1.0679 36.5364 -1.1289
-0 32.7872 110.7704 -1.0679 36.5364 -1.1289
-0 32.7872 110.7704 -1.0679 36.5364 -1.1289
-0 32.7872 110.7704 -1.0679 36.5364 -1.1289
-0 32.7872 110.7704 -1.0679 36.5364 -1.1289
-0 32.7872 110.7704 -1.0679 36.5364 -1.1289
-0 32.7872 110.7704 -1.0679 36.5364 -1.1289
-0 32.7872 110.7704 -1.0679 36.5364 -1.1289
-0 32.7872 110.7704 -1.0679 36.5364 -1.1289
-0 32.7872 110.7704 -1.0679 36.5364 -1.1289
-0 32.7872 110.7704 -1.0679 36.5364 -1.1289
-0 32.7872 110.7704 -1.0679 36.5364 -1.1289
-0 32.7872 110.7704 -1.0679 36.5364 -1.1289
-0 32.7872 110.7704 -1.0679 36.5364 -1.1289
-0 32.7872 110.7704 -1.0679 36.5364 -1.1289
-0 32.7872 110.7704 -1.0679 36.5364 -1.1289
-0 32.7872 110.7704 -1.0679 36.5364 -1.1289
-0 32.7872 110.7704 -1.0679 36.5364 -1.1289
-0 32.7872 110.7704 -1.0679 36.5364 -1.1289
-0 32.7872 110.7704 -1.0679 36.5364 -1.1289
-0 32.7872 110.7704 -1.0679 36.5364 -1.1289
-0 32.7872 110.7704 -1.0679 36.5364 -1.1289
-0 32.7872 110.7704 -1.0679 36.5364 -1.1289
-0 32.7872 110.7704 -1.0679 36.5364 -1.1289
-0 32.7872 110.7704 -1.0679 36.5364 -1.1289
-0 32.7872 110.7704 -1.0679 36.5364 -1.1289
-0 32.7872 110.7704 -1.0679 36.5364 -1.1289
-0 32.7872 110.7704 -1.0679 36.5364 -1.1289
-0 32.7872 110.7704 -1.0679 36.5364 -1.1289
-0 32.7872 110.7704 -1.0679 36.5364 -1.1289
-0 32.7872 110.7704 -1.0679 36.5364 -1.1289
-0 32.7872 110.7704 -1.0679 36.5364 -1.1289
-0 32.7872 110.7704 -1.0679 36.5364 -1.1289
-0 32.7872 110.7704 -1.0679 36.5364 -1.1289
-0 32.7872 110.7704 -1.0679 36.5364 -1.1289
-0 32.7872 110.7704 -1.0679 36.5364 -1.1289
-0 32.7872 110.7704 -1.0679 36.5364 -1.1289
-0 32.7872 110.7704 -1.0679 36.5364 -1.1289
-0 32.7872 110.7704 -1.0679 36.5364 -1.1289
-0 32.7872 110.7704 -1.0679 36.5364 -1.1289
-0 32.7872 110.7704 -1.0679 36.5364 -1.1289
-0 32.7872 110.7704 -1.0679 36.5364 -1.1289
-0 32.7872 110.7704 -1.0679 36.5364 -1.1289
-0 32.7872 110.7704 -1.0679 36.5364 -1.1289
-0 32.7872 110.7704 -1.0679 36.5364 -1.1289
-0 32.7872 110.7704 -1.0679 36.5364 -1.1289
-0 32.7872 110.7704 -1.0679 36.5364 -1.1289
-0 32.7872 110.7704 -1.0679 36.5364 -1.1289
-0 32.7872 110.7704 -1.0679 36.5364 -1.1289
-0 32.7872 110.7704 -1.0679 36.5364 -1.1289
-0 32.7872 110.7704 -1.0679 36.5364 -1.1289
-0 32.7872 110.7704 -1.0679 36.5364 -1.1289
-0 32.7872 110.7704 -1.0679 36.5364 -1.1289
-0 32.7872 110.7704 -1.0679 36.5364 -1.1289
-0 32.7872 110.7704 -1.0679 36.5364 -1.1289
-0 32.7872 110.7704 -1.0679 36.5364 -1.1289
-0 32.7872 110.7704 -1.0679 36.5364 -1.1289
-0 32.7872 110.7704 -1.0679 36.5364 -1.1289
-0 32.7872 110.7704 -1.0679 36.5364 -1.1289
-0 32.7872 110.7704 -1.0679 36.5364 -1.1289
-0 32.7872 110.7704 -1.0679 36.5364 -1.1289
-0 32.7872 110.7704 -1.0679 36.5364 -1.1289
-0 32.7872 110.7704 -1.0679 36.5364 -1.1289
-0 32.7872 110.7704 -1.0679 36.5364 -1.1289
-0 32.7872 110.7704 -1.0679 36.5364 -1.1289
-0 32.7872 110.7704 -1.0679 36.5364 -1.1289
-0 32.7872 110.7704 -1.0679 36.5364 -1.1289
-0 32.7872 110.7704 -1.0679 36.5364 -1.1289
-0 32.7872 110.7704 -1.0679 36.5364 -1.1289
-0 32.7872 110.7704 -1.0679 36.5364 -1.1289
-0 32.7872 110.7704 -1.0679 36.5364 -1.1289
-0 32.7872 110.7704 -1.0679 36.5364 -1.1289
-0 32.7872 110.7704 -1.0679 36.5364 -1.1289
-0 32.7872 110.7704 -1.0679 36.5364 -1.1289
-0 32.7872 110.7704 -1.0679 36.5364 -1.1289
-0 32.7872 110.7704 -1.0679 36.5364 -1.1289
-0 32.7872 110.7704 -1.0679 36.5364 -1.1289
-0 32.7872 110.7704 -1.0679 36.5364 -1.1289
-0 32.7872 110.7704 -1.0679 36.5364 -1.1289
-0 32.7872 110.7704 -1.0679 36.5364 -1.1289
-0 32.7872 110.7704 -1.0679 36.5364 -1.1289
-0 32.7872 110.7704 -1.0679 36.5364 -1.1289
-0 32.7872 110.7704 -1.0679 36.5364 -1.1289
-0 32.7872 110.7704 -1.0679 36.5364 -1.1289
-0 32.7872 110.7704 -1.0679 36.5364 -1.1289
-0 32.7872 110.7704 -1.0679 36.5364 -1.1289
-0 32.7872 110.7704 -1.0679 36.5364 -1.1289
-0 32.7872 110.7704 -1.0679 36.5364 -1.1289
-0 32.7872 110.7704 -1.0679 36.5364 -1.1289
-0 32.7872 110.7704 -1.0679 36.5364 -1.1289
-0 32.7872 110.7704 -1.0679 36.5364 -1.1289
-0 32.7872 110.7704 -1.0679 36.5364 -1.1289
-0 32.7872 110.7704 -1.0679 36.5364 -1.1289
-0 32.7872 110.7704 -1.0679 36.5364 -1.1289
-0 32.7872 110.7704 -1.0679 36.5364 -1.1289
-0 32.7872 110.7704 -1.0679 36.5364 -1.1289
-0 32.7872 110.7704 -1.0679 36.5364 -1.1289
-0 32.7872 110.7704 -1.0679 36.5364 -1.1289
-0 32.7872 110.7704 -1.0679 36.5364 -1.1289
-0 32.7872 110.7704 -1.0679 36.5364 -1.1289
-0 32.7872 110.7704 -1.0679 36.5364 -1.1289
-0 32.7872 110.7704 -1.0679 36.5364 -1.1289
-0 32.7872 110.7704 -1.0679 36.5364 -1.1289
-0 32.7872 110.7704 -1.0679 36.5364 -1.1289
-0 32.7872 110.7704 -1.0679 36.5364 -1.1289
-0 32.7872 110.7704 -1.0679 36.5364 -1.1289
-0 32.7872 110.7704 -1.0679 36.5364 -1.1289
-0 32.7872 110.7704 -1.0679 36.5364 -1.1289
-0 32.7872 110.7704 -1.0679 36.5364 -1.1289
-0 32.7872 110.7704 -1.0679 36.5364 -1.1289
-0 32.7872 110.7704 -1.0679 36.5364 -1.1289
-0 32.7872 110.7704 -1.0679 36.5364 -1.1289
-0 32.7872 110.7704 -1.0679 36.5364 -1.1289
-0 32.7872 110.7704 -1.0679 36.5364 -1.1289
-0 32.7872 110.7704 -1.0679 36.5364 -1.1289
-0 32.7872 110.7704 -1.0679 36.5364 -1.1289
-0 32.7872 110.7704 -1.0679 36.5364 -1.1289
-0 32.7872 110.7704 -1.0679 36.5364 -1.1289
-0 32.7872 110.7704 -1.0679 36.5364 -1.1289
-0 32.7872 110.7704 -1.0679 36.5364 -1.1289
-0 32.7872 110.7704 -1.0679 36.5364 -1.1289
-0 32.7872 110.7704 -1.0679 36.5364 -1.1289
-0 32.7872 110.7704 -1.0679 36.5364 -1.1289
-0 32.7872 110.7704 -1.0679 36.5364 -1.1289
-0 32.7872 110.7704 -1.0679 36.5364 -1.1289
-0 32.7872 110.7704 -1.0679 36.5364 -1.1289
-0 32.7872 110.7704 -1.0679 36.5364 -1.1289
-0 32.7872 110.7704 -1.0679 36.5364 -1.1289
-0 32.7872 110.7704 -1.0679 36.5364 -1.1289
-0 32.7872 110.7704 -1.0679 36.5364 -1.1289
-0 32.7872 110.7704 -1.0679 36.5364 -1.1289
-0 32.7872 110.7704 -1.0679 36.5364 -1.1289
-0 32.7872 110.7704 -1.0679 36.5364 -1.1289
-0 32.7872 110.7704 -1.0679 36.5364 -1.1289
-0 32.7872 110.7704 -1.0679 36.5364 -1.1289
-0 32.7872 110.7704 -1.0679 36.5364 -1.1289
-0 32.7872 110.7704 -1.0679 36.5364 -1.1289
-0 32.7872 110.7704 -1.0679 36.5364 -1.1289
-0 32.7872 110.7704 -1.0679 36.5364 -1.1289
-0 32.7872 110.7704 -1.0679 36.5364 -1.1289
-0 32.7872 110.7704 -1.0679 36.5364 -1.1289
-0 32.7872 110.7704 -1.0679 36.5364 -1.1289
-0 32.7872 110.7704 -1.0679 36.5364 -1.1289
-0 32.7872 110.7704 -1.0679 36.5364 -1.1289
-0 32.7872 110.7704 -1.0679 36.5364 -1.1289
-0 32.7872 110.7704 -1.0679 36.5364 -1.1289
-0 32.7872 110.7704 -1.0679 36.5364 -1.1289
-0 32.7872 110.7704 -1.0679 36.5364 -1.1289
-0 32.7872 110.7704 -1.0679 36.5364 -1.1289
-0 32.7872 110.7704 -1.0679 36.5364 -1.1289
-0 32.7872 110.7704 -1.0679 36.5364 -1.1289
-0 32.7872 110.7704 -1.0679 36.5364 -1.1289
-0 32.7872 110.7704 -1.0679 36.5364 -1.1289
-0 32.7872 110.7704 -1.0679 36.5364 -1.1289
-0 32.7872 110.7704 -1.0679 36.5364 -1.1289
-0 32.7872 110.7704 -1.0679 36.5364 -1.1289
-0 32.7872 110.7704 -1.0679 36.5364 -1.1289
-0 32.7872 110.7704 -1.0679 36.5364 -1.1289
-0 32.7872 110.7704 -1.0679 36.5364 -1.1289
-0 32.7872 110.7704 -1.0679 36.5364 -1.1289
0.0007 32.787 110.7703 -1.0675 36.5367 -1.1286
0.0026 32.7865 110.77 -1.0663 36.5375 -1.1276
0.0059 32.7855 110.7695 -1.0643 36.5388 -1.1259
0.0104 32.7841 110.7688 -1.0615 36.5407 -1.1235
0.0162 32.7824 110.7679 -1.0579 36.5431 -1.1205
0.0233 32.7804 110.7668 -1.0536 36.546 -1.1169
0.0316 32.7779 110.7656 -1.0485 36.5495 -1.1126
0.0412 32.7751 110.7641 -1.0427 36.5534 -1.1076
0.052 32.772 110.7625 -1.0361 36.5578 -1.1021
0.064 32.7685 110.7607 -1.0287 36.5627 -1.0959
0.0771 32.7647 110.7587 -1.0206 36.568 -1.0891
0.0915 32.7605 110.7566 -1.0118 36.5739 -1.0816
0.1071 32.7561 110.7542 -1.0023 36.5802 -1.0736
0.1238 32.7513 110.7517 -0.992 36.5869 -1.065
0.1416 32.7462 110.749 -0.9811 36.5941 -1.0558
0.1606 32.7407 110.7461 -0.9694 36.6017 -1.046
0.1808 32.735 110.7431 -0.957 36.6098 -1.0356
0.202 32.729 110.7399 -0.944 36.6183 -1.0246
0.2244 32.7227 110.7365 -0.9303 36.6272 -1.0131
0.2478 32.7161 110.733 -0.9159 36.6365 -1.001
0.2723 32.7093 110.7293 -0.9008 36.6463 -0.9884
0.2979 32.7022 110.7255 -0.8851 36.6564 -0.9753
0.3246 32.6948 110.7215 -0.8687 36.6669 -0.9615
0.3522 32.6871 110.7173 -0.8517 36.6778 -0.9473
0.381 32.6792 110.713 -0.834 36.6891 -0.9325
0.4107 32.671 110.7085 -0.8157 36.7007 -0.9173
0.4414 32.6626 110.7039 -0.7968 36.7127 -0.9015
0.4732 32.654 110.6992 -0.7773 36.725 -0.8852
0.5059 32.6451 110.6943 -0.7571 36.7377 -0.8684
0.5396 32.636 110.6892 -0.7364 36.7508 -0.8511
0.5742 32.6267 110.684 -0.715 36.7641 -0.8333
0.6098 32.6171 110.6787 -0.6931 36.7778 -0.8151
0.6464 32.6074 110.6732 -0.6706 36.7918 -0.7964
0.6838 32.5975 110.6676 -0.6475 36.8061 -0.7772
0.7222 32.5873 110.6618 -0.6238 36.8207 -0.7575
0.7615 32.577 110.656 -0.5996 36.8356 -0.7374
0.8016 32.5665 110.65 -0.5748 36.8508 -0.7169
0.8427 32.5558 110.6438 -0.5495 36.8663 -0.6959
0.8845 32.5449 110.6376 -0.5236 36.882 -0.6745
0.9273 32.5338 110.6312 -0.4972 36.898 -0.6526
0.9709 32.5226 110.6247 -0.4703 36.9143 -0.6304
1.0153 32.5113 110.618 -0.4428 36.9308 -0.6077
1.0605 32.4998 110.6113 -0.4149 36.9475 -0.5846
1.1065 32.4881 110.6044 -0.3864 36.9645 -0.5612
1.1534 32.4763 110.5974 -0.3574 36.9817 -0.5373
1.201 32.4644 110.5903 -0.328 36.9992 -0.513
1.2493 32.4524 110.5831 -0.298 37.0168 -0.4884
1.2985 32.4402 110.5758 -0.2676 37.0347 -0.4634
1.3483 32.4279 110.5684 -0.2367 37.0527 -0.438
1.3989 32.4155 110.5609 -0.2054 37.071 -0.4123
1.4503 32.403 110.5532 -0.1736 37.0894 -0.3862
1.5023 32.3904 110.5455 -0.1413 37.108 -0.3598
1.555 32.3777 110.5376 -0.1086 37.1268 -0.333
1.6084 32.3649 110.5297 -0.0755 37.1457 -0.3059
1.6625 32.3521 110.5217 -0.0419 37.1648 -0.2785
1.7172 32.3392 110.5136 -0.008 37.1841 -0.2508
1.7726 32.3262 110.5053 0.0264 37.2034 -0.2227
1.8286 32.3131 110.497 0.0612 37.223 -0.1943
1.8853 32.3 110.4886 0.0964 37.2426 -0.1657
1.9425 32.2868 110.4802 0.132 37.2624 -0.1367
2.0004 32.2736 110.4716 0.168 37.2822 -0.1075
2.0588 32.2603 110.4629 0.2044 37.3022 -0.0779
2.1178 32.247 110.4542 0.2411 37.3223 -0.0482
2.1774 32.2337 110.4454 0.2782 37.3424 -0.0181
2.2375 32.2204 110.4365 0.3157 37.3627 0.0122
2.2982 32.207 110.4275 0.3535 37.383 0.0428
2.3594 32.1936 110.4185 0.3916 37.4034 0.0736
2.4211 32.1802 110.4094 0.4301 37.4238 0.1047
2.4833 32.1669 110.4002 0.469 37.4443 0.136
2.5461 32.1535 110.391 0.5081 37.4648 0.1675
2.6092 32.1401 110.3817 0.5476 37.4854 0.1993
2.6729 32.1268 110.3723 0.5873 37.506 0.2312
2.737 32.1135 110.3629 0.6274 37.5267 0.2634
2.8016 32.1002 110.3534 0.6678 37.5473 0.2957
2.8666 32.087 110.3438 0.7084 37.568 0.3283
2.932 32.0737 110.3342 0.7494 37.5886 0.361
2.9978 32.0606 110.3245 0.7906 37.6093 0.394
3.064 32.0475 110.3148 0.832 37.6299 0.4271
3.1306 32.0344 110.3051 0.8738 37.6506 0.4603
3.1976 32.0214 110.2953 0.9158 37.6711 0.4938
3.2649 32.0085 110.2854 0.958 37.6917 0.5273
3.3326 31.9957 110.2755 1.0005 37.7122 0.5611
3.4006 31.9829 110.2655 1.0432 37.7327 0.5949
3.4689 31.9703 110.2556 1.0861 37.7531 0.629
3.5375 31.9577 110.2455 1.1293 37.7734 0.6631
3.6065 31.9452 110.2355 1.1726 37.7937 0.6973
3.6757 31.9328 110.2254 1.2162 37.8139 0.7317
3.7452 31.9206 110.2152 1.26 37.834 0.7662
3.815 31.9084 110.2051 1.3039 37.854 0.8007
3.885 31.8964 110.1949 1.348 37.8739 0.8354
3.9553 31.8845 110.1847 1.3924 37.8937 0.8702
4.0258 31.8728 110.1744 1.4368 37.9134 0.905
4.0965 31.8611 110.1642 1.4815 37.933 0.9399
4.1674 31.8497 110.1539 1.5263 37.9524 0.9749
4.2385 31.8383 110.1436 1.5712 37.9717 1.0099
4.3098 31.8272 110.1332 1.6163 37.9909 1.045
4.3812 31.8162 110.1229 1.6615 38.0099 1.0802
4.4529 31.8054 110.1125 1.7069 38.0287 1.1154
4.5246 31.7947 110.1022 1.7523 38.0474 1.1506
4.5965 31.7842 110.0918 1.7979 38.0659 1.1858
4.6685 31.7739 110.0814 1.8436 38.0842 1.2211
4.7406 31.7638 110.071 1.8894 38.1024 1.2564
4.8128 31.7539 110.0606 1.9353 38.1203 1.2917
4.8851 31.7442 110.0502 1.9812 38.1381 1.327
4.9575 31.7348 110.0398 2.0273 38.1556 1.3623
5.0299 31.7255 110.0294 2.0734 38.1729 1.3976
5.1024 31.7164 110.019 2.1195 38.19 1.4328
5.1749 31.7076 110.0086 2.1658 38.2068 1.4681
5.2474 31.699 109.9983 2.212 38.2234 1.5033
5.3199 31.6907 109.9879 2.2584 38.2398 1.5384
5.3925 31.6826 109.9775 2.3047 38.2559 1.5735
5.465 31.6747 109.9672 2.3511 38.2718 1.6086
5.5375 31.6671 109.9568 2.3975 38.2873 1.6436
5.61 31.6598 109.9465 2.4439 38.3026 1.6786
5.6824 31.6527 109.9362 2.4904 38.3177 1.7135
5.7548 31.6459 109.9259 2.5368 38.3324 1.7483
5.8271 31.6394 109.9157 2.5832 38.3468 1.783
5.8993 31.6332 109.9055 2.6296 38.361 1.8176
5.9714 31.6273 109.8952 2.676 38.3748 1.8521
6.0434 31.6216 109.8851 2.7224 38.3883 1.8865
6.1153 31.6163 109.8749 2.7687 38.4014 1.9209
6.187 31.6113 109.8648 2.815 38.4143 1.9551
6.2586 31.6065 109.8547 2.8612 38.4267 1.9891
6.3301 31.6021 109.8447 2.9074 38.4389 2.0231
6.4014 31.5981 109.8347 2.9535 38.4507 2.0569
6.4725 31.5943 109.8247 2.9996 38.4621 2.0905
6.5434 31.5909 109.8148 3.0456 38.4731 2.124
6.6141 31.5879 109.8049 3.0915 38.4838 2.1574
6.6846 31.5852 109.7951 3.1373 38.4941 2.1906
6.7548 31.5828 109.7853 3.183 38.504 2.2236
6.8249 31.5808 109.7755 3.2286 38.5135 2.2564
6.8946 31.5792 109.7658 3.274 38.5226 2.2891
6.9641 31.5779 109.7562 3.3194 38.5312 2.3215
7.0334 31.5771 109.7466 3.3647 38.5395 2.3538
7.1023 31.5766 109.7371 3.4098 38.5473 2.3859
7.171 31.5765 109.7276 3.4547 38.5547 2.4177
7.2393 31.5768 109.7182 3.4996 38.5616 2.4494
7.3073 31.5775 109.7089 3.5442 38.5681 2.4808
7.375 31.5786 109.6996 3.5888 38.5741 2.512
7.4423 31.5801 109.6904 3.6331 38.5797 2.5429
7.5093 31.582 109.6813 3.6773 38.5848 2.5736
7.5759 31.5844 109.6722 3.7213 38.5894 2.6041
7.6421 31.5871 109.6632 3.7651 38.5935 2.6343
7.7079 31.5904 109.6543 3.8087 38.5971 2.6642
7.7733 31.594 109.6454 3.8521 38.6003 2.6939
7.8383 31.5982 109.6366 3.8952 38.6029 2.7232
7.9029 31.6027 109.628 3.9382 38.605 2.7523
7.967 31.6078 109.6193 3.981 38.6065 2.7812
8.0306 31.6132 109.6108 4.0235 38.6076 2.8097
8.0938 31.6192 109.6024 4.0658 38.6081 2.8379
8.1565 31.6256 109.594 4.1078 38.608 2.8658
8.2187 31.6326 109.5858 4.1496 38.6074 2.8934
8.2805 31.64 109.5776 4.1911 38.6063 2.9207
8.3417 31.6479 109.5695 4.2324 38.6045 2.9476
8.4023 31.6563 109.5615 4.2734 38.6022 2.9742
8.4625 31.6652 109.5536 4.3141 38.5994 3.0005
8.522 31.6746 109.5459 4.3545 38.5959 3.0264
8.5811 31.6846 109.5382 4.3946 38.5918 3.0519
8.6395 31.695 109.5306 4.4345 38.5871 3.0771
8.6974 31.706 109.5231 4.474 38.5818 3.1019
8.7546 31.7176 109.5157 4.5132 38.5759 3.1264
8.8113 31.7296 109.5085 4.5521 38.5694 3.1505
8.8673 31.7422 109.5013 4.5906 38.5622 3.1741
8.9227 31.7554 109.4943 4.6288 38.5544 3.1974
8.9774 31.7691 109.4874 4.6667 38.5459 3.2203
9.0315 31.7834 109.4805 4.7042 38.5368 3.2428
9.0849 31.7983 109.4739 4.7414 38.527 3.2648
9.1376 31.8137 109.4673 4.7782 38.5166 3.2864
9.1896 31.8297 109.4608 4.8147 38.5054 3.3077
9.2409 31.8463 109.4545 4.8507 38.4936 3.3284
9.2915 31.8635 109.4483 4.8864 38.4811 3.3487
9.3414 31.8813 109.4422 4.9217 38.4679 3.3686
9.3905 31.8997 109.4363 4.9565 38.454 3.388
9.4389 31.9187 109.4305 4.991 38.4394 3.407
9.4865 31.9384 109.4248 5.0251 38.424 3.4255
9.5333 31.9586 109.4193 5.0587 38.4079 3.4435
9.5794 31.9795 109.4139 5.0919 38.3911 3.4611
9.6246 32.001 109.4086 5.1247 38.3735 3.4781
9.669 32.0232 109.4035 5.1571 38.3552 3.4947
9.7126 32.0459 109.3985 5.189 38.3362 3.5107
9.7553 32.0694 109.3936 5.2204 38.3163 3.5263
9.7972 32.0935 109.389 5.2514 38.2957 3.5413
9.8383 32.1183 109.3844 5.2819 38.2743 3.5558
9.8784 32.1437 109.38 5.3119 38.2522 3.5698
9.9177 32.1698 109.3758 5.3415 38.2292 3.5832
9.956 32.1966 109.3717 5.3705 38.2054 3.5961
9.9935 32.2241 109.3678 5.3991 38.1808 3.6085
10.03 32.2522 109.364 5.4271 38.1554 3.6203
10.0656 32.2811 109.3604 5.4547 38.1292 3.6315
10.1003 32.3107 109.357 5.4817 38.1022 3.6422
10.134 32.3409 109.3537 5.5082 38.0743 3.6523
10.1667 32.3719 109.3506 5.5342 38.0455 3.6618
10.1984 32.4036 109.3476 5.5596 38.0159 3.6707
10.2292 32.4361 109.3448 5.5845 37.9855 3.6791
10.2589 32.4692 109.3422 5.6088 37.9542 3.6868
10.2876 32.5032 109.3398 5.6326 37.922 3.6939
10.3153 32.5378 109.3375 5.6558 37.8889 3.7004
10.342 32.5732 109.3355 5.6784 37.8549 3.7063
10.3675 32.6094 109.3336 5.7005 37.8201 3.7116
10.3921 32.6463 109.3318 5.7219 37.7843 3.7162
10.4155 32.684 109.3303 5.7428 37.7476 3.7202
10.4379 32.7224 109.329 5.7631 37.71 3.7236
10.4591 32.7617 109.3278 5.7827 37.6715 3.7262
10.4792 32.8017 109.3268 5.8018 37.632 3.7283
10.4982 32.8425 109.326 5.8202 37.5916 3.7296
10.5161 32.8841 109.3254 5.838 37.5503 3.7303
10.5328 32.9265 109.3251 5.8551 37.508 3.7303
10.5484 32.9697 109.3249 5.8716 37.4647 3.7297
10.5627 33.0138 109.3249 5.8875 37.4205 3.7283
10.5759 33.0586 109.3251 5.9027 37.3753 3.7262
10.5879 33.1043 109.3255 5.9172 37.3291 3.7234
10.5987 33.1508 109.3261 5.931 37.2819 3.7199
10.6082 33.1982 109.3269 5.9442 37.2337 3.7157
10.6166 33.2463 109.3279 5.9567 37.1845 3.7108
10.6236 33.2954 109.3291 5.9685 37.1343 3.7051
10.6295 33.3453 109.3306 5.9796 37.0831 3.6987
10.634 33.396 109.3322 5.99 37.0308 3.6915
10.6373 33.4476 109.3341 5.9997 36.9775 3.6836
10.6392 33.5001 109.3362 6.0086 36.9232 3.675
10.6399 33.5535 109.3385 6.0168 36.8678 3.6655
10.6399 33.6066 109.3409 6.0246 36.8126 3.6558
10.6399 33.6585 109.3431 6.0322 36.7588 3.6463
10.6399 33.709 109.3452 6.0396 36.7065 3.6371
10.6399 33.7582 109.3472 6.0469 36.6555 3.628
10.6399 33.8062 109.349 6.0539 36.6061 3.6193
10.6399 33.8527 109.3508 6.0608 36.558 3.6107
10.6399 33.898 109.3524 6.0675 36.5113 3.6024
10.6399 33.9419 109.354 6.074 36.4661 3.5943
10.6399 33.9846 109.3554 6.0803 36.4223 3.5864
10.6399 34.0258 109.3568 6.0864 36.3799 3.5788
10.6399 34.0658 109.3581 6.0924 36.3388 3.5714
10.6399 34.1044 109.3593 6.0981 36.2993 3.5643
10.6399 34.1417 109.3604 6.1037 36.2611 3.5574
10.6399 34.1776 109.3615 6.1091 36.2243 3.5507
10.6399 34.2123 109.3624 6.1142 36.1889 3.5443
10.6399 34.2455 109.3633 6.1192 36.1549 3.5382
10.6399 34.2774 109.3642 6.124 36.1224 3.5322
10.6399 34.308 109.365 6.1286 36.0912 3.5266
10.6399 34.3372 109.3657 6.133 36.0614 3.5211
10.6399 34.3651 109.3664 6.1372 36.033 3.5159
10.6399 34.3916 109.367 6.1412 36.006 3.511
10.6399 34.4168 109.3676 6.145 35.9804 3.5063
10.6399 34.4406 109.3681 6.1485 35.9562 3.5019
10.6399 34.4631 109.3686 6.1519 35.9334 3.4977
10.6399 34.4842 109.369 6.1551 35.9119 3.4937
10.6399 34.504 109.3694 6.1581 35.8919 3.4901
10.6399 34.5224 109.3698 6.1609 35.8732 3.4866
10.6399 34.5394 109.3701 6.1635 35.856 3.4834
10.6399 34.5551 109.3704 6.1659 35.8401 3.4805
10.6399 34.5694 109.3707 6.168 35.8256 3.4778
10.6399 34.5824 109.3709 6.17 35.8125 3.4754
10.6399 34.594 109.3711 6.1717 35.8007 3.4732
10.6399 34.6042 109.3713 6.1733 35.7904 3.4713
10.6399 34.6131 109.3715 6.1746 35.7814 3.4697
10.6399 34.6206 109.3716 6.1758 35.7738 3.4683
10.6399 34.6267 109.3717 6.1767 35.7676 3.4671
10.6399 34.6315 109.3718 6.1774 35.7628 3.4662
10.6399 34.6349 109.3719 6.178 35.7593 3.4656
10.6399 34.6369 109.3719 6.1783 35.7572 3.4652
10.6399 34.6376 109.3719 6.1784 35.7565 3.4651
10.6399 34.6369 109.3719 6.1783 35.7572 3.4652
10.6399 34.6349 109.3719 6.178 35.7593 3.4656
10.6399 34.6315 109.3718 6.1774 35.7628 3.4662
10.6399 34.6267 109.3717 6.1767 35.7676 3.4671
10.6399 34.6206 109.3716 6.1758 35.7738 3.4683
10.6399 34.6131 109.3715 6.1746 35.7814 3.4697
10.6399 34.6042 109.3713 6.1733 35.7904 3.4713
10.6399 34.594 109.3711 6.1717 35.8007 3.4732
10.6399 34.5824 109.3709 6.17 35.8125 3.4754
10.6399 34.5694 109.3707 6.168 35.8256 3.4778
10.6399 34.5551 109.3704 6.1659 35.8401 3.4805
10.6399 34.5394 109.3701 6.1635 35.856 3.4834
10.6399 34.5224 109.3698 6.1609 35.8732 3.4866
10.6399 34.504 109.3694 6.1581 35.8919 3.4901
10.6399 34.4842 109.369 6.1551 35.9119 3.4937
10.6399 34.4631 109.3686 6.1519 35.9334 3.4977
10.6399 34.4406 109.3681 6.1485 35.9562 3.5019
10.6399 34.4168 109.3676 6.145 35.9804 3.5063
10.6399 34.3916 109.367 6.1412 36.006 3.511
10.6399 34.3651 109.3664 6.1372 36.033 3.5159
10.6399 34.3372 109.3657 6.133 36.0614 3.5211
10.6399 34.308 109.365 6.1286 36.0912 3.5266
10.6399 34.2774 109.3642 6.124 36.1224 3.5322
10.6399 34.2455 109.3633 6.1192 36.1549 3.5382
10.6399 34.2123 109.3624 6.1142 36.1889 3.5443
10.6399 34.1776 109.3615 6.1091 36.2243 3.5507
10.6399 34.1417 109.3604 6.1037 36.2611 3.5574
10.6399 34.1044 109.3593 6.0981 36.2993 3.5643
10.6399 34.0658 109.3581 6.0924 36.3388 3.5714
10.6399 34.0258 109.3568 6.0864 36.3799 3.5788
10.6399 33.9846 109.3554 6.0803 36.4223 3.5864
10.6399 33.9419 109.354 6.074 36.4661 3.5943
10.6399 33.898 109.3524 6.0675 36.5113 3.6024
10.6399 33.8527 109.3508 6.0608 36.558 3.6107
10.6399 33.8062 109.349 6.0539 36.6061 3.6193
10.6399 33.7582 109.3472 6.0469 36.6555 3.628
10.6399 33.709 109.3452 6.0396 36.7065 3.6371
10.6399 33.6585 109.3431 6.0322 36.7588 3.6463
10.6399 33.6066 109.3409 6.0246 36.8126 3.6558
10.6399 33.5535 109.3385 6.0168 36.8678 3.6655
10.6399 33.4999 109.3361 6.009 36.9234 3.6753
10.6399 33.4469 109.3337 6.0013 36.9786 3.685
10.6399 33.3943 109.3313 5.9936 37.0332 3.6946
10.6399 33.3422 109.329 5.986 37.0874 3.7041
10.6399 33.2906 109.3267 5.9784 37.141 3.7135
10.6399 33.2395 109.3244 5.971 37.1941 3.7229
10.6399 33.1888 109.3221 5.9636 37.2467 3.7321
10.6399 33.1387 109.3198 5.9563 37.2988 3.7412
10.6399 33.089 109.3176 5.949 37.3504 3.7503
10.6399 33.0399 109.3154 5.9418 37.4015 3.7593
10.6399 32.9912 109.3132 5.9347 37.4521 3.7682
10.6399 32.943 109.311 5.9277 37.5022 3.777
10.6399 32.8953 109.3089 5.9207 37.5517 3.7857
10.6399 32.8481 109.3068 5.9138 37.6008 3.7943
10.6399 32.8014 109.3047 5.907 37.6493 3.8028
10.6399 32.7552 109.3026 5.9002 37.6974 3.8113
10.6399 32.7095 109.3005 5.8936 37.7449 3.8196
10.6399 32.6642 109.2985 5.887 37.7919 3.8279
10.6399 32.6195 109.2965 5.8804 37.8384 3.836
10.6399 32.5752 109.2945 5.874 37.8844 3.8441
10.6399 32.5314 109.2925 5.8676 37.9299 3.8521
10.6399 32.4881 109.2906 5.8612 37.9749 3.86
10.6399 32.4453 109.2887 5.855 38.0194 3.8678
10.6399 32.403 109.2867 5.8488 38.0634 3.8756
10.6399 32.3612 109.2849 5.8427 38.1068 3.8832
10.6399 32.3199 109.283 5.8367 38.1498 3.8907
10.6399 32.279 109.2812 5.8307 38.1922 3.8982
10.6399 32.2387 109.2794 5.8248 38.2342 3.9056
10.6399 32.1988 109.2776 5.819 38.2756 3.9128
10.6399 32.1594 109.2758 5.8132 38.3165 3.92
10.6399 32.1205 109.274 5.8075 38.3569 3.9271
10.6399 32.0821 109.2723 5.8019 38.3968 3.9341
10.6399 32.0442 109.2706 5.7964 38.4362 3.9411
10.6399 32.0068 109.2689 5.7909 38.4751 3.9479
10.6399 31.9699 109.2673 5.7855 38.5135 3.9546
10.6399 31.9334 109.2656 5.7802 38.5514 3.9613
10.6399 31.8975 109.264 5.775 38.5887 3.9679
10.6399 31.862 109.2624 5.7698 38.6256 3.9743
10.6399 31.827 109.2608 5.7647 38.6619 3.9807
10.6399 31.7926 109.2593 5.7596 38.6978 3.987
10.6399 31.7586 109.2578 5.7547 38.7331 3.9932
10.6399 31.7251 109.2563 5.7498 38.7679 3.9993
10.6399 31.692 109.2548 5.745 38.8022 4.0054
10.6399 31.6595 109.2533 5.7402 38.836 4.0113
10.6399 31.6275 109.2519 5.7355 38.8693 4.0171
10.6399 31.5959 109.2504 5.7309 38.9021 4.0229
10.6399 31.5649 109.2491 5.7264 38.9344 4.0286
10.6399 31.5343 109.2477 5.7219 38.9662 4.0342
10.6399 31.5042 109.2463 5.7175 38.9974 4.0397
10.6399 31.4746 109.245 5.7132 39.0282 4.0451
10.6399 31.4455 109.2437 5.709 39.0584 4.0504
10.6399 31.4169 109.2424 5.7048 39.0882 4.0556
10.6399 31.3888 109.2411 5.7007 39.1174 4.0607
10.6399 31.3611 109.2399 5.6966 39.1461 4.0658
10.6399 31.334 109.2387 5.6927 39.1743 4.0707
10.6399 31.3073 109.2375 5.6888 39.202 4.0756
10.6399 31.2812 109.2363 5.6849 39.2292 4.0804
10.6399 31.2555 109.2351 5.6812 39.2559 4.0851
10.6399 31.2303 109.234 5.6775 39.2821 4.0897
10.6399 31.2056 109.2329 5.6739 39.3078 4.0942
10.6399 31.1814 109.2318 5.6704 39.3329 4.0986
10.6399 31.1576 109.2307 5.6669 39.3576 4.1029
10.6399 31.1344 109.2297 5.6635 39.3817 4.1072
10.6399 31.1117 109.2287 5.6602 39.4054 4.1113
10.6399 31.0894 109.2277 5.6569 39.4285 4.1154
10.6399 31.0676 109.2267 5.6538 39.4511 4.1194
10.6399 31.0464 109.2257 5.6507 39.4732 4.1232
10.6399 31.0256 109.2248 5.6476 39.4948 4.127
10.6399 31.0053 109.2239 5.6447 39.5159 4.1307
10.6399 30.9855 109.223 5.6418 39.5365 4.1344
10.6399 30.9661 109.2221 5.6389 39.5566 4.1379
10.6399 30.9473 109.2213 5.6362 39.5762 4.1413
10.6399 30.929 109.2204 5.6335 39.5952 4.1447
10.6399 30.9111 109.2196 5.6309 39.6138 4.1479
10.6399 30.8938 109.2189 5.6284 39.6318 4.1511
10.6399 30.8769 109.2181 5.6259 39.6494 4.1542
10.6399 30.8605 109.2174 5.6235 39.6664 4.1572
10.6399 30.8446 109.2167 5.6212 39.6829 4.1601
10.6399 30.8292 109.216 5.6189 39.6989 4.1629
10.6399 30.8143 109.2153 5.6168 39.7144 4.1656
10.6399 30.7998 109.2146 5.6146 39.7294 4.1682
10.6399 30.7859 109.214 5.6126 39.7439 4.1708
10.6399 30.7724 109.2134 5.6106 39.7579 4.1733
10.6399 30.7595 109.2128 5.6088 39.7714 4.1756
10.6399 30.747 109.2123 5.6069 39.7843 4.1779
10.6399 30.735 109.2117 5.6052 39.7968 4.1801
10.6399 30.7235 109.2112 5.6035 39.8087 4.1822
10.6399 30.7125 109.2107 5.6019 39.8202 4.1842
10.6399 30.702 109.2102 5.6004 39.8311 4.1861
10.6399 30.692 109.2098 5.5989 39.8415 4.1879
10.6399 30.6824 109.2094 5.5975 39.8514 4.1897
10.6399 30.6734 109.209 5.5962 39.8608 4.1913
10.6399 30.6648 109.2086 5.5949 39.8697 4.1929
10.6399 30.6568 109.2082 5.5937 39.8781 4.1944
10.6399 30.6492 109.2079 5.5926 39.886 4.1958
10.6399 30.6421 109.2075 5.5916 39.8934 4.197
10.6399 30.6355 109.2072 5.5906 39.9002 4.1983
10.6399 30.6294 109.207 5.5897 39.9066 4.1994
10.6399 30.6237 109.2067 5.5889 39.9124 4.2004
10.6399 30.6186 109.2065 5.5882 39.9178 4.2013
10.6399 30.614 109.2063 5.5875 39.9226 4.2022
10.6399 30.6098 109.2061 5.5869 39.9269 4.2029
10.6399 30.6061 109.2059 5.5864 39.9307 4.2036
10.6399 30.603 109.2058 5.5859 39.934 4.2042
10.6399 30.6003 109.2057 5.5855 39.9368 4.2047
10.6399 30.5981 109.2056 5.5852 39.9391 4.2051
10.6399 30.5964 109.2055 5.5849 39.9409 4.2054
10.6399 30.5951 109.2054 5.5847 39.9422 4.2056
10.6399 30.5944 109.2054 5.5846 39.9429 4.2058
10.6399 30.5941 109.2054 5.5846 39.9432 4.2058
10.6399 30.5944 109.2054 5.5846 39.9429 4.2058
10.6399 30.5951 109.2054 5.5847 39.9422 4.2056
10.6399 30.5964 109.2055 5.5849 39.9409 4.2054
10.6399 30.5981 109.2056 5.5852 39.9391 4.2051
10.6399 30.6003 109.2057 5.5855 39.9368 4.2047
10.6399 30.603 109.2058 5.5859 39.934 4.2042
10.6399 30.6061 109.2059 5.5864 39.9307 4.2036
10.6399 30.6098 109.2061 5.5869 39.9269 4.2029
10.6399 30.614 109.2063 5.5875 39.9226 4.2022
10.6399 30.6186 109.2065 5.5882 39.9178 4.2013
10.6399 30.6237 109.2067 5.5889 39.9124 4.2004
10.6399 30.6294 109.207 5.5897 39.9066 4.1994
10.6399 30.6355 109.2072 5.5906 39.9002 4.1983
10.6399 30.6421 109.2075 5.5916 39.8934 4.197
10.6399 30.6492 109.2079 5.5926 39.886 4.1958
10.6399 30.6568 109.2082 5.5937 39.8781 4.1944
10.6399 30.6648 109.2086 5.5949 39.8697 4.1929
10.6399 30.6734 109.209 5.5962 39.8608 4.1913
10.6399 30.6824 109.2094 5.5975 39.8514 4.1897
10.6399 30.692 109.2098 5.5989 39.8415 4.1879
10.6399 30.702 109.2102 5.6004 39.8311 4.1861
10.6399 30.7125 109.2107 5.6019 39.8202 4.1842
10.6399 30.7235 109.2112 5.6035 39.8087 4.1822
10.6399 30.735 109.2117 5.6052 39.7968 4.1801
10.6399 30.747 109.2123 5.6069 39.7843 4.1779
10.6399 30.7595 109.2128 5.6088 39.7714 4.1756
10.6399 30.7724 109.2134 5.6106 39.7579 4.1733
10.6399 30.7859 109.214 5.6126 39.7439 4.1708
10.6399 30.7998 109.2146 5.6146 39.7294 4.1682
10.6399 30.8143 109.2153 5.6168 39.7144 4.1656
10.6399 30.8292 109.216 5.6189 39.6989 4.1629
10.6399 30.8446 109.2167 5.6212 39.6829 4.1601
10.6399 30.8605 109.2174 5.6235 39.6664 4.1572
10.6399 30.8769 109.2181 5.6259 39.6494 4.1542
10.6399 30.8938 109.2189 5.6284 39.6318 4.1511
10.6399 30.9111 109.2196 5.6309 39.6138 4.1479
10.6399 30.929 109.2204 5.6335 39.5952 4.1447
10.6399 30.9473 109.2213 5.6362 39.5762 4.1413
10.6399 30.9661 109.2221 5.6389 39.5566 4.1379
10.6399 30.9855 109.223 5.6418 39.5365 4.1344
10.6399 31.0053 109.2239 5.6447 39.5159 4.1307
10.6399 31.0256 109.2248 5.6476 39.4948 4.127
10.6399 31.0464 109.2257 5.6507 39.4732 4.1232
10.6399 31.0676 109.2267 5.6538 39.4511 4.1194
10.6399 31.0894 109.2277 5.6569 39.4285 4.1154
10.6399 31.1117 109.2287 5.6602 39.4054 4.1113
10.6399 31.1344 109.2297 5.6635 39.3817 4.1072
10.6399 31.1576 109.2307 5.6669 39.3576 4.1029
10.6399 31.1814 109.2318 5.6704 39.3329 4.0986
10.6399 31.2056 109.2329 5.6739 39.3078 4.0942
10.6399 31.2303 109.234 5.6775 39.2821 4.0897
10.6399 31.2555 109.2351 5.6812 39.2559 4.0851
10.6399 31.2812 109.2363 5.6849 39.2292 4.0804
10.6399 31.3073 109.2375 5.6888 39.202 4.0756
10.6399 31.334 109.2387 5.6927 39.1743 4.0707
10.6399 31.3611 109.2399 5.6966 39.1461 4.0658
10.6399 31.3888 109.2411 5.7007 39.1174 4.0607
10.6399 31.4169 109.2424 5.7048 39.0882 4.0556
10.6399 31.4455 109.2437 5.709 39.0584 4.0504
10.6399 31.4746 109.245 5.7132 39.0282 4.0451
10.6399 31.5042 109.2463 5.7175 38.9974 4.0397
10.6399 31.5343 109.2477 5.7219 38.9662 4.0342
10.6399 31.5649 109.2491 5.7264 38.9344 4.0286
10.6399 31.5959 109.2504 5.7309 38.9021 4.0229
10.6399 31.6275 109.2519 5.7355 38.8693 4.0171
10.6399 31.6595 109.2533 5.7402 38.836 4.0113
10.6399 31.692 109.2548 5.745 38.8022 4.0054
10.6399 31.7251 109.2563 5.7498 38.7679 3.9993
10.6399 31.7586 109.2578 5.7547 38.7331 3.9932
10.6399 31.7926 109.2593 5.7596 38.6978 3.987
10.6399 31.827 109.2608 5.7647 38.6619 3.9807
10.6399 31.862 109.2624 5.7698 38.6256 3.9743
10.6399 31.8975 109.264 5.775 38.5887 3.9679
10.6399 31.9334 109.2656 5.7802 38.5514 3.9613
10.6399 31.9699 109.2673 5.7855 38.5135 3.9546
10.6399 32.0068 109.2689 5.7909 38.4751 3.9479
10.6399 32.0442 109.2706 5.7964 38.4362 3.9411
10.6399 32.0821 109.2723 5.8019 38.3968 3.9341
10.6399 32.1205 109.274 5.8075 38.3569 3.9271
10.6399 32.1594 109.2758 5.8132 38.3165 3.92
10.6399 32.1988 109.2776 5.819 38.2756 3.9128
10.6399 32.2387 109.2794 5.8248 38.2342 3.9056
10.6399 32.279 109.2812 5.8307 38.1922 3.8982
10.6399 32.3199 109.283 5.8367 38.1498 3.8907
10.6399 32.3612 109.2849 5.8427 38.1068 3.8832
10.6399 32.403 109.2867 5.8488 38.0634 3.8756
10.6399 32.4453 109.2887 5.855 38.0194 3.8678
10.6399 32.4881 109.2906 5.8612 37.9749 3.86
10.6399 32.5314 109.2925 5.8676 37.9299 3.8521
10.6399 32.5752 109.2945 5.874 37.8844 3.8441
10.6399 32.6195 109.2965 5.8804 37.8384 3.836
10.6399 32.6642 109.2985 5.887 37.7919 3.8279
10.6399 32.7095 109.3005 5.8936 37.7449 3.8196
10.6399 32.7552 109.3026 5.9002 37.6974 3.8113
10.6399 32.8014 109.3047 5.907 37.6493 3.8028
10.6399 32.8481 109.3068 5.9138 37.6008 3.7943
10.6399 32.8953 109.3089 5.9207 37.5517 3.7857
10.6399 32.943 109.311 5.9277 37.5022 3.777
10.6399 32.9912 109.3132 5.9347 37.4521 3.7682
10.6399 33.0399 109.3154 5.9418 37.4015 3.7593
10.6399 33.089 109.3176 5.949 37.3504 3.7503
10.6399 33.1387 109.3198 5.9563 37.2988 3.7412
10.6399 33.1888 109.3221 5.9636 37.2467 3.7321
10.6399 33.2395 109.3244 5.971 37.1941 3.7229
10.6399 33.2906 109.3267 5.9784 37.141 3.7135
10.6399 33.3422 109.329 5.986 37.0874 3.7041
10.6399 33.3943 109.3313 5.9936 37.0332 3.6946
10.6399 33.4469 109.3337 6.0013 36.9786 3.685
10.6399 33.4999 109.3361 6.009 36.9234 3.6753
10.6399 33.5535 109.3385 6.0168 36.8678 3.6655
10.6399 33.6066 109.3409 6.0246 36.8126 3.6558
10.6399 33.6585 109.3431 6.0322 36.7588 3.6463
10.6399 33.709 109.3452 6.0396 36.7065 3.6371
10.6399 33.7582 109.3472 6.0469 36.6555 3.628
10.6399 33.8062 109.349 6.0539 36.6061 3.6193
10.6399 33.8527 109.3508 6.0608 36.558 3.6107
10.6399 33.898 109.3524 6.0675 36.5113 3.6024
10.6399 33.9419 109.354 6.074 36.4661 3.5943
10.6399 33.9846 109.3554 6.0803 36.4223 3.5864
10.6399 34.0258 109.3568 6.0864 36.3799 3.5788
10.6399 34.0658 109.3581 6.0924 36.3388 3.5714
10.6399 34.1044 109.3593 6.0981 36.2993 3.5643
10.6399 34.1417 109.3604 6.1037 36.2611 3.5574
10.6399 34.1776 109.3615 6.1091 36.2243 3.5507
10.6399 34.2123 109.3624 6.1142 36.1889 3.5443
10.6399 34.2455 109.3633 6.1192 36.1549 3.5382
10.6399 34.2774 109.3642 6.124 36.1224 3.5322
10.6399 34.308 109.365 6.1286 36.0912 3.5266
10.6399 34.3372 109.3657 6.133 36.0614 3.5211
10.6399 34.3651 109.3664 6.1372 36.033 3.5159
10.6399 34.3916 109.367 6.1412 36.006 3.511
10.6399 34.4168 109.3676 6.145 35.9804 3.5063
10.6399 34.4406 109.3681 6.1485 35.9562 3.5019
10.6399 34.4631 109.3686 6.1519 35.9334 3.4977
10.6399 34.4842 109.369 6.1551 35.9119 3.4937
10.6399 34.504 109.3694 6.1581 35.8919 3.4901
10.6399 34.5224 109.3698 6.1609 35.8732 3.4866
10.6399 34.5394 109.3701 6.1635 35.856 3.4834
10.6399 34.5551 109.3704 6.1659 35.8401 3.4805
10.6399 34.5694 109.3707 6.168 35.8256 3.4778
10.6399 34.5824 109.3709 6.17 35.8125 3.4754
10.6399 34.594 109.3711 6.1717 35.8007 3.4732
10.6399 34.6042 109.3713 6.1733 35.7904 3.4713
10.6399 34.6131 109.3715 6.1746 35.7814 3.4697
10.6399 34.6206 109.3716 6.1758 35.7738 3.4683
10.6399 34.6267 109.3717 6.1767 35.7676 3.4671
10.6399 34.6315 109.3718 6.1774 35.7628 3.4662
10.6399 34.6349 109.3719 6.178 35.7593 3.4656
10.6399 34.6369 109.3719 6.1783 35.7572 3.4652
10.6399 34.6376 109.3719 6.1784 35.7565 3.4651
10.6399 34.6369 109.3719 6.1783 35.7572 3.4652
10.6399 34.6349 109.3719 6.178 35.7593 3.4656
10.6399 34.6315 109.3718 6.1774 35.7628 3.4662
10.6399 34.6267 109.3717 6.1767 35.7676 3.4671
10.6399 34.6206 109.3716 6.1758 35.7738 3.4683
10.6399 34.6131 109.3715 6.1746 35.7814 3.4697
10.6399 34.6042 109.3713 6.1733 35.7904 3.4713
10.6399 34.594 109.3711 6.1717 35.8007 3.4732
10.6399 34.5824 109.3709 6.17 35.8125 3.4754
10.6399 34.5694 109.3707 6.168 35.8256 3.4778
10.6399 34.5551 109.3704 6.1659 35.8401 3.4805
10.6399 34.5394 109.3701 6.1635 35.856 3.4834
10.6399 34.5224 109.3698 6.1609 35.8732 3.4866
10.6399 34.504 109.3694 6.1581 35.8919 3.4901
10.6399 34.4842 109.369 6.1551 35.9119 3.4937
10.6399 34.4631 109.3686 6.1519 35.9334 3.4977
10.6399 34.4406 109.3681 6.1485 35.9562 3.5019
10.6399 34.4168 109.3676 6.145 35.9804 3.5063
10.6399 34.3916 109.367 6.1412 36.006 3.511
10.6399 34.3651 109.3664 6.1372 36.033 3.5159
10.6399 34.3372 109.3657 6.133 36.0614 3.5211
10.6399 34.308 109.365 6.1286 36.0912 3.5266
10.6399 34.2774 109.3642 6.124 36.1224 3.5322
10.6399 34.2455 109.3633 6.1192 36.1549 3.5382
10.6399 34.2123 109.3624 6.1142 36.1889 3.5443
10.6399 34.1776 109.3615 6.1091 36.2243 3.5507
10.6399 34.1417 109.3604 6.1037 36.2611 3.5574
10.6399 34.1044 109.3593 6.0981 36.2993 3.5643
10.6399 34.0658 109.3581 6.0924 36.3388 3.5714
10.6399 34.0258 109.3568 6.0864 36.3799 3.5788
10.6399 33.9846 109.3554 6.0803 36.4223 3.5864
10.6399 33.9419 109.354 6.074 36.4661 3.5943
10.6399 33.898 109.3524 6.0675 36.5113 3.6024
10.6399 33.8527 109.3508 6.0608 36.558 3.6107
10.6399 33.8062 109.349 6.0539 36.6061 3.6193
10.6399 33.7582 109.3472 6.0469 36.6555 3.628
10.6399 33.709 109.3452 6.0396 36.7065 3.6371
10.6399 33.6585 109.3431 6.0322 36.7588 3.6463
10.6399 33.6066 109.3409 6.0246 36.8126 3.6558
10.6399 33.5535 109.3385 6.0168 36.8678 3.6655
10.6392 33.4999 109.3362 6.0086 36.9234 3.6749
10.6373 33.4467 109.3341 5.9997 36.9785 3.6836
10.634 33.3938 109.3321 5.99 37.0331 3.6915
10.6295 33.3414 109.3304 5.9797 37.0871 3.6986
10.6236 33.2893 109.3289 5.9687 37.1406 3.7049
10.6166 33.2376 109.3275 5.9569 37.1936 3.7105
10.6082 33.1863 109.3263 5.9445 37.246 3.7153
10.5987 33.1355 109.3254 5.9314 37.2979 3.7194
10.5879 33.085 109.3246 5.9177 37.3493 3.7228
10.5759 33.0349 109.324 5.9033 37.4001 3.7254
10.5627 32.9852 109.3236 5.8882 37.4504 3.7273
10.5484 32.9358 109.3233 5.8725 37.5001 3.7285
10.5328 32.8869 109.3233 5.8561 37.5494 3.729
10.5161 32.8384 109.3234 5.8392 37.598 3.7288
10.4982 32.7903 109.3237 5.8215 37.6462 3.7279
10.4792 32.7426 109.3242 5.8033 37.6938 3.7263
10.4591 32.6953 109.3248 5.7845 37.7409 3.7241
10.4379 32.6484 109.3256 5.765 37.7874 3.7211
10.4155 32.6019 109.3266 5.745 37.8334 3.7175
10.3921 32.5558 109.3278 5.7243 37.8789 3.7133
10.3675 32.5101 109.3291 5.7031 37.9238 3.7083
10.342 32.4648 109.3306 5.6813 37.9682 3.7028
10.3153 32.4199 109.3322 5.6589 38.0121 3.6966
10.2876 32.3754 109.334 5.6359 38.0555 3.6897
10.2589 32.3313 109.336 5.6124 38.0983 3.6823
10.2292 32.2877 109.3382 5.5884 38.1406 3.6742
10.1984 32.2444 109.3404 5.5638 38.1823 3.6655
10.1667 32.2016 109.3429 5.5386 38.2235 3.6562
10.134 32.1592 109.3455 5.513 38.2642 3.6463
10.1003 32.1171 109.3482 5.4868 38.3044 3.6358
10.0656 32.0756 109.3511 5.4601 38.344 3.6248
10.03 32.0344 109.3542 5.4329 38.3831 3.6131
9.9935 31.9936 109.3574 5.4051 38.4216 3.6009
9.956 31.9533 109.3607 5.3769 38.4597 3.5882
9.9177 31.9133 109.3642 5.3482 38.4972 3.5748
9.8784 31.8738 109.3679 5.319 38.5341 3.5609
9.8383 31.8347 109.3716 5.2893 38.5706 3.5465
9.7972 31.7961 109.3756 5.2592 38.6065 3.5315
9.7553 31.7578 109.3796 5.2286 38.6419 3.5161
9.7126 31.72 109.3838 5.1975 38.6767 3.5
9.669 31.6826 109.3881 5.166 38.711 3.4835
9.6246 31.6457 109.3926 5.1341 38.7448 3.4665
9.5794 31.6091 109.3972 5.1017 38.7781 3.4489
9.5333 31.573 109.4019 5.0689 38.8108 3.4309
9.4865 31.5373 109.4067 5.0356 38.843 3.4124
9.4389 31.5021 109.4117 5.002 38.8747 3.3934
9.3905 31.4673 109.4168 4.9679 38.9059 3.3739
9.3414 31.4329 109.422 4.9335 38.9365 3.354
9.2915 31.3989 109.4274 4.8986 38.9666 3.3335
9.2409 31.3654 109.4328 4.8634 38.9962 3.3127
9.1896 31.3323 109.4384 4.8277 39.0252 3.2914
9.1376 31.2996 109.4441 4.7917 39.0537 3.2696
9.0849 31.2674 109.4499 4.7554 39.0817 3.2474
9.0315 31.2356 109.4559 4.7186 39.1092 3.2248
8.9774 31.2043 109.4619 4.6816 39.1361 3.2018
8.9227 31.1734 109.4681 4.6441 39.1625 3.1784
8.8673 31.1429 109.4743 4.6064 39.1884 3.1545
8.8113 31.1129 109.4807 4.5683 39.2138 3.1303
8.7546 31.0833 109.4872 4.5299 39.2386 3.1056
8.6974 31.0542 109.4937 4.4911 39.2629 3.0806
8.6395 31.0255 109.5004 4.4521 39.2867 3.0552
8.5811 30.9972 109.5072 4.4127 39.31 3.0294
8.522 30.9694 109.5141 4.373 39.3327 3.0033
8.4625 30.9421 109.5211 4.3331 39.3549 2.9768
8.4023 30.9152 109.5282 4.2929 39.3766 2.95
8.3417 30.8887 109.5353 4.2523 39.3978 2.9228
8.2805 30.8627 109.5426 4.2116 39.4184 2.8952
8.2187 30.8372 109.5499 4.1705 39.4385 2.8674
8.1565 30.8121 109.5574 4.1292 39.4581 2.8392
8.0938 30.7874 109.5649 4.0876 39.4772 2.8107
8.0306 30.7632 109.5725 4.0458 39.4957 2.7819
7.967 30.7395 109.5802 4.0038 39.5137 2.7528
7.9029 30.7162 109.588 3.9615 39.5313 2.7233
7.8383 30.6934 109.5959 3.919 39.5482 2.6936
7.7733 30.671 109.6038 3.8763 39.5647 2.6637
7.7079 30.6491 109.6119 3.8334 39.5806 2.6334
7.6421 30.6277 109.62 3.7903 39.596 2.6029
7.5759 30.6067 109.6282 3.747 39.6109 2.5721
7.5093 30.5862 109.6364 3.7034 39.6253 2.541
7.4423 30.5661 109.6447 3.6597 39.6392 2.5097
7.375 30.5465 109.6531 3.6159 39.6525 2.4782
7.3073 30.5274 109.6616 3.5718 39.6653 2.4464
7.2393 30.5087 109.6701 3.5276 39.6776 2.4144
7.171 30.4905 109.6787 3.4833 39.6894 2.3822
7.1023 30.4728 109.6874 3.4388 39.7006 2.3498
7.0334 30.4555 109.6961 3.3941 39.7114 2.3171
6.9641 30.4387 109.7049 3.3494 39.7216 2.2843
6.8946 30.4224 109.7137 3.3045 39.7313 2.2512
6.8249 30.4065 109.7226 3.2594 39.7404 2.218
6.7548 30.3912 109.7316 3.2143 39.7491 2.1846
6.6846 30.3763 109.7406 3.169 39.7572 2.151
6.6141 30.3618 109.7497 3.1237 39.7649 2.1173
6.5434 30.3479 109.7588 3.0782 39.772 2.0834
6.4725 30.3344 109.768 3.0327 39.7785 2.0493
6.4014 30.3214 109.7772 2.9871 39.7846 2.0151
6.3301 30.3089 109.7864 2.9414 39.7902 1.9807
6.2586 30.2968 109.7957 2.8957 39.7952 1.9463
6.187 30.2853 109.8051 2.8498 39.7997 1.9117
6.1153 30.2742 109.8145 2.804 39.8037 1.877
6.0434 30.2636 109.8239 2.7581 39.8072 1.8421
5.9714 30.2535 109.8334 2.7121 39.8101 1.8072
5.8993 30.2439 109.8429 2.6661 39.8126 1.7721
5.8271 30.2347 109.8524 2.6201 39.8145 1.737
5.7548 30.2261 109.862 2.5741 39.8159 1.7018
5.6824 30.2179 109.8716 2.5281 39.8168 1.6665
5.61 30.2102 109.8812 2.482 39.8172 1.6312
5.5375 30.2031 109.8909 2.436 39.8171 1.5957
5.465 30.1964 109.9006 2.39 39.8165 1.5603
5.3925 30.1902 109.9103 2.3439 39.8153 1.5247
5.3199 30.1844 109.92 2.298 39.8136 1.4892
5.2474 30.1792 109.9298 2.252 39.8114 1.4535
5.1749 30.1745 109.9396 2.2061 39.8087 1.4179
5.1024 30.1703 109.9494 2.1602 39.8055 1.3822
5.0299 30.1665 109.9592 2.1143 39.8018 1.3466
4.9575 30.1633 109.969 2.0686 39.7975 1.3109
4.8851 30.1606 109.9789 2.0228 39.7928 1.2752
4.8128 30.1583 109.9887 1.9772 39.7875 1.2395
4.7406 30.1566 109.9986 1.9316 39.7817 1.2038
4.6685 30.1554 110.0085 1.8861 39.7754 1.1682
4.5965 30.1546 110.0184 1.8407 39.7686 1.1325
4.5246 30.1544 110.0283 1.7955 39.7613 1.0969
4.4529 30.1547 110.0382 1.7503 39.7535 1.0614
4.3812 30.1554 110.0481 1.7052 39.7451 1.0259
4.3098 30.1567 110.058 1.6602 39.7363 0.9904
4.2385 30.1585 110.0679 1.6154 39.7269 0.955
4.1674 30.1608 110.0778 1.5707 39.717 0.9197
4.0965 30.1636 110.0877 1.5261 39.7067 0.8844
4.0258 30.167 110.0976 1.4817 39.6958 0.8492
3.9553 30.1708 110.1075 1.4374 39.6843 0.8141
3.885 30.1751 110.1174 1.3933 39.6724 0.7791
3.815 30.18 110.1272 1.3493 39.66 0.7442
3.7452 30.1854 110.1371 1.3056 39.6471 0.7094
3.6757 30.1913 110.1469 1.262 39.6336 0.6747
3.6065 30.1977 110.1568 1.2186 39.6196 0.6402
3.5375 30.2046 110.1666 1.1754 39.6052 0.6057
3.4689 30.212 110.1764 1.1323 39.5902 0.5714
3.4006 30.22 110.1861 1.0895 39.5747 0.5373
3.3326 30.2285 110.1959 1.0469 39.5587 0.5033
3.2649 30.2375 110.2056 1.0046 39.5422 0.4694
3.1976 30.247 110.2153 0.9624 39.5252 0.4357
3.1306 30.257 110.225 0.9205 39.5077 0.4022
3.064 30.2676 110.2347 0.8788 39.4897 0.3688
2.9978 30.2787 110.2443 0.8374 39.4711 0.3357
2.932 30.2903 110.2539 0.7962 39.4521 0.3027
2.8666 30.3024 110.2634 0.7553 39.4325 0.2699
2.8016 30.3151 110.273 0.7147 39.4125 0.2373
2.737 30.3283 110.2825 0.6743 39.3919 0.205
2.6729 30.3421 110.2919 0.6342 39.3708 0.1728
2.6092 30.3563 110.3013 0.5945 39.3493 0.1409
2.5461 30.3711 110.3107 0.555 39.3272 0.1092
2.4833 30.3864 110.32 0.5158 39.3046 0.0777
2.4211 30.4023 110.3293 0.4769 39.2815 0.0465
2.3594 30.4187 110.3386 0.4383 39.2579 0.0156
2.2982 30.4356 110.3478 0.4001 39.2338 -0.0151
2.2375 30.4531 110.3569 0.3621 39.2092 -0.0456
2.1774 30.4711 110.366 0.3246 39.1841 -0.0758
2.1178 30.4897 110.3751 0.2873 39.1585 -0.1056
2.0588 30.5088 110.384 0.2504 39.1323 -0.1353
2.0004 30.5284 110.393 0.2139 39.1057 -0.1646
1.9425 30.5485 110.4019 0.1777 39.0786 -0.1936
1.8853 30.5693 110.4107 0.1419 39.0509 -0.2223
1.8286 30.5905 110.4194 0.1065 39.0228 -0.2507
1.7726 30.6123 110.4281 0.0715 38.9942 -0.2788
1.7172 30.6347 110.4368 0.0368 38.965 -0.3065
1.6625 30.6576 110.4454 0.0026 38.9354 -0.3339
1.6084 30.681 110.4539 -0.0312 38.9052 -0.361
1.555 30.705 110.4623 -0.0647 38.8746 -0.3878
1.5023 30.7295 110.4707 -0.0977 38.8434 -0.4141
1.4503 30.7546 110.479 -0.1303 38.8118 -0.4402
1.3989 30.7802 110.4872 -0.1624 38.7796 -0.4658
1.3483 30.8064 110.4954 -0.1941 38.7469 -0.4911
1.2985 30.8332 110.5034 -0.2254 38.7138 -0.516
1.2493 30.8605 110.5114 -0.2562 38.6801 -0.5405
1.201 30.8883 110.5194 -0.2866 38.6459 -0.5646
1.1534 30.9168 110.5272 -0.3164 38.6113 -0.5883
1.1065 30.9457 110.5349 -0.3459 38.5761 -0.6116
1.0605 30.9753 110.5426 -0.3748 38.5405 -0.6345
1.0153 31.0053 110.5502 -0.4032 38.5043 -0.657
0.9709 31.036 110.5577 -0.4312 38.4676 -0.679
0.9273 31.0672 110.5651 -0.4586 38.4305 -0.7006
0.8845 31.099 110.5724 -0.4856 38.3928 -0.7218
0.8427 31.1313 110.5797 -0.512 38.3546 -0.7425
0.8016 31.1642 110.5868 -0.5379 38.316 -0.7628
0.7615 31.1977 110.5938 -0.5633 38.2768 -0.7825
0.7222 31.2317 110.6008 -0.5882 38.2371 -0.8019
0.6838 31.2663 110.6076 -0.6125 38.197 -0.8207
0.6464 31.3015 110.6144 -0.6362 38.1563 -0.8391
0.6098 31.3372 110.621 -0.6594 38.1152 -0.8569
0.5742 31.3735 110.6276 -0.6821 38.0735 -0.8743
0.5396 31.4104 110.634 -0.7041 38.0313 -0.8912
0.5059 31.4478 110.6403 -0.7256 37.9887 -0.9075
0.4732 31.4859 110.6466 -0.7465 37.9456 -0.9234
0.4414 31.5245 110.6527 -0.7669 37.9019 -0.9387
0.4107 31.5636 110.6587 -0.7866 37.8578 -0.9535
0.381 31.6034 110.6646 -0.8057 37.8131 -0.9677
0.3522 31.6437 110.6703 -0.8242 37.768 -0.9814
0.3246 31.6846 110.676 -0.8421 37.7224 -0.9946
0.2979 31.7261 110.6815 -0.8594 37.6762 -1.0072
0.2723 31.7682 110.6869 -0.8761 37.6296 -1.0192
0.2478 31.8108 110.6922 -0.8921 37.5825 -1.0307
0.2244 31.854 110.6974 -0.9074 37.5349 -1.0415
0.202 31.8978 110.7025 -0.9221 37.4868 -1.0518
0.1808 31.9422 110.7074 -0.9362 37.4382 -1.0615
0.1606 31.9872 110.7122 -0.9496 37.3891 -1.0706
0.1416 32.0328 110.7169 -0.9623 37.3395 -1.0791
0.1238 32.0789 110.7214 -0.9743 37.2894 -1.087
0.1071 32.1257 110.7258 -0.9857 37.2388 -1.0942
0.0915 32.173 110.7301 -0.9964 37.1877 -1.1009
0.0771 32.2209 110.7342 -1.0063 37.1362 -1.1068
0.064 32.2694 110.7382 -1.0156 37.0841 -1.1122
0.052 32.3185 110.7421 -1.0241 37.0316 -1.1169
0.0412 32.3682 110.7458 -1.032 36.9785 -1.1209
0.0316 32.4185 110.7494 -1.0391 36.925 -1.1243
0.0233 32.4694 110.7528 -1.0454 36.8709 -1.1271
0.0162 32.5209 110.7561 -1.0511 36.8164 -1.1291
0.0104 32.5729 110.7593 -1.056 36.7614 -1.1305
0.0059 32.6256 110.7623 -1.0601 36.7059 -1.1311
0.0026 32.6789 110.7651 -1.0635 36.6499 -1.1311
0.0007 32.7328 110.7678 -1.0661 36.5934 -1.1304
-0 32.7872 110.7704 -1.0679 36.5364 -1.1289
-0 32.8413 110.7728 -1.0693 36.4799 -1.1272
-0 32.8941 110.775 -1.0707 36.4249 -1.1254
-0 32.9456 110.7772 -1.0721 36.3713 -1.1238
-0 32.9957 110.7792 -1.0734 36.3192 -1.1221
-0 33.0444 110.7811 -1.0747 36.2685 -1.1205
-0 33.0919 110.7829 -1.0759 36.2193 -1.1189
-0 33.1379 110.7846 -1.0772 36.1716 -1.1174
-0 33.1827 110.7862 -1.0784 36.1252 -1.1159
-0 33.226 110.7877 -1.0795 36.0804 -1.1145
-0 33.2681 110.7891 -1.0806 36.037 -1.1131
-0 33.3087 110.7904 -1.0817 35.995 -1.1118
-0 33.3481 110.7916 -1.0828 35.9545 -1.1105
-0 33.386 110.7927 -1.0838 35.9154 -1.1092
-0 33.4226 110.7938 -1.0848 35.8777 -1.108
-0 33.4578 110.7948 -1.0857 35.8415 -1.1068
-0 33.4917 110.7958 -1.0866 35.8067 -1.1057
-0 33.5242 110.7966 -1.0875 35.7734 -1.1046
-0 33.5553 110.7974 -1.0884 35.7414 -1.1036
-0 33.585 110.7982 -1.0892 35.7109 -1.1026
-0 33.6134 110.7989 -1.0899 35.6819 -1.1016
-0 33.6404 110.7995 -1.0907 35.6542 -1.1007
-0 33.666 110.8001 -1.0914 35.628 -1.0999
-0 33.6903 110.8006 -1.092 35.6032 -1.0991
-0 33.7132 110.8011 -1.0927 35.5799 -1.0983
-0 33.7347 110.8016 -1.0932 35.5579 -1.0976
-0 33.7548 110.802 -1.0938 35.5374 -1.0969
-0 33.7735 110.8024 -1.0943 35.5183 -1.0963
-0 33.7908 110.8027 -1.0948 35.5006 -1.0957
-0 33.8068 110.8031 -1.0952 35.4844 -1.0952
-0 33.8214 110.8033 -1.0956 35.4695 -1.0947
-0 33.8346 110.8036 -1.096 35.4561 -1.0942
-0 33.8464 110.8038 -1.0963 35.444 -1.0938
-0 33.8568 110.804 -1.0966 35.4334 -1.0935
-0 33.8658 110.8041 -1.0968 35.4243 -1.0932
-0 33.8734 110.8043 -1.097 35.4165 -1.0929
-0 33.8797 110.8044 -1.0972 35.4101 -1.0927
-0 33.8846 110.8045 -1.0973 35.4052 -1.0926
-0 33.888 110.8045 -1.0974 35.4016 -1.0924
-0 33.8901 110.8046 -1.0975 35.3995 -1.0924
-0 33.8908 110.8046 -1.0975 35.3988 -1.0923
-0 33.8901 110.8046 -1.0975 35.3995 -1.0924
-0 33.888 110.8045 -1.0974 35.4016 -1.0924
-0 33.8846 110.8045 -1.0973 35.4052 -1.0926
-0 33.8797 110.8044 -1.0972 35.4101 -1.0927
-0 33.8734 110.8043 -1.097 35.4165 -1.0929
-0 33.8658 110.8041 -1.0968 35.4243 -1.0932
-0 33.8568 110.804 -1.0966 35.4334 -1.0935
-0 33.8464 110.8038 -1.0963 35.444 -1.0938
-0 33.8346 110.8036 -1.096 35.4561 -1.0942
-0 33.8214 110.8033 -1.0956 35.4695 -1.0947
-0 33.8068 110.8031 -1.0952 35.4844 -1.0952
-0 33.7908 110.8027 -1.0948 35.5006 -1.0957
-0 33.7735 110.8024 -1.0943 35.5183 -1.0963
-0 33.7548 110.802 -1.0938 35.5374 -1.0969
-0 33.7347 110.8016 -1.0932 35.5579 -1.0976
-0 33.7132 110.8011 -1.0927 35.5799 -1.0983
-0 33.6903 110.8006 -1.092 35.6032 -1.0991
-0 33.666 110.8001 -1.0914 35.628 -1.0999
-0 33.6404 110.7995 -1.0907 35.6542 -1.1007
-0 33.6134 110.7989 -1.0899 35.6819 -1.1016
-0 33.585 110.7982 -1.0892 35.7109 -1.1026
-0 33.5553 110.7974 -1.0884 35.7414 -1.1036
-0 33.5242 110.7966 -1.0875 35.7734 -1.1046
-0 33.4917 110.7958 -1.0866 35.8067 -1.1057
-0 33.4578 110.7948 -1.0857 35.8415 -1.1068
-0 33.4226 110.7938 -1.0848 35.8777 -1.108
-0 33.386 110.7927 -1.0838 35.9154 -1.1092
-0 33.3481 110.7916 -1.0828 35.9545 -1.1105
-0 33.3087 110.7904 -1.0817 35.995 -1.1118
-0 33.2681 110.7891 -1.0806 36.037 -1.1131
-0 33.226 110.7877 -1.0795 36.0804 -1.1145
-0 33.1827 110.7862 -1.0784 36.1252 -1.1159
-0 33.1379 110.7846 -1.0772 36.1716 -1.1174
-0 33.0919 110.7829 -1.0759 36.2193 -1.1189
-0 33.0444 110.7811 -1.0747 36.2685 -1.1205
-0 32.9957 110.7792 -1.0734 36.3192 -1.1221
-0 32.9456 110.7772 -1.0721 36.3713 -1.1238
-0 32.8941 110.775 -1.0707 36.4249 -1.1254
-0 32.8413 110.7728 -1.0693 36.4799 -1.1272
-0 32.7872 110.7704 -1.0679 36.5364 -1.1289
-0 32.7327 110.7679 -1.0664 36.5934 -1.1307
-0 32.6787 110.7655 -1.065 36.6498 -1.1325
-0 32.6252 110.7631 -1.0636 36.7058 -1.1342
-0 32.5721 110.7607 -1.0622 36.7612 -1.136
-0 32.5196 110.7583 -1.0608 36.8161 -1.1377
-0 32.4676 110.756 -1.0595 36.8704 -1.1394
-0 32.416 110.7537 -1.0581 36.9243 -1.1411
-0 32.365 110.7514 -1.0568 36.9776 -1.1428
-0 32.3144 110.7491 -1.0555 37.0304 -1.1444
-0 32.2644 110.7468 -1.0541 37.0827 -1.1461
-0 32.2149 110.7446 -1.0528 37.1345 -1.1477
-0 32.1658 110.7424 -1.0515 37.1857 -1.1493
-0 32.1173 110.7402 -1.0503 37.2364 -1.1509
-0 32.0692 110.738 -1.049 37.2866 -1.1524
-0 32.0217 110.7359 -1.0478 37.3363 -1.154
-0 31.9746 110.7338 -1.0465 37.3855 -1.1555
-0 31.928 110.7317 -1.0453 37.4341 -1.1571
-0 31.882 110.7296 -1.0441 37.4823 -1.1586
-0 31.8364 110.7275 -1.0429 37.5299 -1.1601
-0 31.7914 110.7255 -1.0417 37.577 -1.1615
-0 31.7468 110.7235 -1.0405 37.6235 -1.163
-0 31.7027 110.7215 -1.0394 37.6696 -1.1644
-0 31.6592 110.7196 -1.0382 37.7151 -1.1659
-0 31.6161 110.7176 -1.0371 37.7601 -1.1673
-0 31.5735 110.7157 -1.036 37.8046 -1.1687
-0 31.5314 110.7138 -1.0349 37.8485 -1.17
-0 31.4899 110.7119 -1.0338 37.892 -1.1714
-0 31.4488 110.7101 -1.0327 37.9349 -1.1727
-0 31.4082 110.7083 -1.0316 37.9773 -1.1741
-0 31.3681 110.7065 -1.0306 38.0192 -1.1754
-0 31.3285 110.7047 -1.0295 38.0605 -1.1767
-0 31.2894 110.7029 -1.0285 38.1014 -1.1779
-0 31.2509 110.7012 -1.0275 38.1417 -1.1792
-0 31.2128 110.6995 -1.0265 38.1815 -1.1805
-0 31.1752 110.6978 -1.0255 38.2208 -1.1817
-0 31.1381 110.6961 -1.0245 38.2595 -1.1829
-0 31.1015 110.6944 -1.0236 38.2978 -1.1841
-0 31.0654 110.6928 -1.0226 38.3355 -1.1853
-0 31.0298 110.6912 -1.0217 38.3727 -1.1864
-0 30.9947 110.6896 -1.0208 38.4094 -1.1876
-0 30.9601 110.6881 -1.0199 38.4455 -1.1887
-0 30.926 110.6865 -1.019 38.4812 -1.1898
-0 30.8923 110.685 -1.0181 38.5163 -1.1909
-0 30.8592 110.6835 -1.0172 38.5509 -1.192
-0 30.8266 110.6821 -1.0163 38.585 -1.1931
-0 30.7945 110.6806 -1.0155 38.6185 -1.1941
-0 30.7629 110.6792 -1.0147 38.6516 -1.1952
-0 30.7318 110.6778 -1.0139 38.6841 -1.1962
-0 30.7011 110.6764 -1.013 38.7161 -1.1972
-0 30.671 110.6751 -1.0123 38.7476 -1.1982
-0 30.6414 110.6737 -1.0115 38.7785 -1.1991
-0 30.6123 110.6724 -1.0107 38.809 -1.2001
-0 30.5836 110.6711 -1.01 38.8389 -1.201
-0 30.5555 110.6699 -1.0092 38.8683 -1.202
-0 30.5279 110.6686 -1.0085 38.8971 -1.2029
-0 30.5007 110.6674 -1.0078 38.9255 -1.2037
-0 30.4741 110.6662 -1.0071 38.9533 -1.2046
-0 30.4479 110.665 -1.0064 38.9806 -1.2055
-0 30.4223 110.6639 -1.0057 39.0074 -1.2063
-0 30.3971 110.6627 -1.0051 39.0337 -1.2071
-0 30.3725 110.6616 -1.0044 39.0595 -1.2079
-0 30.3483 110.6605 -1.0038 39.0847 -1.2087
-0 30.3247 110.6595 -1.0032 39.1094 -1.2095
-0 30.3015 110.6584 -1.0025 39.1336 -1.2103
-0 30.2789 110.6574 -1.0019 39.1573 -1.211
-0 30.2567 110.6564 -1.0014 39.1804 -1.2117
-0 30.2351 110.6554 -1.0008 39.2031 -1.2124
-0 30.2139 110.6545 -1.0002 39.2252 -1.2131
-0 30.1932 110.6535 -0.9997 39.2468 -1.2138
-0 30.1731 110.6526 -0.9992 39.2678 -1.2145
-0 30.1534 110.6517 -0.9986 39.2884 -1.2151
-0 30.1342 110.6509 -0.9981 39.3084 -1.2157
-0 30.1156 110.65 -0.9977 39.3279 -1.2163
-0 30.0974 110.6492 -0.9972 39.3469 -1.2169
-0 30.0797 110.6484 -0.9967 39.3654 -1.2175
-0 30.0625 110.6476 -0.9963 39.3833 -1.2181
-0 30.0459 110.6469 -0.9958 39.4008 -1.2186
-0 30.0297 110.6462 -0.9954 39.4177 -1.2192
-0 30.014 110.6455 -0.995 39.4341 -1.2197
-0 29.9988 110.6448 -0.9946 39.4499 -1.2202
-0 29.9841 110.6441 -0.9942 39.4653 -1.2207
-0 29.9699 110.6435 -0.9938 39.4801 -1.2211
-0 29.9562 110.6429 -0.9935 39.4944 -1.2216
-0 29.943 110.6423 -0.9931 39.5082 -1.222
-0 29.9303 110.6417 -0.9928 39.5215 -1.2224
-0 29.9181 110.6411 -0.9925 39.5342 -1.2228
-0 29.9064 110.6406 -0.9922 39.5464 -1.2232
-0 29.8952 110.6401 -0.9919 39.5581 -1.2236
-0 29.8845 110.6396 -0.9916 39.5693 -1.2239
-0 29.8743 110.6392 -0.9913 39.58 -1.2242
-0 29.8646 110.6387 -0.9911 39.5901 -1.2246
-0 29.8554 110.6383 -0.9908 39.5998 -1.2249
-0 29.8467 110.6379 -0.9906 39.6089 -1.2251
-0 29.8385 110.6376 -0.9904 39.6175 -1.2254
-0 29.8307 110.6372 -0.9902 39.6255 -1.2257
-0 29.8235 110.6369 -0.99 39.6331 -1.2259
-0 29.8168 110.6366 -0.9898 39.6401 -1.2261
-0 29.8106 110.6363 -0.9896 39.6466 -1.2263
-0 29.8049 110.636 -0.9895 39.6526 -1.2265
-0 29.7996 110.6358 -0.9894 39.658 -1.2267
-0 29.7949 110.6356 -0.9892 39.663 -1.2268
-0 29.7907 110.6354 -0.9891 39.6674 -1.227
-0 29.7869 110.6352 -0.989 39.6713 -1.2271
-0 29.7837 110.6351 -0.9889 39.6747 -1.2272
-0 29.781 110.635 -0.9889 39.6776 -1.2273
-0 29.7787 110.6349 -0.9888 39.6799 -1.2274
-0 29.777 110.6348 -0.9888 39.6817 -1.2274
-0 29.7757 110.6347 -0.9887 39.683 -1.2275
-0 29.775 110.6347 -0.9887 39.6838 -1.2275
-0 29.7747 110.6347 -0.9887 39.6841 -1.2275
-0 29.775 110.6347 -0.9887 39.6838 -1.2275
-0 29.7757 110.6347 -0.9887 39.683 -1.2275
-0 29.777 110.6348 -0.9888 39.6817 -1.2274
-0 29.7787 110.6349 -0.9888 39.6799 -1.2274
-0 29.781 110.635 -0.9889 39.6776 -1.2273
-0 29.7837 110.6351 -0.9889 39.6747 -1.2272
-0 29.7869 110.6352 -0.989 39.6713 -1.2271
-0 29.7907 110.6354 -0.9891 39.6674 -1.227
-0 29.7949 110.6356 -0.9892 39.663 -1.2268
-0 29.7996 110.6358 -0.9894 39.658 -1.2267
-0 29.8049 110.636 -0.9895 39.6526 -1.2265
-0 29.8106 110.6363 -0.9896 39.6466 -1.2263
-0 29.8168 110.6366 -0.9898 39.6401 -1.2261
-0 29.8235 110.6369 -0.99 39.6331 -1.2259
-0 29.8307 110.6372 -0.9902 39.6255 -1.2257
-0 29.8385 110.6376 -0.9904 39.6175 -1.2254
-0 29.8467 110.6379 -0.9906 39.6089 -1.2251
-0 29.8554 110.6383 -0.9908 39.5998 -1.2249
-0 29.8646 110.6387 -0.9911 39.5901 -1.2246
-0 29.8743 110.6392 -0.9913 39.58 -1.2242
-0 29.8845 110.6396 -0.9916 39.5693 -1.2239
-0 29.8952 110.6401 -0.9919 39.5581 -1.2236
-0 29.9064 110.6406 -0.9922 39.5464 -1.2232
-0 29.9181 110.6411 -0.9925 39.5342 -1.2228
-0 29.9303 110.6417 -0.9928 39.5215 -1.2224
-0 29.943 110.6423 -0.9931 39.5082 -1.222
-0 29.9562 110.6429 -0.9935 39.4944 -1.2216
-0 29.9699 110.6435 -0.9938 39.4801 -1.2211
-0 29.9841 110.6441 -0.9942 39.4653 -1.2207
-0 29.9988 110.6448 -0.9946 39.4499 -1.2202
-0 30.014 110.6455 -0.995 39.4341 -1.2197
-0 30.0297 110.6462 -0.9954 39.4177 -1.2192
-0 30.0459 110.6469 -0.9958 39.4008 -1.2186
-0 30.0625 110.6476 -0.9963 39.3833 -1.2181
-0 30.0797 110.6484 -0.9967 39.3654 -1.2175
-0 30.0974 110.6492 -0.9972 39.3469 -1.2169
-0 30.1156 110.65 -0.9977 39.3279 -1.2163
-0 30.1342 110.6509 -0.9981 39.3084 -1.2157
-0 30.1534 110.6517 -0.9986 39.2884 -1.2151
-0 30.1731 110.6526 -0.9992 39.2678 -1.2145
-0 30.1932 110.6535 -0.9997 39.2468 -1.2138
-0 30.2139 110.6545 -1.0002 39.2252 -1.2131
-0 30.2351 110.6554 -1.0008 39.2031 -1.2124
-0 30.2567 110.6564 -1.0014 39.1804 -1.2117
-0 30.2789 110.6574 -1.0019 39.1573 -1.211
-0 30.3015 110.6584 -1.0025 39.1336 -1.2103
-0 30.3247 110.6595 -1.0032 39.1094 -1.2095
-0 30.3483 110.6605 -1.0038 39.0847 -1.2087
-0 30.3725 110.6616 -1.0044 39.0595 -1.2079
-0 30.3971 110.6627 -1.0051 39.0337 -1.2071
-0 30.4223 110.6639 -1.0057 39.0074 -1.2063
-0 30.4479 110.665 -1.0064 38.9806 -1.2055
-0 30.4741 110.6662 -1.0071 38.9533 -1.2046
-0 30.5007 110.6674 -1.0078 38.9255 -1.2037
-0 30.5279 110.6686 -1.0085 38.8971 -1.2029
-0 30.5555 110.6699 -1.0092 38.8683 -1.202
-0 30.5836 110.6711 -1.01 38.8389 -1.201
-0 30.6123 110.6724 -1.0107 38.809 -1.2001
-0 30.6414 110.6737 -1.0115 38.7785 -1.1991
-0 30.671 110.6751 -1.0123 38.7476 -1.1982
-0 30.7011 110.6764 -1.013 38.7161 -1.1972
-0 30.7318 110.6778 -1.0139 38.6841 -1.1962
-0 30.7629 110.6792 -1.0147 38.6516 -1.1952
-0 30.7945 110.6806 -1.0155 38.6185 -1.1941
-0 30.8266 110.6821 -1.0163 38.585 -1.1931
-0 30.8592 110.6835 -1.0172 38.5509 -1.192
-0 30.8923 110.685 -1.0181 38.5163 -1.1909
-0 30.926 110.6865 -1.019 38.4812 -1.1898
-0 30.9601 110.6881 -1.0199 38.4455 -1.1887
-0 30.9947 110.6896 -1.0208 38.4094 -1.1876
-0 31.0298 110.6912 -1.0217 38.3727 -1.1864
-0 31.0654 110.6928 -1.0226 38.3355 -1.1853
-0 31.1015 110.6944 -1.0236 38.2978 -1.1841
-0 31.1381 110.6961 -1.0245 38.2595 -1.1829
-0 31.1752 110.6978 -1.0255 38.2208 -1.1817
-0 31.2128 110.6995 -1.0265 38.1815 -1.1805
-0 31.2509 110.7012 -1.0275 38.1417 -1.1792
-0 31.2894 110.7029 -1.0285 38.1014 -1.1779
-0 31.3285 110.7047 -1.0295 38.0605 -1.1767
-0 31.3681 110.7065 -1.0306 38.0192 -1.1754
-0 31.4082 110.7083 -1.0316 37.9773 -1.1741
-0 31.4488 110.7101 -1.0327 37.9349 -1.1727
-0 31.4899 110.7119 -1.0338 37.892 -1.1714
-0 31.5314 110.7138 -1.0349 37.8485 -1.17
-0 31.5735 110.7157 -1.036 37.8046 -1.1687
-0 31.6161 110.7176 -1.0371 37.7601 -1.1673
-0 31.6592 110.7196 -1.0382 37.7151 -1.1659
-0 31.7027 110.7215 -1.0394 37.6696 -1.1644
-0 31.7468 110.7235 -1.0405 37.6235 -1.163
-0 31.7914 110.7255 -1.0417 37.577 -1.1615
-0 31.8364 110.7275 -1.0429 37.5299 -1.1601
-0 31.882 110.7296 -1.0441 37.4823 -1.1586
-0 31.928 110.7317 -1.0453 37.4341 -1.1571
-0 31.9746 110.7338 -1.0465 37.3855 -1.1555
-0 32.0217 110.7359 -1.0478 37.3363 -1.154
-0 32.0692 110.738 -1.049 37.2866 -1.1524
-0 32.1173 110.7402 -1.0503 37.2364 -1.1509
-0 32.1658 110.7424 -1.0515 37.1857 -1.1493
-0 32.2149 110.7446 -1.0528 37.1345 -1.1477
-0 32.2644 110.7468 -1.0541 37.0827 -1.1461
-0 32.3144 110.7491 -1.0555 37.0304 -1.1444
-0 32.365 110.7514 -1.0568 36.9776 -1.1428
-0 32.416 110.7537 -1.0581 36.9243 -1.1411
-0 32.4676 110.756 -1.0595 36.8704 -1.1394
-0 32.5196 110.7583 -1.0608 36.8161 -1.1377
-0 32.5721 110.7607 -1.0622 36.7612 -1.136
-0 32.6252 110.7631 -1.0636 36.7058 -1.1342
-0 32.6787 110.7655 -1.065 36.6498 -1.1325
-0 32.7327 110.7679 -1.0664 36.5934 -1.1307
-0 32.7872 110.7704 -1.0679 36.5364 -1.1289
-0 32.8413 110.7728 -1.0693 36.4799 -1.1272
-0 32.8941 110.775 -1.0707 36.4249 -1.1254
-0 32.9456 110.7772 -1.0721 36.3713 -1.1238
-0 32.9957 110.7792 -1.0734 36.3192 -1.1221
-0 33.0444 110.7811 -1.0747 36.2685 -1.1205
-0 33.0919 110.7829 -1.0759 36.2193 -1.1189
-0 33.1379 110.7846 -1.0772 36.1716 -1.1174
-0 33.1827 110.7862 -1.0784 36.1252 -1.1159
-0 33.226 110.7877 -1.0795 36.0804 -1.1145
-0 33.2681 110.7891 -1.0806 36.037 -1.1131
-0 33.3087 110.7904 -1.0817 35.995 -1.1118
-0 33.3481 110.7916 -1.0828 35.9545 -1.1105
-0 33.386 110.7927 -1.0838 35.9154 -1.1092
-0 33.4226 110.7938 -1.0848 35.8777 -1.108
-0 33.4578 110.7948 -1.0857 35.8415 -1.1068
-0 33.4917 110.7958 -1.0866 35.8067 -1.1057
-0 33.5242 110.7966 -1.0875 35.7734 -1.1046
-0 33.5553 110.7974 -1.0884 35.7414 -1.1036
-0 33.585 110.7982 -1.0892 35.7109 -1.1026
-0 33.6134 110.7989 -1.0899 35.6819 -1.1016
-0 33.6404 110.7995 -1.0907 35.6542 -1.1007
-0 33.666 110.8001 -1.0914 35.628 -1.0999
-0 33.6903 110.8006 -1.092 35.6032 -1.0991
-0 33.7132 110.8011 -1.0927 35.5799 -1.0983
-0 33.7347 110.8016 -1.0932 35.5579 -1.0976
-0 33.7548 110.802 -1.0938 35.5374 -1.0969
-0 33.7735 110.8024 -1.0943 35.5183 -1.0963
-0 33.7908 110.8027 -1.0948 35.5006 -1.0957
-0 33.8068 110.8031 -1.0952 35.4844 -1.0952
-0 33.8214 110.8033 -1.0956 35.4695 -1.0947
-0 33.8346 110.8036 -1.096 35.4561 -1.0942
-0 33.8464 110.8038 -1.0963 35.444 -1.0938
-0 33.8568 110.804 -1.0966 35.4334 -1.0935
-0 33.8658 110.8041 -1.0968 35.4243 -1.0932
-0 33.8734 110.8043 -1.097 35.4165 -1.0929
-0 33.8797 110.8044 -1.0972 35.4101 -1.0927
-0 33.8846 110.8045 -1.0973 35.4052 -1.0926
-0 33.888 110.8045 -1.0974 35.4016 -1.0924
-0 33.8901 110.8046 -1.0975 35.3995 -1.0924
-0 33.8908 110.8046 -1.0975 35.3988 -1.0923
-0 33.8901 110.8046 -1.0975 35.3995 -1.0924
-0 33.888 110.8045 -1.0974 35.4016 -1.0924
-0 33.8846 110.8045 -1.0973 35.4052 -1.0926
-0 33.8797 110.8044 -1.0972 35.4101 -1.0927
-0 33.8734 110.8043 -1.097 35.4165 -1.0929
-0 33.8658 110.8041 -1.0968 35.4243 -1.0932
-0 33.8568 110.804 -1.0966 35.4334 -1.0935
-0 33.8464 110.8038 -1.0963 35.444 -1.0938
-0 33.8346 110.8036 -1.096 35.4561 -1.0942
-0 33.8214 110.8033 -1.0956 35.4695 -1.0947
-0 33.8068 110.8031 -1.0952 35.4844 -1.0952
-0 33.7908 110.8027 -1.0948 35.5006 -1.0957
-0 33.7735 110.8024 -1.0943 35.5183 -1.0963
-0 33.7548 110.802 -1.0938 35.5374 -1.0969
-0 33.7347 110.8016 -1.0932 35.5579 -1.0976
-0 33.7132 110.8011 -1.0927 35.5799 -1.0983
-0 33.6903 110.8006 -1.092 35.6032 -1.0991
-0 33.666 110.8001 -1.0914 35.628 -1.0999
-0 33.6404 110.7995 -1.0907 35.6542 -1.1007
-0 33.6134 110.7989 -1.0899 35.6819 -1.1016
-0 33.585 110.7982 -1.0892 35.7109 -1.1026
-0 33.5553 110.7974 -1.0884 35.7414 -1.1036
-0 33.5242 110.7966 -1.0875 35.7734 -1.1046
-0 33.4917 110.7958 -1.0866 35.8067 -1.1057
-0 33.4578 110.7948 -1.0857 35.8415 -1.1068
-0 33.4226 110.7938 -1.0848 35.8777 -1.108
-0 33.386 110.7927 -1.0838 35.9154 -1.1092
-0 33.3481 110.7916 -1.0828 35.9545 -1.1105
-0 33.3087 110.7904 -1.0817 35.995 -1.1118
-0 33.2681 110.7891 -1.0806 36.037 -1.1131
-0 33.226 110.7877 -1.0795 36.0804 -1.1145
-0 33.1827 110.7862 -1.0784 36.1252 -1.1159
-0 33.1379 110.7846 -1.0772 36.1716 -1.1174
-0 33.0919 110.7829 -1.0759 36.2193 -1.1189
-0 33.0444 110.7811 -1.0747 36.2685 -1.1205
-0 32.9957 110.7792 -1.0734 36.3192 -1.1221
-0 32.9456 110.7772 -1.0721 36.3713 -1.1238
-0 32.8941 110.775 -1.0707 36.4249 -1.1254
-0 32.8413 110.7728 -1.0693 36.4799 -1.1272
-0 32.7872 110.7704 -1.0679 36.5364 -1.1289
-0.0001 32.7327 110.7679 -1.0667 36.5934 -1.1307
-0.0006 32.6787 110.7655 -1.0661 36.6498 -1.1322
-0.0013 32.6252 110.7631 -1.0661 36.7056 -1.1336
-0.0023 32.5722 110.7607 -1.0667 36.7609 -1.1348
-0.0036 32.5196 110.7583 -1.0678 36.8156 -1.1359
-0.0052 32.4676 110.7559 -1.0695 36.8698 -1.1368
-0.0071 32.4161 110.7536 -1.0717 36.9235 -1.1376
-0.0092 32.3651 110.7513 -1.0744 36.9766 -1.1382
-0.0116 32.3146 110.749 -1.0777 37.0291 -1.1387
-0.0143 32.2646 110.7467 -1.0815 37.0811 -1.139
-0.0172 32.215 110.7445 -1.0859 37.1325 -1.1392
-0.0204 32.166 110.7423 -1.0907 37.1834 -1.1392
-0.0239 32.1175 110.7401 -1.0961 37.2338 -1.139
-0.0276 32.0695 110.7379 -1.102 37.2836 -1.1387
-0.0316 32.022 110.7357 -1.1084 37.3328 -1.1383
-0.0359 31.975 110.7336 -1.1154 37.3815 -1.1377
-0.0404 31.9285 110.7314 -1.1228 37.4296 -1.137
-0.0451 31.8825 110.7293 -1.1307 37.4772 -1.1361
-0.0501 31.837 110.7273 -1.1391 37.5243 -1.1351
-0.0553 31.792 110.7252 -1.148 37.5708 -1.1339
-0.0608 31.7475 110.7232 -1.1573 37.6168 -1.1326
-0.0665 31.7035 110.7212 -1.1672 37.6622 -1.1312
-0.0725 31.66 110.7192 -1.1775 37.707 -1.1296
-0.0787 31.617 110.7172 -1.1883 37.7513 -1.1279
-0.0851 31.5745 110.7152 -1.1995 37.7951 -1.1261
-0.0917 31.5324 110.7133 -1.2112 37.8383 -1.1241
-0.0986 31.4909 110.7114 -1.2233 37.881 -1.1219
-0.1057 31.4499 110.7095 -1.2359 37.9232 -1.1197
-0.113 31.4094 110.7076 -1.249 37.9648 -1.1173
-0.1205 31.3694 110.7058 -1.2624 38.0058 -1.1147
-0.1282 31.3299 110.7039 -1.2763 38.0463 -1.1121
-0.1362 31.2909 110.7021 -1.2907 38.0863 -1.1093
-0.1444 31.2524 110.7004 -1.3054 38.1257 -1.1064
-0.1527 31.2144 110.6986 -1.3206 38.1646 -1.1033
-0.1613 31.1769 110.6969 -1.3361 38.2029 -1.1001
-0.1701 31.1399 110.6951 -1.3521 38.2407 -1.0968
-0.179 31.1034 110.6934 -1.3685 38.2779 -1.0934
-0.1882 31.0674 110.6918 -1.3853 38.3147 -1.0899
-0.1975 31.0319 110.6901 -1.4025 38.3508 -1.0862
-0.2071 30.9969 110.6885 -1.42 38.3864 -1.0824
-0.2168 30.9624 110.6869 -1.438 38.4215 -1.0784
-0.2267 30.9284 110.6853 -1.4563 38.4561 -1.0744
-0.2368 30.8949 110.6837 -1.475 38.4901 -1.0702
-0.2471 30.8619 110.6821 -1.4941 38.5235 -1.0659
-0.2576 30.8294 110.6806 -1.5135 38.5565 -1.0615
-0.2682 30.7974 110.6791 -1.5333 38.5889 -1.057
-0.279 30.7659 110.6776 -1.5534 38.6207 -1.0524
-0.29 30.7349 110.6762 -1.5739 38.652 -1.0476
-0.3011 30.7044 110.6747 -1.5948 38.6828 -1.0428
-0.3124 30.6744 110.6733 -1.616 38.713 -1.0378
-0.3239 30.6449 110.6719 -1.6375 38.7427 -1.0327
-0.3355 30.6159 110.6705 -1.6593 38.7719 -1.0275
-0.3473 30.5874 110.6692 -1.6815 38.8005 -1.0222
-0.3592 30.5594 110.6678 -1.704 38.8286 -1.0167
-0.3713 30.5319 110.6665 -1.7268 38.8561 -1.0112
-0.3835 30.5049 110.6652 -1.7499 38.8831 -1.0056
-0.3959 30.4784 110.6639 -1.7733 38.9096 -0.9998
-0.4084 30.4524 110.6627 -1.797 38.9356 -0.9939
-0.421 30.4269 110.6615 -1.821 38.961 -0.988
-0.4338 30.4019 110.6603 -1.8453 38.9858 -0.9819
-0.4467 30.3774 110.6591 -1.8699 39.0102 -0.9758
-0.4598 30.3534 110.6579 -1.8948 39.034 -0.9695
-0.473 30.3299 110.6568 -1.92 39.0573 -0.9631
-0.4863 30.3069 110.6557 -1.9454 39.08 -0.9566
-0.4997 30.2844 110.6546 -1.9711 39.1022 -0.9501
-0.5132 30.2624 110.6535 -1.997 39.1239 -0.9434
-0.5269 30.2408 110.6524 -2.0232 39.145 -0.9366
-0.5407 30.2198 110.6514 -2.0497 39.1656 -0.9298
-0.5546 30.1993 110.6504 -2.0764 39.1857 -0.9228
-0.5686 30.1793 110.6494 -2.1034 39.2052 -0.9158
-0.5827 30.1598 110.6484 -2.1305 39.2242 -0.9086
-0.5969 30.1408 110.6475 -2.158 39.2427 -0.9014
-0.6112 30.1223 110.6466 -2.1856 39.2607 -0.8941
-0.6257 30.1042 110.6457 -2.2135 39.2781 -0.8866
-0.6402 30.0867 110.6448 -2.2416 39.295 -0.8791
-0.6548 30.0697 110.6439 -2.2699 39.3113 -0.8715
-0.6695 30.0532 110.6431 -2.2984 39.3272 -0.8638
-0.6843 30.0372 110.6423 -2.3271 39.3425 -0.8561
-0.6991 30.0216 110.6415 -2.356 39.3572 -0.8482
-0.7141 30.0066 110.6407 -2.3852 39.3715 -0.8403
-0.7291 29.9921 110.64 -2.4145 39.3852 -0.8322
-0.7442 29.9781 110.6392 -2.444 39.3984 -0.8241
-0.7594 29.9645 110.6385 -2.4736 39.4111 -0.8159
-0.7747 29.9515 110.6378 -2.5035 39.4232 -0.8077
-0.79 29.939 110.6372 -2.5335 39.4348 -0.7993
-0.8054 29.927 110.6365 -2.5636 39.4459 -0.7909
-0.8209 29.9154 110.6359 -2.594 39.4564 -0.7824
-0.8364 29.9044 110.6353 -2.6245 39.4665 -0.7738
-0.852 29.8939 110.6348 -2.6551 39.476 -0.7651
-0.8676 29.8838 110.6342 -2.6859 39.4849 -0.7564
-0.8833 29.8743 110.6337 -2.7168 39.4934 -0.7476
-0.8991 29.8652 110.6332 -2.7479 39.5013 -0.7387
-0.9148 29.8567 110.6327 -2.7791 39.5087 -0.7297
-0.9307 29.8487 110.6322 -2.8104 39.5156 -0.7207
-0.9466 29.8411 110.6318 -2.8419 39.522 -0.7116
-0.9625 29.8341 110.6314 -2.8735 39.5278 -0.7025
-0.9784 29.8275 110.631 -2.9051 39.5331 -0.6932
-0.9944 29.8215 110.6306 -2.9369 39.5379 -0.6839
-1.0104 29.8159 110.6302 -2.9688 39.5422 -0.6745
-1.0265 29.8109 110.6299 -3.0008 39.5459 -0.6651
-1.0426 29.8063 110.6296 -3.0329 39.5491 -0.6556
-1.0587 29.8023 110.6293 -3.065 39.5518 -0.646
-1.0748 29.7987 110.629 -3.0973 39.554 -0.6364
-1.091 29.7957 110.6288 -3.1296 39.5557 -0.6267
-1.1071 29.7931 110.6286 -3.162 39.5568 -0.617
-1.1233 29.791 110.6284 -3.1945 39.5574 -0.6072
-1.1395 29.7895 110.6282 -3.227 39.5575 -0.5973
-1.1557 29.7884 110.6281 -3.2596 39.5571 -0.5874
-1.1719 29.7878 110.6279 -3.2922 39.5561 -0.5774
-1.1881 29.7878 110.6278 -3.3249 39.5547 -0.5674
-1.2043 29.7882 110.6277 -3.3576 39.5527 -0.5573
-1.2205 29.7891 110.6277 -3.3904 39.5502 -0.5471
-1.2367 29.7905 110.6276 -3.4232 39.5472 -0.5369
-1.2528 29.7925 110.6276 -3.4561 39.5436 -0.5267
-1.269 29.7949 110.6276 -3.4889 39.5396 -0.5164
-1.2852 29.7978 110.6276 -3.5218 39.535 -0.506
-1.3013 29.8012 110.6277 -3.5547 39.5299 -0.4956
-1.3174 29.8051 110.6278 -3.5876 39.5243 -0.4852
-1.3335 29.8095 110.6279 -3.6206 39.5182 -0.4747
-1.3496 29.8144 110.628 -3.6535 39.5116 -0.4641
-1.3657 29.8198 110.6281 -3.6864 39.5044 -0.4535
-1.3817 29.8257 110.6283 -3.7193 39.4967 -0.4429
-1.3977 29.8321 110.6285 -3.7522 39.4886 -0.4322
-1.4137 29.839 110.6287 -3.7851 39.4799 -0.4215
-1.4296 29.8464 110.6289 -3.8179 39.4707 -0.4107
-1.4455 29.8543 110.6291 -3.8507 39.4609 -0.3999
-1.4613 29.8627 110.6294 -3.8835 39.4507 -0.3891
-1.4771 29.8716 110.6297 -3.9163 39.4399 -0.3782
-1.4928 29.881 110.63 -3.949 39.4287 -0.3673
-1.5085 29.8909 110.6304 -3.9816 39.4169 -0.3563
-1.5242 29.9012 110.6307 -4.0142 39.4046 -0.3454
-1.5397 29.9121 110.6311 -4.0468 39.3918 -0.3343
-1.5553 29.9235 110.6315 -4.0793 39.3785 -0.3233
-1.5707 29.9354 110.632 -4.1117 39.3647 -0.3122
-1.5861 29.9477 110.6324 -4.144 39.3503 -0.3011
-1.6014 29.9606 110.6329 -4.1763 39.3355 -0.2899
-1.6167 29.974 110.6334 -4.2085 39.3201 -0.2787
-1.6319 29.9878 110.6339 -4.2406 39.3043 -0.2675
-1.647 30.0022 110.6345 -4.2726 39.2879 -0.2563
-1.662 30.017 110.635 -4.3045 39.271 -0.245
-1.677 30.0324 110.6356 -4.3363 39.2536 -0.2337
-1.6919 30.0482 110.6362 -4.368 39.2357 -0.2224
-1.7067 30.0646 110.6369 -4.3996 39.2173 -0.211
-1.7214 30.0814 110.6375 -4.4311 39.1983 -0.1997
-1.736 30.0988 110.6382 -4.4625 39.1789 -0.1883
-1.7505 30.1166 110.6389 -4.4937 39.159 -0.1769
-1.7649 30.1349 110.6396 -4.5248 39.1385 -0.1654
-1.7792 30.1538 110.6404 -4.5558 39.1176 -0.154
-1.7934 30.1731 110.6412 -4.5866 39.0961 -0.1425
-1.8075 30.1929 110.642 -4.6173 39.0741 -0.131
-1.8215 30.2132 110.6428 -4.6479 39.0517 -0.1195
-1.8354 30.2341 110.6436 -4.6782 39.0287 -0.108
-1.8492 30.2554 110.6445 -4.7085 39.0052 -0.0965
-1.8629 30.2772 110.6454 -4.7385 38.9812 -0.0849
-1.8764 30.2995 110.6463 -4.7684 38.9567 -0.0733
-1.8899 30.3223 110.6472 -4.7981 38.9317 -0.0618
-1.9032 30.3456 110.6482 -4.8277 38.9062 -0.0502
-1.9163 30.3694 110.6491 -4.857 38.8802 -0.0386
-1.9294 30.3937 110.6501 -4.8862 38.8537 -0.027
-1.9423 30.4185 110.6512 -4.9152 38.8267 -0.0154
-1.9551 30.4438 110.6522 -4.944 38.7991 -0.0038
-1.9678 30.4695 110.6533 -4.9725 38.7711 0.0078
-1.9803 30.4958 110.6544 -5.0009 38.7426 0.0195
-1.9926 30.5226 110.6555 -5.0291 38.7136 0.0311
-2.0049 30.5499 110.6566 -5.057 38.684 0.0427
-2.0169 30.5776 110.6578 -5.0847 38.654 0.0544
-2.0289 30.6059 110.659 -5.1122 38.6235 0.066
-2.0406 30.6347 110.6602 -5.1395 38.5925 0.0777
-2.0523 30.6639 110.6614 -5.1665 38.5609 0.0893
-2.0637 30.6937 110.6627 -5.1933 38.5289 0.1009
-2.075 30.7239 110.664 -5.2198 38.4964 0.1126
-2.0862 30.7547 110.6653 -5.2461 38.4633 0.1242
-2.0971 30.7859 110.6666 -5.2721 38.4298 0.1358
-2.1079 30.8177 110.6679 -5.2979 38.3958 0.1474
-2.1186 30.8499 110.6693 -5.3234 38.3612 0.1591
-2.129 30.8826 110.6707 -5.3486 38.3262 0.1707
-2.1393 30.9159 110.6721 -5.3736 38.2907 0.1823
-2.1494 30.9496 110.6736 -5.3983 38.2546 0.1938
-2.1593 30.9838 110.675 -5.4227 38.2181 0.2054
-2.169 31.0185 110.6765 -5.4468 38.1811 0.217
-2.1786 31.0537 110.678 -5.4706 38.1436 0.2285
-2.1879 31.0894 110.6796 -5.4941 38.1056 0.2401
-2.1971 31.1256 110.6811 -5.5173 38.0671 0.2516
-2.2061 31.1623 110.6827 -5.5402 38.0281 0.2631
-2.2148 31.1995 110.6843 -5.5628 37.9886 0.2746
-2.2234 31.2372 110.6859 -5.585 37.9486 0.2861
-2.2318 31.2754 110.6876 -5.607 37.9081 0.2975
-2.2399 31.3141 110.6893 -5.6286 37.8671 0.309
-2.2479 31.3533 110.691 -5.6499 37.8256 0.3204
-2.2556 31.3929 110.6927 -5.6708 37.7836 0.3318
-2.2632 31.4331 110.6944 -5.6914 37.7412 0.3432
-2.2705 31.4738 110.6962 -5.7116 37.6982 0.3545
-2.2775 31.5149 110.698 -5.7315 37.6548 0.3659
-2.2844 31.5566 110.6998 -5.7511 37.6108 0.3772
-2.2911 31.5987 110.7016 -5.7703 37.5664 0.3885
-2.2975 31.6414 110.7035 -5.7891 37.5214 0.3997
-2.3036 31.6845 110.7054 -5.8075 37.476 0.4109
-2.3096 31.7281 110.7073 -5.8256 37.4301 0.4221
-2.3153 31.7723 110.7092 -5.8432 37.3837 0.4333
-2.3208 31.8169 110.7112 -5.8605 37.3368 0.4445
-2.326 31.862 110.7132 -5.8774 37.2894 0.4556
-2.331 31.9076 110.7152 -5.8939 37.2415 0.4666
-2.3358 31.9538 110.7172 -5.91 37.1932 0.4777
-2.3403 32.0004 110.7192 -5.9257 37.1443 0.4887
-2.3445 32.0475 110.7213 -5.941 37.095 0.4996
-2.3485 32.0951 110.7234 -5.9559 37.0451 0.5106
-2.3522 32.1432 110.7255 -5.9703 36.9948 0.5215
-2.3557 32.1918 110.7277 -5.9844 36.944 0.5323
-2.3589 32.2408 110.7298 -5.998 36.8927 0.5432
-2.3618 32.2904 110.732 -6.0111 36.8409 0.5539
-2.3645 32.3405 110.7343 -6.0238 36.7886 0.5647
-2.3669 32.3911 110.7365 -6.0361 36.7359 0.5754
-2.3691 32.4421 110.7388 -6.048 36.6826 0.586
-2.3709 32.4937 110.741 -6.0593 36.6289 0.5966
-2.3725 32.5457 110.7434 -6.0702 36.5747 0.6072
-2.3738 32.5983 110.7457 -6.0807 36.5199 0.6177
-2.3748 32.6513 110.748 -6.0907 36.4648 0.6282
-2.3755 32.7049 110.7504 -6.1002 36.4091 0.6386
-2.376 32.7589 110.7528 -6.1092 36.3529 0.649
-2.3761 32.8134 110.7553 -6.1178 36.2963 0.6593
-2.3761 32.8675 110.7576 -6.126 36.2401 0.6695
-2.3761 32.9203 110.7599 -6.134 36.1854 0.6795
-2.3761 32.9718 110.762 -6.1418 36.1321 0.6892
-2.3761 33.0219 110.764 -6.1495 36.0803 0.6986
-2.3761 33.0706 110.7659 -6.1569 36.03 0.7079
-2.3761 33.1181 110.7677 -6.1642 35.9811 0.7168
-2.3761 33.1641 110.7693 -6.1713 35.9336 0.7256
-2.3761 33.2089 110.7709 -6.1781 35.8876 0.7341
-2.3761 33.2522 110.7724 -6.1848 35.843 0.7423
-2.3761 33.2943 110.7737 -6.1913 35.7998 0.7503
-2.3761 33.3349 110.775 -6.1976 35.7581 0.758
-2.3761 33.3743 110.7762 -6.2037 35.7178 0.7655
-2.3761 33.4122 110.7774 -6.2095 35.679 0.7728
-2.3761 33.4488 110.7784 -6.2152 35.6415 0.7798
-2.3761 33.484 110.7794 -6.2207 35.6055 0.7865
-2.3761 33.5179 110.7803 -6.226 35.571 0.793
-2.3761 33.5504 110.7812 -6.231 35.5378 0.7992
-2.3761 33.5815 110.782 -6.2359 35.5061 0.8052
-2.3761 33.6113 110.7827 -6.2405 35.4758 0.8109
-2.3761 33.6396 110.7834 -6.245 35.4469 0.8163
-2.3761 33.6666 110.784 -6.2492 35.4194 0.8215
-2.3761 33.6923 110.7846 -6.2532 35.3934 0.8264
-2.3761 33.7165 110.7851 -6.257 35.3687 0.8311
-2.3761 33.7394 110.7856 -6.2606 35.3455 0.8355
-2.3761 33.7609 110.7861 -6.264 35.3237 0.8396
-2.3761 33.781 110.7865 -6.2671 35.3033 0.8435
-2.3761 33.7997 110.7869 -6.2701 35.2843 0.8471
-2.3761 33.8171 110.7872 -6.2728 35.2667 0.8505
-2.3761 33.833 110.7875 -6.2753 35.2506 0.8535
-2.3761 33.8476 110.7878 -6.2776 35.2358 0.8563
-2.3761 33.8608 110.788 -6.2797 35.2225 0.8589
-2.3761 33.8726 110.7882 -6.2816 35.2105 0.8612
-2.3761 33.883 110.7884 -6.2832 35.2 0.8632
-2.3761 33.892 110.7886 -6.2846 35.1909 0.8649
-2.3761 33.8997 110.7887 -6.2858 35.1831 0.8664
-2.3761 33.9059 110.7888 -6.2868 35.1768 0.8676
-2.3761 33.9108 110.7889 -6.2876 35.1719 0.8686
-2.3761 33.9143 110.7889 -6.2881 35.1684 0.8692
-2.3761 33.9163 110.789 -6.2885 35.1663 0.8696
-2.3761 33.917 110.789 -6.2886 35.1656 0.8698
-2.3761 33.9163 110.789 -6.2885 35.1663 0.8696
-2.3761 33.9143 110.7889 -6.2881 35.1684 0.8692
-2.3761 33.9108 110.7889 -6.2876 35.1719 0.8686
-2.3761 33.9059 110.7888 -6.2868 35.1768 0.8676
-2.3761 33.8997 110.7887 -6.2858 35.1831 0.8664
-2.3761 33.892 110.7886 -6.2846 35.1909 0.8649
-2.3761 33.883 110.7884 -6.2832 35.2 0.8632
-2.3761 33.8726 110.7882 -6.2816 35.2105 0.8612
-2.3761 33.8608 110.788 -6.2797 35.2225 0.8589
-2.3761 33.8476 110.7878 -6.2776 35.2358 0.8563
-2.3761 33.833 110.7875 -6.2753 35.2506 0.8535
-2.3761 33.8171 110.7872 -6.2728 35.2667 0.8505
-2.3761 33.7997 110.7869 -6.2701 35.2843 0.8471
-2.3761 33.781 110.7865 -6.2671 35.3033 0.8435
-2.3761 33.7609 110.7861 -6.264 35.3237 0.8396
-2.3761 33.7394 110.7856 -6.2606 35.3455 0.8355
-2.3761 33.7165 110.7851 -6.257 35.3687 0.8311
-2.3761 33.6923 110.7846 -6.2532 35.3934 0.8264
-2.3761 33.6666 110.784 -6.2492 35.4194 0.8215
-2.3761 33.6396 110.7834 -6.245 35.4469 0.8163
-2.3761 33.6113 110.7827 -6.2405 35.4758 0.8109
-2.3761 33.5815 110.782 -6.2359 35.5061 0.8052
-2.3761 33.5504 110.7812 -6.231 35.5378 0.7992
-2.3761 33.5179 110.7803 -6.226 35.571 0.793
-2.3761 33.484 110.7794 -6.2207 35.6055 0.7865
-2.3761 33.4488 110.7784 -6.2152 35.6415 0.7798
-2.3761 33.4122 110.7774 -6.2095 35.679 0.7728
-2.3761 33.3743 110.7762 -6.2037 35.7178 0.7655
-2.3761 33.3349 110.775 -6.1976 35.7581 0.758
-2.3761 33.2943 110.7737 -6.1913 35.7998 0.7503
-2.3761 33.2522 110.7724 -6.1848 35.843 0.7423
-2.3761 33.2089 110.7709 -6.1781 35.8876 0.7341
-2.3761 33.1641 110.7693 -6.1713 35.9336 0.7256
-2.3761 33.1181 110.7677 -6.1642 35.9811 0.7168
-2.3761 33.0706 110.7659 -6.1569 36.03 0.7079
-2.3761 33.0219 110.764 -6.1495 36.0803 0.6986
-2.3761 32.9718 110.762 -6.1418 36.1321 0.6892
-2.3761 32.9203 110.7599 -6.134 36.1854 0.6795
-2.3761 32.8675 110.7576 -6.126 36.2401 0.6695
-2.3761 32.8134 110.7553 -6.1178 36.2963 0.6593
-2.3761 32.7589 110.7528 -6.1095 36.3529 0.6491
-2.3761 32.7049 110.7504 -6.1013 36.409 0.6389
-2.3761 32.6513 110.748 -6.0932 36.4646 0.6288
-2.3761 32.5983 110.7457 -6.0851 36.5197 0.6189
-2.3761 32.5458 110.7433 -6.0772 36.5743 0.609
-2.3761 32.4937 110.741 -6.0693 36.6283 0.5992
-2.3761 32.4422 110.7387 -6.0615 36.6818 0.5895
-2.3761 32.3912 110.7364 -6.0537 36.7348 0.5799
-2.3761 32.3406 110.7342 -6.0461 36.7873 0.5704
-2.3761 32.2906 110.732 -6.0385 36.8393 0.561
-2.3761 32.241 110.7297 -6.031 36.8908 0.5517
-2.3761 32.192 110.7276 -6.0236 36.9417 0.5425
-2.3761 32.1434 110.7254 -6.0162 36.9921 0.5333
-2.3761 32.0954 110.7233 -6.0089 37.0421 0.5243
-2.3761 32.0478 110.7211 -6.0017 37.0914 0.5153
-2.3761 32.0008 110.719 -5.9946 37.1403 0.5065
-2.3761 31.9542 110.717 -5.9875 37.1887 0.4977
-2.3761 31.9081 110.7149 -5.9805 37.2365 0.4891
-2.3761 31.8626 110.7129 -5.9736 37.2838 0.4805
-2.3761 31.8175 110.7109 -5.9668 37.3306 0.472
-2.3761 31.7729 110.7089 -5.96 37.3769 0.4637
-2.3761 31.7289 110.7069 -5.9534 37.4227 0.4554
-2.3761 31.6853 110.705 -5.9468 37.468 0.4472
-2.3761 31.6422 110.7031 -5.9402 37.5127 0.4391
-2.3761 31.5997 110.7012 -5.9338 37.5569 0.4311
-2.3761 31.5576 110.6993 -5.9274 37.6006 0.4232
-2.3761 31.516 110.6974 -5.9211 37.6438 0.4153
-2.3761 31.4749 110.6956 -5.9149 37.6865 0.4076
-2.3761 31.4343 110.6938 -5.9087 37.7286 0.4
-2.3761 31.3942 110.692 -5.9026 37.7703 0.3924
-2.3761 31.3547 110.6902 -5.8966 37.8114 0.385
-2.3761 31.3156 110.6885 -5.8907 37.852 0.3776
-2.3761 31.277 110.6868 -5.8849 37.8921 0.3704
-2.3761 31.2389 110.6851 -5.8791 37.9316 0.3632
-2.3761 31.2013 110.6834 -5.8734 37.9707 0.3561
-2.3761 31.1642 110.6817 -5.8678 38.0092 0.3492
-2.3761 31.1276 110.6801 -5.8622 38.0472 0.3423
-2.3761 31.0915 110.6785 -5.8568 38.0847 0.3355
-2.3761 31.0559 110.6769 -5.8514 38.1217 0.3288
-2.3761 31.0208 110.6753 -5.846 38.1582 0.3222
-2.3761 30.9862 110.6738 -5.8408 38.1941 0.3157
-2.3761 30.9521 110.6723 -5.8356 38.2295 0.3093
-2.3761 30.9185 110.6708 -5.8305 38.2644 0.303
-2.3761 30.8853 110.6693 -5.8255 38.2988 0.2967
-2.3761 30.8527 110.6679 -5.8206 38.3327 0.2906
-2.3761 30.8206 110.6664 -5.8157 38.3661 0.2846
-2.3761 30.789 110.665 -5.8109 38.3989 0.2786
-2.3761 30.7579 110.6636 -5.8062 38.4312 0.2728
-2.3761 30.7272 110.6623 -5.8015 38.463 0.267
-2.3761 30.6971 110.6609 -5.797 38.4943 0.2613
-2.3761 30.6675 110.6596 -5.7925 38.5251 0.2558
-2.3761 30.6383 110.6583 -5.7881 38.5554 0.2503
-2.3761 30.6097 110.657 -5.7837 38.5851 0.2449
-2.3761 30.5816 110.6558 -5.7795 38.6143 0.2396
-2.3761 30.5539 110.6545 -5.7753 38.643 0.2344
-2.3761 30.5268 110.6533 -5.7712 38.6712 0.2293
-2.3761 30.5002 110.6521 -5.7671 38.6989 0.2243
-2.3761 30.474 110.651 -5.7632 38.726 0.2194
-2.3761 30.4484 110.6498 -5.7593 38.7527 0.2146
-2.3761 30.4232 110.6487 -5.7555 38.7788 0.2098
-2.3761 30.3986 110.6476 -5.7517 38.8044 0.2052
-2.3761 30.3744 110.6465 -5.7481 38.8295 0.2007
-2.3761 30.3508 110.6455 -5.7445 38.854 0.1962
-2.3761 30.3276 110.6444 -5.741 38.8781 0.1918
-2.3761 30.305 110.6434 -5.7375 38.9016 0.1876
-2.3761 30.2828 110.6424 -5.7342 38.9246 0.1834
-2.3761 30.2611 110.6415 -5.7309 38.9471 0.1793
-2.3761 30.24 110.6405 -5.7277 38.9691 0.1754
-2.3761 30.2193 110.6396 -5.7246 38.9906 0.1715
-2.3761 30.1992 110.6387 -5.7215 39.0115 0.1677
-2.3761 30.1795 110.6378 -5.7185 39.032 0.164
-2.3761 30.1603 110.637 -5.7156 39.0519 0.1604
-2.3761 30.1416 110.6362 -5.7128 39.0713 0.1569
-2.3761 30.1235 110.6353 -5.71 39.0901 0.1535
-2.3761 30.1058 110.6346 -5.7074 39.1085 0.1501
-2.3761 30.0886 110.6338 -5.7048 39.1263 0.1469
-2.3761 30.0719 110.633 -5.7022 39.1437 0.1438
-2.3761 30.0557 110.6323 -5.6998 39.1605 0.1407
-2.3761 30.0401 110.6316 -5.6974 39.1768 0.1378
-2.3761 30.0249 110.6309 -5.6951 39.1926 0.1349
-2.3761 30.0102 110.6303 -5.6929 39.2078 0.1322
-2.3761 29.996 110.6297 -5.6907 39.2225 0.1295
-2.3761 29.9823 110.629 -5.6886 39.2368 0.1269
-2.3761 29.9691 110.6285 -5.6866 39.2505 0.1244
-2.3761 29.9564 110.6279 -5.6847 39.2637 0.122
-2.3761 29.9442 110.6273 -5.6829 39.2763 0.1197
-2.3761 29.9325 110.6268 -5.6811 39.2885 0.1175
-2.3761 29.9213 110.6263 -5.6794 39.3001 0.1154
-2.3761 29.9106 110.6259 -5.6778 39.3112 0.1134
-2.3761 29.9004 110.6254 -5.6762 39.3218 0.1115
-2.3761 29.8907 110.625 -5.6748 39.3319 0.1097
-2.3761 29.8815 110.6246 -5.6734 39.3415 0.1079
-2.3761 29.8727 110.6242 -5.672 39.3506 0.1063
-2.3761 29.8645 110.6238 -5.6708 39.3591 0.1048
-2.3761 29.8568 110.6235 -5.6696 39.3671 0.1033
-2.3761 29.8496 110.6231 -5.6685 39.3746 0.102
-2.3761 29.8429 110.6228 -5.6675 39.3816 0.1007
-2.3761 29.8366 110.6226 -5.6666 39.3881 0.0995
-2.3761 29.8309 110.6223 -5.6657 39.394 0.0984
-2.3761 29.8257 110.6221 -5.6649 39.3994 0.0975
-2.3761 29.821 110.6219 -5.6642 39.4043 0.0966
-2.3761 29.8167 110.6217 -5.6635 39.4087 0.0958
-2.3761 29.813 110.6215 -5.663 39.4126 0.0951
-2.3761 29.8097 110.6214 -5.6625 39.416 0.0945
-2.3761 29.807 110.6212 -5.6621 39.4188 0.0939
-2.3761 29.8048 110.6211 -5.6617 39.4212 0.0935
-2.3761 29.803 110.6211 -5.6615 39.423 0.0932
-2.3761 29.8018 110.621 -5.6613 39.4243 0.093
-2.3761 29.801 110.621 -5.6612 39.425 0.0928
-2.3761 29.8008 110.621 -5.6611 39.4253 0.0928
-2.3761 29.801 110.621 -5.6612 39.425 0.0928
-2.3761 29.8018 110.621 -5.6613 39.4243 0.093
-2.3761 29.803 110.6211 -5.6615 39.423 0.0932
-2.3761 29.8048 110.6211 -5.6617 39.4212 0.0935
-2.3761 29.807 110.6212 -5.6621 39.4188 0.0939
-2.3761 29.8097 110.6214 -5.6625 39.416 0.0945
-2.3761 29.813 110.6215 -5.663 39.4126 0.0951
-2.3761 29.8167 110.6217 -5.6635 39.4087 0.0958
-2.3761 29.821 110.6219 -5.6642 39.4043 0.0966
-2.3761 29.8257 110.6221 -5.6649 39.3994 0.0975
-2.3761 29.8309 110.6223 -5.6657 39.394 0.0984
-2.3761 29.8366 110.6226 -5.6666 39.3881 0.0995
-2.3761 29.8429 110.6228 -5.6675 39.3816 0.1007
-2.3761 29.8496 110.6231 -5.6685 39.3746 0.102
-2.3761 29.8568 110.6235 -5.6696 39.3671 0.1033
-2.3761 29.8645 110.6238 -5.6708 39.3591 0.1048
-2.3761 29.8727 110.6242 -5.672 39.3506 0.1063
-2.3761 29.8815 110.6246 -5.6734 39.3415 0.1079
-2.3761 29.8907 110.625 -5.6748 39.3319 0.1097
-2.3761 29.9004 110.6254 -5.6762 39.3218 0.1115
-2.3761 29.9106 110.6259 -5.6778 39.3112 0.1134
-2.3761 29.9213 110.6263 -5.6794 39.3001 0.1154
-2.3761 29.9325 110.6268 -5.6811 39.2885 0.1175
-2.3761 29.9442 110.6273 -5.6829 39.2763 0.1197
-2.3761 29.9564 110.6279 -5.6847 39.2637 0.122
-2.3761 29.9691 110.6285 -5.6866 39.2505 0.1244
-2.3761 29.9823 110.629 -5.6886 39.2368 0.1269
-2.3761 29.996 110.6297 -5.6907 39.2225 0.1295
-2.3761 30.0102 110.6303 -5.6929 39.2078 0.1322
-2.3761 30.0249 110.6309 -5.6951 39.1926 0.1349
-2.3761 30.0401 110.6316 -5.6974 39.1768 0.1378
-2.3761 30.0557 110.6323 -5.6998 39.1605 0.1407
-2.3761 30.0719 110.633 -5.7022 39.1437 0.1438
-2.3761 30.0886 110.6338 -5.7048 39.1263 0.1469
-2.3761 30.1058 110.6346 -5.7074 39.1085 0.1501
-2.3761 30.1235 110.6353 -5.71 39.0901 0.1535
-2.3761 30.1416 110.6362 -5.7128 39.0713 0.1569
-2.3761 30.1603 110.637 -5.7156 39.0519 0.1604
-2.3761 30.1795 110.6378 -5.7185 39.032 0.164
-2.3761 30.1992 110.6387 -5.7215 39.0115 0.1677
-2.3761 30.2193 110.6396 -5.7246 38.9906 0.1715
-2.3761 30.24 110.6405 -5.7277 38.9691 0.1754
-2.3761 30.2611 110.6415 -5.7309 38.9471 0.1793
-2.3761 30.2828 110.6424 -5.7342 38.9246 0.1834
-2.3761 30.305 110.6434 -5.7375 38.9016 0.1876
-2.3761 30.3276 110.6444 -5.741 38.8781 0.1918
-2.3761 30.3508 110.6455 -5.7445 38.854 0.1962
-2.3761 30.3744 110.6465 -5.7481 38.8295 0.2007
-2.3761 30.3986 110.6476 -5.7517 38.8044 0.2052
-2.3761 30.4232 110.6487 -5.7555 38.7788 0.2098
-2.3761 30.4484 110.6498 -5.7593 38.7527 0.2146
-2.3761 30.474 110.651 -5.7632 38.726 0.2194
-2.3761 30.5002 110.6521 -5.7671 38.6989 0.2243
-2.3761 30.5268 110.6533 -5.7712 38.6712 0.2293
-2.3761 30.5539 110.6545 -5.7753 38.643 0.2344
-2.3761 30.5816 110.6558 -5.7795 38.6143 0.2396
-2.3761 30.6097 110.657 -5.7837 38.5851 0.2449
-2.3761 30.6383 110.6583 -5.7881 38.5554 0.2503
-2.3761 30.6675 110.6596 -5.7925 38.5251 0.2558
-2.3761 30.6971 110.6609 -5.797 38.4943 0.2613
-2.3761 30.7272 110.6623 -5.8015 38.463 0.267
-2.3761 30.7579 110.6636 -5.8062 38.4312 0.2728
-2.3761 30.789 110.665 -5.8109 38.3989 0.2786
-2.3761 30.8206 110.6664 -5.8157 38.3661 0.2846
-2.3761 30.8527 110.6679 -5.8206 38.3327 0.2906
-2.3761 30.8853 110.6693 -5.8255 38.2988 0.2967
-2.3761 30.9185 110.6708 -5.8305 38.2644 0.303
-2.3761 30.9521 110.6723 -5.8356 38.2295 0.3093
-2.3761 30.9862 110.6738 -5.8408 38.1941 0.3157
-2.3761 31.0208 110.6753 -5.846 38.1582 0.3222
-2.3761 31.0559 110.6769 -5.8514 38.1217 0.3288
-2.3761 31.0915 110.6785 -5.8568 38.0847 0.3355
-2.3761 31.1276 110.6801 -5.8622 38.0472 0.3423
-2.3761 31.1642 110.6817 -5.8678 38.0092 0.3492
-2.3761 31.2013 110.6834 -5.8734 37.9707 0.3561
-2.3761 31.2389 110.6851 -5.8791 37.9316 0.3632
-2.3761 31.277 110.6868 -5.8849 37.8921 0.3704
-2.3761 31.3156 110.6885 -5.8907 37.852 0.3776
-2.3761 31.3547 110.6902 -5.8966 37.8114 0.385
-2.3761 31.3942 110.692 -5.9026 37.7703 0.3924
-2.3761 31.4343 110.6938 -5.9087 37.7286 0.4
-2.3761 31.4749 110.6956 -5.9149 37.6865 0.4076
-2.3761 31.516 110.6974 -5.9211 37.6438 0.4153
-2.3761 31.5576 110.6993 -5.9274 37.6006 0.4232
-2.3761 31.5997 110.7012 -5.9338 37.5569 0.4311
-2.3761 31.6422 110.7031 -5.9402 37.5127 0.4391
-2.3761 31.6853 110.705 -5.9468 37.468 0.4472
-2.3761 31.7289 110.7069 -5.9534 37.4227 0.4554
-2.3761 31.7729 110.7089 -5.96 37.3769 0.4637
-2.3761 31.8175 110.7109 -5.9668 37.3306 0.472
-2.3761 31.8626 110.7129 -5.9736 37.2838 0.4805
-2.3761 31.9081 110.7149 -5.9805 37.2365 0.4891
-2.3761 31.9542 110.717 -5.9875 37.1887 0.4977
-2.3761 32.0008 110.719 -5.9946 37.1403 0.5065
-2.3761 32.0478 110.7211 -6.0017 37.0914 0.5153
-2.3761 32.0954 110.7233 -6.0089 37.0421 0.5243
-2.3761 32.1434 110.7254 -6.0162 36.9921 0.5333
-2.3761 32.192 110.7276 -6.0236 36.9417 0.5425
-2.3761 32.241 110.7297 -6.031 36.8908 0.5517
-2.3761 32.2906 110.732 -6.0385 36.8393 0.561
-2.3761 32.3406 110.7342 -6.0461 36.7873 0.5704
-2.3761 32.3912 110.7364 -6.0537 36.7348 0.5799
-2.3761 32.4422 110.7387 -6.0615 36.6818 0.5895
-2.3761 32.4937 110.741 -6.0693 36.6283 0.5992
-2.3761 32.5458 110.7433 -6.0772 36.5743 0.609
-2.3761 32.5983 110.7457 -6.0851 36.5197 0.6189
-2.3761 32.6513 110.748 -6.0932 36.4646 0.6288
-2.3761 32.7049 110.7504 -6.1013 36.409 0.6389
-2.3761 32.7589 110.7528 -6.1095 36.3529 0.6491
-2.3761 32.8134 110.7553 -6.1178 36.2963 0.6593
-2.3761 32.8675 110.7576 -6.126 36.2401 0.6695
-2.3761 32.9203 110.7599 -6.134 36.1854 0.6795
-2.3761 32.9718 110.762 -6.1418 36.1321 0.6892
-2.3761 33.0219 110.764 -6.1495 36.0803 0.6986
-2.3761 33.0706 110.7659 -6.1569 36.03 0.7079
-2.3761 33.1181 110.7677 -6.1642 35.9811 0.7168
-2.3761 33.1641 110.7693 -6.1713 35.9336 0.7256
-2.3761 33.2089 110.7709 -6.1781 35.8876 0.7341
-2.3761 33.2522 110.7724 -6.1848 35.843 0.7423
-2.3761 33.2943 110.7737 -6.1913 35.7998 0.7503
-2.3761 33.3349 110.775 -6.1976 35.7581 0.758
-2.3761 33.3743 110.7762 -6.2037 35.7178 0.7655
-2.3761 33.4122 110.7774 -6.2095 35.679 0.7728
-2.3761 33.4488 110.7784 -6.2152 35.6415 0.7798
-2.3761 33.484 110.7794 -6.2207 35.6055 0.7865
-2.3761 33.5179 110.7803 -6.226 35.571 0.793
-2.3761 33.5504 110.7812 -6.231 35.5378 0.7992
-2.3761 33.5815 110.782 -6.2359 35.5061 0.8052
-2.3761 33.6113 110.7827 -6.2405 35.4758 0.8109
-2.3761 33.6396 110.7834 -6.245 35.4469 0.8163
-2.3761 33.6666 110.784 -6.2492 35.4194 0.8215
-2.3761 33.6923 110.7846 -6.2532 35.3934 0.8264
-2.3761 33.7165 110.7851 -6.257 35.3687 0.8311
-2.3761 33.7394 110.7856 -6.2606 35.3455 0.8355
-2.3761 33.7609 110.7861 -6.264 35.3237 0.8396
-2.3761 33.781 110.7865 -6.2671 35.3033 0.8435
-2.3761 33.7997 110.7869 -6.2701 35.2843 0.8471
-2.3761 33.8171 110.7872 -6.2728 35.2667 0.8505
-2.3761 33.833 110.7875 -6.2753 35.2506 0.8535
-2.3761 33.8476 110.7878 -6.2776 35.2358 0.8563
-2.3761 33.8608 110.788 -6.2797 35.2225 0.8589
-2.3761 33.8726 110.7882 -6.2816 35.2105 0.8612
-2.3761 33.883 110.7884 -6.2832 35.2 0.8632
-2.3761 33.892 110.7886 -6.2846 35.1909 0.8649
-2.3761 33.8997 110.7887 -6.2858 35.1831 0.8664
-2.3761 33.9059 110.7888 -6.2868 35.1768 0.8676
-2.3761 33.9108 110.7889 -6.2876 35.1719 0.8686
-2.3761 33.9143 110.7889 -6.2881 35.1684 0.8692
-2.3761 33.9163 110.789 -6.2885 35.1663 0.8696
-2.3761 33.917 110.789 -6.2886 35.1656 0.8698
-2.3761 33.9163 110.789 -6.2885 35.1663 0.8696
-2.3761 33.9143 110.7889 -6.2881 35.1684 0.8692
-2.3761 33.9108 110.7889 -6.2876 35.1719 0.8686
-2.3761 33.9059 110.7888 -6.2868 35.1768 0.8676
-2.3761 33.8997 110.7887 -6.2858 35.1831 0.8664
-2.3761 33.892 110.7886 -6.2846 35.1909 0.8649
-2.3761 33.883 110.7884 -6.2832 35.2 0.8632
-2.3761 33.8726 110.7882 -6.2816 35.2105 0.8612
-2.3761 33.8608 110.788 -6.2797 35.2225 0.8589
-2.3761 33.8476 110.7878 -6.2776 35.2358 0.8563
-2.3761 33.833 110.7875 -6.2753 35.2506 0.8535
-2.3761 33.8171 110.7872 -6.2728 35.2667 0.8505
-2.3761 33.7997 110.7869 -6.2701 35.2843 0.8471
-2.3761 33.781 110.7865 -6.2671 35.3033 0.8435
-2.3761 33.7609 110.7861 -6.264 35.3237 0.8396
-2.3761 33.7394 110.7856 -6.2606 35.3455 0.8355
-2.3761 33.7165 110.7851 -6.257 35.3687 0.8311
-2.3761 33.6923 110.7846 -6.2532 35.3934 0.8264
-2.3761 33.6666 110.784 -6.2492 35.4194 0.8215
-2.3761 33.6396 110.7834 -6.245 35.4469 0.8163
-2.3761 33.6113 110.7827 -6.2405 35.4758 0.8109
-2.3761 33.5815 110.782 -6.2359 35.5061 0.8052
-2.3761 33.5504 110.7812 -6.231 35.5378 0.7992
-2.3761 33.5179 110.7803 -6.226 35.571 0.793
-2.3761 33.484 110.7794 -6.2207 35.6055 0.7865
-2.3761 33.4488 110.7784 -6.2152 35.6415 0.7798
-2.3761 33.4122 110.7774 -6.2095 35.679 0.7728
-2.3761 33.3743 110.7762 -6.2037 35.7178 0.7655
-2.3761 33.3349 110.775 -6.1976 35.7581 0.758
-2.3761 33.2943 110.7737 -6.1913 35.7998 0.7503
-2.3761 33.2522 110.7724 -6.1848 35.843 0.7423
-2.3761 33.2089 110.7709 -6.1781 35.8876 0.7341
-2.3761 33.1641 110.7693 -6.1713 35.9336 0.7256
-2.3761 33.1181 110.7677 -6.1642 35.9811 0.7168
-2.3761 33.0706 110.7659 -6.1569 36.03 0.7079
-2.3761 33.0219 110.764 -6.1495 36.0803 0.6986
-2.3761 32.9718 110.762 -6.1418 36.1321 0.6892
-2.3761 32.9203 110.7599 -6.134 36.1854 0.6795
-2.3761 32.8675 110.7576 -6.126 36.2401 0.6695
-2.3761 32.8134 110.7553 -6.1178 36.2963 0.6593
-2.376 32.7589 110.7528 -6.1092 36.3529 0.649
-2.3755 32.7049 110.7504 -6.1002 36.4091 0.6386
-2.3748 32.6513 110.748 -6.0907 36.4648 0.6282
-2.3738 32.5983 110.7457 -6.0807 36.5199 0.6177
-2.3725 32.5457 110.7434 -6.0702 36.5747 0.6072
-2.3709 32.4937 110.741 -6.0593 36.6289 0.5966
-2.3691 32.4421 110.7388 -6.048 36.6826 0.586
-2.3669 32.3911 110.7365 -6.0361 36.7359 0.5754
-2.3645 32.3405 110.7343 -6.0238 36.7886 0.5647
-2.3618 32.2904 110.732 -6.0111 36.8409 0.5539
-2.3589 32.2408 110.7298 -5.998 36.8927 0.5432
-2.3557 32.1918 110.7277 -5.9844 36.944 0.5323
-2.3522 32.1432 110.7255 -5.9703 36.9948 0.5215
-2.3485 32.0951 110.7234 -5.9559 37.0451 0.5106
-2.3445 32.0475 110.7213 -5.941 37.095 0.4996
-2.3403 32.0004 110.7192 -5.9257 37.1443 0.4887
-2.3358 31.9538 110.7172 -5.91 37.1932 0.4777
-2.331 31.9076 110.7152 -5.8939 37.2415 0.4666
-2.326 31.862 110.7132 -5.8774 37.2894 0.4556
-2.3208 31.8169 110.7112 -5.8605 37.3368 0.4445
-2.3153 31.7723 110.7092 -5.8432 37.3837 0.4333
-2.3096 31.7281 110.7073 -5.8256 37.4301 0.4221
-2.3036 31.6845 110.7054 -5.8075 37.476 0.4109
-2.2975 31.6414 110.7035 -5.7891 37.5214 0.3997
-2.2911 31.5987 110.7016 -5.7703 37.5664 0.3885
-2.2844 31.5566 110.6998 -5.7511 37.6108 0.3772
-2.2775 31.5149 110.698 -5.7315 37.6548 0.3659
-2.2705 31.4738 110.6962 -5.7116 37.6982 0.3545
-2.2632 31.4331 110.6944 -5.6914 37.7412 0.3432
-2.2556 31.3929 110.6927 -5.6708 37.7836 0.3318
-2.2479 31.3533 110.691 -5.6499 37.8256 0.3204
-2.2399 31.3141 110.6893 -5.6286 37.8671 0.309
-2.2318 31.2754 110.6876 -5.607 37.9081 0.2975
-2.2234 31.2372 110.6859 -5.585 37.9486 0.2861
-2.2148 31.1995 110.6843 -5.5628 37.9886 0.2746
-2.2061 31.1623 110.6827 -5.5402 38.0281 0.2631
-2.1971 31.1256 110.6811 -5.5173 38.0671 0.2516
-2.1879 31.0894 110.6796 -5.4941 38.1056 0.2401
-2.1786 31.0537 110.678 -5.4706 38.1436 0.2285
-2.169 31.0185 110.6765 -5.4468 38.1811 0.217
-2.1593 30.9838 110.675 -5.4227 38.2181 0.2054
-2.1494 30.9496 110.6736 -5.3983 38.2546 0.1938
-2.1393 30.9159 110.6721 -5.3736 38.2907 0.1823
-2.129 30.8826 110.6707 -5.3486 38.3262 0.1707
-2.1186 30.8499 110.6693 -5.3234 38.3612 0.1591
-2.1079 30.8177 110.6679 -5.2979 38.3958 0.1474
-2.0971 30.7859 110.6666 -5.2721 38.4298 0.1358
-2.0862 30.7547 110.6653 -5.2461 38.4633 0.1242
-2.075 30.7239 110.664 -5.2198 38.4964 0.1126
-2.0637 30.6937 110.6627 -5.1933 38.5289 0.1009
-2.0523 30.6639 110.6614 -5.1665 38.5609 0.0893
-2.0406 30.6347 110.6602 -5.1395 38.5925 0.0777
-2.0289 30.6059 110.659 -5.1122 38.6235 0.066
-2.0169 30.5776 110.6578 -5.0847 38.654 0.0544
-2.0049 30.5499 110.6566 -5.057 38.684 0.0427
-1.9926 30.5226 110.6555 -5.0291 38.7136 0.0311
-1.9803 30.4958 110.6544 -5.0009 38.7426 0.0195
-1.9678 30.4695 110.6533 -4.9725 38.7711 0.0078
-1.9551 30.4438 110.6522 -4.944 38.7991 -0.0038
-1.9423 30.4185 110.6512 -4.9152 38.8267 -0.0154
-1.9294 30.3937 110.6501 -4.8862 38.8537 -0.027
-1.9163 30.3694 110.6491 -4.857 38.8802 -0.0386
-1.9032 30.3456 110.6482 -4.8277 38.9062 -0.0502
-1.8899 30.3223 110.6472 -4.7981 38.9317 -0.0618
-1.8764 30.2995 110.6463 -4.7684 38.9567 -0.0733
-1.8629 30.2772 110.6454 -4.7385 38.9812 -0.0849
-1.8492 30.2554 110.6445 -4.7085 39.0052 -0.0965
-1.8354 30.2341 110.6436 -4.6782 39.0287 -0.108
-1.8215 30.2132 110.6428 -4.6479 39.0517 -0.1195
-1.8075 30.1929 110.642 -4.6173 39.0741 -0.131
-1.7934 30.1731 110.6412 -4.5866 39.0961 -0.1425
-1.7792 30.1538 110.6404 -4.5558 39.1176 -0.154
-1.7649 30.1349 110.6396 -4.5248 39.1385 -0.1654
-1.7505 30.1166 110.6389 -4.4937 39.159 -0.1769
-1.736 30.0988 110.6382 -4.4625 39.1789 -0.1883
-1.7214 30.0814 110.6375 -4.4311 39.1983 -0.1997
-1.7067 30.0646 110.6369 -4.3996 39.2173 -0.211
-1.6919 30.0482 110.6362 -4.368 39.2357 -0.2224
-1.677 30.0324 110.6356 -4.3363 39.2536 -0.2337
-1.662 30.017 110.635 -4.3045 39.271 -0.245
-1.647 30.0022 110.6345 -4.2726 39.2879 -0.2563
-1.6319 29.9878 110.6339 -4.2406 39.3043 -0.2675
-1.6167 29.974 110.6334 -4.2085 39.3201 -0.2787
-1.6014 29.9606 110.6329 -4.1763 39.3355 -0.2899
-1.5861 29.9477 110.6324 -4.144 39.3503 -0.3011
-1.5707 29.9354 110.632 -4.1117 39.3647 -0.3122
-1.5553 29.9235 110.6315 -4.0793 39.3785 -0.3233
-1.5397 29.9121 110.6311 -4.0468 39.3918 -0.3343
-1.5242 29.9012 110.6307 -4.0142 39.4046 -0.3454
-1.5085 29.8909 110.6304 -3.9816 39.4169 -0.3563
-1.4928 29.881 110.63 -3.949 39.4287 -0.3673
-1.4771 29.8716 110.6297 -3.9163 39.4399 -0.3782
-1.4613 29.8627 110.6294 -3.8835 39.4507 -0.3891
-1.4455 29.8543 110.6291 -3.8507 39.4609 -0.3999
-1.4296 29.8464 110.6289 -3.8179 39.4707 -0.4107
-1.4137 29.839 110.6287 -3.7851 39.4799 -0.4215
-1.3977 29.8321 110.6285 -3.7522 39.4886 -0.4322
-1.3817 29.8257 110.6283 -3.7193 39.4967 -0.4429
-1.3657 29.8198 110.6281 -3.6864 39.5044 -0.4535
-1.3496 29.8144 110.628 -3.6535 39.5116 -0.4641
-1.3335 29.8095 110.6279 -3.6206 39.5182 -0.4747
-1.3174 29.8051 110.6278 -3.5876 39.5243 -0.4852
-1.3013 29.8012 110.6277 -3.5547 39.5299 -0.4956
-1.2852 29.7978 110.6276 -3.5218 39.535 -0.506
-1.269 29.7949 110.6276 -3.4889 39.5396 -0.5164
-1.2528 29.7925 110.6276 -3.4561 39.5436 -0.5267
-1.2367 29.7905 110.6276 -3.4232 39.5472 -0.5369
-1.2205 29.7891 110.6277 -3.3904 39.5502 -0.5471
-1.2043 29.7882 110.6277 -3.3576 39.5527 -0.5573
-1.1881 29.7878 110.6278 -3.3249 39.5547 -0.5674
-1.1719 29.7878 110.6279 -3.2922 39.5561 -0.5774
-1.1557 29.7884 110.6281 -3.2596 39.5571 -0.5874
-1.1395 29.7895 110.6282 -3.227 39.5575 -0.5973
-1.1233 29.791 110.6284 -3.1945 39.5574 -0.6072
-1.1071 29.7931 110.6286 -3.162 39.5568 -0.617
-1.091 29.7957 110.6288 -3.1296 39.5557 -0.6267
-1.0748 29.7987 110.629 -3.0973 39.554 -0.6364
-1.0587 29.8023 110.6293 -3.065 39.5518 -0.646
-1.0426 29.8063 110.6296 -3.0329 39.5491 -0.6556
-1.0265 29.8109 110.6299 -3.0008 39.5459 -0.6651
-1.0104 29.8159 110.6302 -2.9688 39.5422 -0.6745
-0.9944 29.8215 110.6306 -2.9369 39.5379 -0.6839
-0.9784 29.8275 110.631 -2.9051 39.5331 -0.6932
-0.9625 29.8341 110.6314 -2.8735 39.5278 -0.7025
-0.9466 29.8411 110.6318 -2.8419 39.522 -0.7116
-0.9307 29.8487 110.6322 -2.8104 39.5156 -0.7207
-0.9148 29.8567 110.6327 -2.7791 39.5087 -0.7297
-0.8991 29.8652 110.6332 -2.7479 39.5013 -0.7387
-0.8833 29.8743 110.6337 -2.7168 39.4934 -0.7476
-0.8676 29.8838 110.6342 -2.6859 39.4849 -0.7564
-0.852 29.8939 110.6348 -2.6551 39.476 -0.7651
-0.8364 29.9044 110.6353 -2.6245 39.4665 -0.7738
-0.8209 29.9154 110.6359 -2.594 39.4564 -0.7824
-0.8054 29.927 110.6365 -2.5636 39.4459 -0.7909
-0.79 29.939 110.6372 -2.5335 39.4348 -0.7993
-0.7747 29.9515 110.6378 -2.5035 39.4232 -0.8077
-0.7594 29.9645 110.6385 -2.4736 39.4111 -0.8159
-0.7442 29.9781 110.6392 -2.444 39.3984 -0.8241
-0.7291 29.9921 110.64 -2.4145 39.3852 -0.8322
-0.7141 30.0066 110.6407 -2.3852 39.3715 -0.8403
-0.6991 30.0216 110.6415 -2.356 39.3572 -0.8482
-0.6843 30.0372 110.6423 -2.3271 39.3425 -0.8561
-0.6695 30.0532 110.6431 -2.2984 39.3272 -0.8638
-0.6548 30.0697 110.6439 -2.2699 39.3113 -0.8715
-0.6402 30.0867 110.6448 -2.2416 39.295 -0.8791
-0.6257 30.1042 110.6457 -2.2135 39.2781 -0.8866
-0.6112 30.1223 110.6466 -2.1856 39.2607 -0.8941
-0.5969 30.1408 110.6475 -2.158 39.2427 -0.9014
-0.5827 30.1598 110.6484 -2.1305 39.2242 -0.9086
-0.5686 30.1793 110.6494 -2.1034 39.2052 -0.9158
-0.5546 30.1993 110.6504 -2.0764 39.1857 -0.9228
-0.5407 30.2198 110.6514 -2.0497 39.1656 -0.9298
-0.5269 30.2408 110.6524 -2.0232 39.145 -0.9366
-0.5132 30.2624 110.6535 -1.997 39.1239 -0.9434
-0.4997 30.2844 110.6546 -1.9711 39.1022 -0.9501
-0.4863 30.3069 110.6557 -1.9454 39.08 -0.9566
-0.473 30.3299 110.6568 -1.92 39.0573 -0.9631
-0.4598 30.3534 110.6579 -1.8948 39.034 -0.9695
-0.4467 30.3774 110.6591 -1.8699 39.0102 -0.9758
-0.4338 30.4019 110.6603 -1.8453 38.9858 -0.9819
-0.421 30.4269 110.6615 -1.821 38.961 -0.988
-0.4084 30.4524 110.6627 -1.797 38.9356 -0.9939
-0.3959 30.4784 110.6639 -1.7733 38.9096 -0.9998
-0.3835 30.5049 110.6652 -1.7499 38.8831 -1.0056
-0.3713 30.5319 110.6665 -1.7268 38.8561 -1.0112
-0.3592 30.5594 110.6678 -1.704 38.8286 -1.0167
-0.3473 30.5874 110.6692 -1.6815 38.8005 -1.0222
-0.3355 30.6159 110.6705 -1.6593 38.7719 -1.0275
-0.3239 30.6449 110.6719 -1.6375 38.7427 -1.0327
-0.3124 30.6744 110.6733 -1.616 38.713 -1.0378
-0.3011 30.7044 110.6747 -1.5948 38.6828 -1.0428
-0.29 30.7349 110.6762 -1.5739 38.652 -1.0476
-0.279 30.7659 110.6776 -1.5534 38.6207 -1.0524
-0.2682 30.7974 110.6791 -1.5333 38.5889 -1.057
-0.2576 30.8294 110.6806 -1.5135 38.5565 -1.0615
-0.2471 30.8619 110.6821 -1.4941 38.5235 -1.0659
-0.2368 30.8949 110.6837 -1.475 38.4901 -1.0702
-0.2267 30.9284 110.6853 -1.4563 38.4561 -1.0744
-0.2168 30.9624 110.6869 -1.438 38.4215 -1.0784
-0.2071 30.9969 110.6885 -1.42 38.3864 -1.0824
-0.1975 31.0319 110.6901 -1.4025 38.3508 -1.0862
-0.1882 31.0674 110.6918 -1.3853 38.3147 -1.0899
-0.179 31.1034 110.6934 -1.3685 38.2779 -1.0934
-0.1701 31.1399 110.6951 -1.3521 38.2407 -1.0968
-0.1613 31.1769 110.6969 -1.3361 38.2029 -1.1001
-0.1527 31.2144 110.6986 -1.3206 38.1646 -1.1033
-0.1444 31.2524 110.7004 -1.3054 38.1257 -1.1064
-0.1362 31.2909 110.7021 -1.2907 38.0863 -1.1093
-0.1282 31.3299 110.7039 -1.2763 38.0463 -1.1121
-0.1205 31.3694 110.7058 -1.2624 38.0058 -1.1147
-0.113 31.4094 110.7076 -1.249 37.9648 -1.1173
-0.1057 31.4499 110.7095 -1.2359 37.9232 -1.1197
-0.0986 31.4909 110.7114 -1.2233 37.881 -1.1219
-0.0917 31.5324 110.7133 -1.2112 37.8383 -1.1241
-0.0851 31.5745 110.7152 -1.1995 37.7951 -1.1261
-0.0787 31.617 110.7172 -1.1883 37.7513 -1.1279
-0.0725 31.66 110.7192 -1.1775 37.707 -1.1296
-0.0665 31.7035 110.7212 -1.1672 37.6622 -1.1312
-0.0608 31.7475 110.7232 -1.1573 37.6168 -1.1326
-0.0553 31.792 110.7252 -1.148 37.5708 -1.1339
-0.0501 31.837 110.7273 -1.1391 37.5243 -1.1351
-0.0451 31.8825 110.7293 -1.1307 37.4772 -1.1361
-0.0404 31.9285 110.7314 -1.1228 37.4296 -1.137
-0.0359 31.975 110.7336 -1.1154 37.3815 -1.1377
-0.0316 32.022 110.7357 -1.1084 37.3328 -1.1383
-0.0276 32.0695 110.7379 -1.102 37.2836 -1.1387
-0.0239 32.1175 110.7401 -1.0961 37.2338 -1.139
-0.0204 32.166 110.7423 -1.0907 37.1834 -1.1392
-0.0172 32.215 110.7445 -1.0859 37.1325 -1.1392
-0.0143 32.2646 110.7467 -1.0815 37.0811 -1.139
-0.0116 32.3146 110.749 -1.0777 37.0291 -1.1387
-0.0092 32.3651 110.7513 -1.0744 36.9766 -1.1382
-0.0071 32.4161 110.7536 -1.0717 36.9235 -1.1376
-0.0052 32.4676 110.7559 -1.0695 36.8698 -1.1368
-0.0036 32.5196 110.7583 -1.0678 36.8156 -1.1359
-0.0023 32.5722 110.7607 -1.0667 36.7609 -1.1348
-0.0013 32.6252 110.7631 -1.0661 36.7056 -1.1336
-0.0006 32.6787 110.7655 -1.0661 36.6498 -1.1322
-0.0001 32.7327 110.7679 -1.0667 36.5934 -1.1307
-0 32.7872 110.7704 -1.0679 36.5364 -1.1289
-0 32.8413 110.7728 -1.0693 36.4799 -1.1272
-0 32.8941 110.775 -1.0707 36.4249 -1.1254
-0 32.9456 110.7772 -1.0721 36.3713 -1.1238
-0 32.9957 110.7792 -1.0734 36.3192 -1.1221
-0 33.0444 110.7811 -1.0747 36.2685 -1.1205
-0 33.0919 110.7829 -1.0759 36.2193 -1.1189
-0 33.1379 110.7846 -1.0772 36.1716 -1.1174
-0 33.1827 110.7862 -1.0784 36.1252 -1.1159
-0 33.226 110.7877 -1.0795 36.0804 -1.1145
-0 33.2681 110.7891 -1.0806 36.037 -1.1131
-0 33.3087 110.7904 -1.0817 35.995 -1.1118
-0 33.3481 110.7916 -1.0828 35.9545 -1.1105
-0 33.386 110.7927 -1.0838 35.9154 -1.1092
-0 33.4226 110.7938 -1.0848 35.8777 -1.108
-0 33.4578 110.7948 -1.0857 35.8415 -1.1068
-0 33.4917 110.7958 -1.0866 35.8067 -1.1057
-0 33.5242 110.7966 -1.0875 35.7734 -1.1046
-0 33.5553 110.7974 -1.0884 35.7414 -1.1036
-0 33.585 110.7982 -1.0892 35.7109 -1.1026
-0 33.6134 110.7989 -1.0899 35.6819 -1.1016
-0 33.6404 110.7995 -1.0907 35.6542 -1.1007
-0 33.666 110.8001 -1.0914 35.628 -1.0999
-0 33.6903 110.8006 -1.092 35.6032 -1.0991
-0 33.7132 110.8011 -1.0927 35.5799 -1.0983
-0 33.7347 110.8016 -1.0932 35.5579 -1.0976
-0 33.7548 110.802 -1.0938 35.5374 -1.0969
-0 33.7735 110.8024 -1.0943 35.5183 -1.0963
-0 33.7908 110.8027 -1.0948 35.5006 -1.0957
-0 33.8068 110.8031 -1.0952 35.4844 -1.0952
-0 33.8214 110.8033 -1.0956 35.4695 -1.0947
-0 33.8346 110.8036 -1.096 35.4561 -1.0942
-0 33.8464 110.8038 -1.0963 35.444 -1.0938
-0 33.8568 110.804 -1.0966 35.4334 -1.0935
-0 33.8658 110.8041 -1.0968 35.4243 -1.0932
-0 33.8734 110.8043 -1.097 35.4165 -1.0929
-0 33.8797 110.8044 -1.0972 35.4101 -1.0927
-0 33.8846 110.8045 -1.0973 35.4052 -1.0926
-0 33.888 110.8045 -1.0974 35.4016 -1.0924
-0 33.8901 110.8046 -1.0975 35.3995 -1.0924
-0 33.8908 110.8046 -1.0975 35.3988 -1.0923
-0 33.8901 110.8046 -1.0975 35.3995 -1.0924
-0 33.888 110.8045 -1.0974 35.4016 -1.0924
-0 33.8846 110.8045 -1.0973 35.4052 -1.0926
-0 33.8797 110.8044 -1.0972 35.4101 -1.0927
-0 33.8734 110.8043 -1.097 35.4165 -1.0929
-0 33.8658 110.8041 -1.0968 35.4243 -1.0932
-0 33.8568 110.804 -1.0966 35.4334 -1.0935
-0 33.8464 110.8038 -1.0963 35.444 -1.0938
-0 33.8346 110.8036 -1.096 35.4561 -1.0942
-0 33.8214 110.8033 -1.0956 35.4695 -1.0947
-0 33.8068 110.8031 -1.0952 35.4844 -1.0952
-0 33.7908 110.8027 -1.0948 35.5006 -1.0957
-0 33.7735 110.8024 -1.0943 35.5183 -1.0963
-0 33.7548 110.802 -1.0938 35.5374 -1.0969
-0 33.7347 110.8016 -1.0932 35.5579 -1.0976
-0 33.7132 110.8011 -1.0927 35.5799 -1.0983
-0 33.6903 110.8006 -1.092 35.6032 -1.0991
-0 33.666 110.8001 -1.0914 35.628 -1.0999
-0 33.6404 110.7995 -1.0907 35.6542 -1.1007
-0 33.6134 110.7989 -1.0899 35.6819 -1.1016
-0 33.585 110.7982 -1.0892 35.7109 -1.1026
-0 33.5553 110.7974 -1.0884 35.7414 -1.1036
-0 33.5242 110.7966 -1.0875 35.7734 -1.1046
-0 33.4917 110.7958 -1.0866 35.8067 -1.1057
-0 33.4578 110.7948 -1.0857 35.8415 -1.1068
-0 33.4226 110.7938 -1.0848 35.8777 -1.108
-0 33.386 110.7927 -1.0838 35.9154 -1.1092
-0 33.3481 110.7916 -1.0828 35.9545 -1.1105
-0 33.3087 110.7904 -1.0817 35.995 -1.1118
-0 33.2681 110.7891 -1.0806 36.037 -1.1131
-0 33.226 110.7877 -1.0795 36.0804 -1.1145
-0 33.1827 110.7862 -1.0784 36.1252 -1.1159
-0 33.1379 110.7846 -1.0772 36.1716 -1.1174
-0 33.0919 110.7829 -1.0759 36.2193 -1.1189
-0 33.0444 110.7811 -1.0747 36.2685 -1.1205
-0 32.9957 110.7792 -1.0734 36.3192 -1.1221
-0 32.9456 110.7772 -1.0721 36.3713 -1.1238
-0 32.8941 110.775 -1.0707 36.4249 -1.1254
-0 32.8413 110.7728 -1.0693 36.4799 -1.1272
-0 32.7872 110.7704 -1.0679 36.5364 -1.1289
0 32.7326 110.7679 -1.0665 36.5935 -1.1307
0.0001 32.6781 110.7655 -1.0652 36.6504 -1.1323
0.0003 32.6239 110.763 -1.064 36.7071 -1.1337
0.0006 32.5698 110.7606 -1.0629 36.7635 -1.135
0.0009 32.516 110.7581 -1.0618 36.8198 -1.1362
0.0013 32.4624 110.7557 -1.0609 36.8757 -1.1372
0.0018 32.409 110.7533 -1.06 36.9315 -1.1381
0.0024 32.3558 110.7509 -1.0593 36.9871 -1.1389
0.003 32.3028 110.7485 -1.0586 37.0424 -1.1395
0.0037 32.2501 110.7462 -1.058 37.0975 -1.14
0.0044 32.1975 110.7438 -1.0575 37.1524 -1.1403
0.0053 32.1452 110.7414 -1.0571 37.207 -1.1405
0.0062 32.093 110.7391 -1.0568 37.2614 -1.1406
0.0072 32.0411 110.7367 -1.0566 37.3156 -1.1406
0.0082 31.9894 110.7344 -1.0564 37.3696 -1.1404
0.0093 31.9379 110.7321 -1.0564 37.4234 -1.1401
0.0105 31.8866 110.7297 -1.0564 37.4769 -1.1396
0.0118 31.8356 110.7274 -1.0565 37.5302 -1.139
0.0131 31.7847 110.7251 -1.0567 37.5833 -1.1383
0.0145 31.734 110.7229 -1.057 37.6361 -1.1375
0.016 31.6836 110.7206 -1.0574 37.6887 -1.1365
0.0175 31.6334 110.7183 -1.0579 37.7412 -1.1354
0.0191 31.5834 110.716 -1.0584 37.7933 -1.1341
0.0208 31.5335 110.7138 -1.059 37.8453 -1.1328
0.0225 31.484 110.7115 -1.0598 37.897 -1.1313
0.0243 31.4346 110.7093 -1.0606 37.9485 -1.1297
0.0262 31.3854 110.7071 -1.0615 37.9998 -1.1279
0.0282 31.3364 110.7049 -1.0624 38.0509 -1.126
0.0302 31.2877 110.7027 -1.0635 38.1017 -1.124
0.0322 31.2391 110.7005 -1.0646 38.1523 -1.1219
0.0344 31.1908 110.6983 -1.0658 38.2027 -1.1196
0.0366 31.1427 110.6961 -1.0671 38.2529 -1.1173
0.0388 31.0948 110.6939 -1.0685 38.3028 -1.1147
0.0412 31.0471 110.6918 -1.07 38.3526 -1.1121
0.0436 30.9996 110.6896 -1.0716 38.402 -1.1094
0.046 30.9523 110.6875 -1.0732 38.4513 -1.1065
0.0486 30.9053 110.6853 -1.0749 38.5004 -1.1035
0.0512 30.8584 110.6832 -1.0767 38.5492 -1.1003
0.0538 30.8118 110.6811 -1.0786 38.5978 -1.0971
0.0565 30.7654 110.679 -1.0805 38.6462 -1.0937
0.0593 30.7191 110.6769 -1.0826 38.6943 -1.0902
0.0622 30.6731 110.6748 -1.0847 38.7422 -1.0866
0.0651 30.6274 110.6727 -1.0869 38.7899 -1.0829
0.068 30.5818 110.6706 -1.0892 38.8374 -1.079
0.0711 30.5364 110.6686 -1.0915 38.8847 -1.075
0.0742 30.4912 110.6665 -1.094 38.9317 -1.0709
0.0773 30.4463 110.6645 -1.0965 38.9785 -1.0667
0.0805 30.4016 110.6625 -1.0991 39.0251 -1.0624
0.0838 30.357 110.6604 -1.1017 39.0715 -1.0579
0.0872 30.3127 110.6584 -1.1045 39.1176 -1.0534
0.0906 30.2686 110.6564 -1.1073 39.1635 -1.0487
0.094 30.2247 110.6544 -1.1102 39.2092 -1.0439
0.0975 30.181 110.6524 -1.1132 39.2547 -1.039
0.1011 30.1376 110.6504 -1.1162 39.2999 -1.0339
0.1047 30.0943 110.6485 -1.1194 39.3449 -1.0288
0.1084 30.0513 110.6465 -1.1226 39.3897 -1.0235
0.1122 30.0084 110.6446 -1.1259 39.4343 -1.0181
0.116 29.9658 110.6426 -1.1292 39.4787 -1.0126
0.1199 29.9234 110.6407 -1.1327 39.5228 -1.007
0.1238 29.8812 110.6388 -1.1362 39.5667 -1.0013
0.1278 29.8392 110.6369 -1.1398 39.6104 -0.9955
0.1318 29.7974 110.6349 -1.1434 39.6538 -0.9895
0.1359 29.7558 110.6331 -1.1472 39.697 -0.9835
0.1401 29.7145 110.6312 -1.151 39.7401 -0.9773
0.1443 29.6733 110.6293 -1.1548 39.7828 -0.971
0.1485 29.6324 110.6274 -1.1588 39.8254 -0.9646
0.1529 29.5917 110.6256 -1.1628 39.8677 -0.9581
0.1572 29.5512 110.6237 -1.1669 39.9099 -0.9515
0.1617 29.5109 110.6219 -1.1711 39.9518 -0.9448
0.1661 29.4708 110.62 -1.1753 39.9934 -0.938
0.1707 29.4309 110.6182 -1.1797 40.0349 -0.931
0.1753 29.3912 110.6164 -1.1841 40.0761 -0.924
0.1799 29.3518 110.6146 -1.1885 40.1171 -0.9168
0.1846 29.3125 110.6128 -1.193 40.1579 -0.9096
0.1894 29.2735 110.611 -1.1976 40.1984 -0.9022
0.1942 29.2347 110.6092 -1.2023 40.2388 -0.8947
0.1991 29.196 110.6075 -1.2071 40.2789 -0.8871
0.204 29.1576 110.6057 -1.2119 40.3187 -0.8795
0.2089 29.1194 110.604 -1.2168 40.3584 -0.8717
0.2139 29.0815 110.6022 -1.2217 40.3978 -0.8638
0.219 29.0437 110.6005 -1.2267 40.4371 -0.8558
0.2241 29.0061 110.5988 -1.2318 40.4761 -0.8477
0.2293 28.9688 110.5971 -1.237 40.5148 -0.8395
0.2345 28.9317 110.5954 -1.2422 40.5534 -0.8312
0.2398 28.8947 110.5937 -1.2475 40.5917 -0.8228
0.2451 28.858 110.592 -1.2529 40.6298 -0.8143
0.2505 28.8215 110.5903 -1.2583 40.6677 -0.8057
0.2559 28.7852 110.5886 -1.2638 40.7053 -0.7969
0.2614 28.7492 110.587 -1.2694 40.7428 -0.7881
0.2669 28.7133 110.5853 -1.275 40.78 -0.7792
0.2725 28.6776 110.5837 -1.2807 40.817 -0.7702
0.2781 28.6422 110.5821 -1.2864 40.8537 -0.7611
0.2838 28.6069 110.5804 -1.2923 40.8903 -0.7519
0.2895 28.5719 110.5788 -1.2982 40.9266 -0.7426
0.2952 28.5371 110.5772 -1.3041 40.9627 -0.7332
0.301 28.5025 110.5756 -1.3102 40.9985 -0.7237
0.3069 28.4681 110.5741 -1.3162 41.0342 -0.7141
0.3128 28.4339 110.5725 -1.3224 41.0696 -0.7044
0.3187 28.4 110.5709 -1.3286 41.1048 -0.6946
0.3247 28.3662 110.5694 -1.3349 41.1398 -0.6847
0.3308 28.3327 110.5678 -1.3412 41.1746 -0.6748
0.3369 28.2993 110.5663 -1.3476 41.2091 -0.6647
0.343 28.2662 110.5648 -1.3541 41.2434 -0.6545
0.3492 28.2333 110.5632 -1.3607 41.2775 -0.6443
0.3554 28.2006 110.5617 -1.3672 41.3114 -0.6339
0.3617 28.1681 110.5602 -1.3739 41.345 -0.6235
0.368 28.1358 110.5587 -1.3806 41.3785 -0.6129
0.3743 28.1037 110.5573 -1.3874 41.4117 -0.6023
0.3807 28.0719 110.5558 -1.3943 41.4446 -0.5916
0.3872 28.0402 110.5543 -1.4012 41.4774 -0.5808
0.3936 28.0088 110.5529 -1.4081 41.5099 -0.5699
0.4002 27.9776 110.5514 -1.4151 41.5422 -0.5589
0.4067 27.9466 110.55 -1.4222 41.5743 -0.5478
0.4133 27.9158 110.5486 -1.4294 41.6062 -0.5366
0.42 27.8852 110.5471 -1.4366 41.6378 -0.5254
0.4267 27.8548 110.5457 -1.4438 41.6693 -0.514
0.4334 27.8246 110.5443 -1.4512 41.7005 -0.5026
0.4402 27.7947 110.5429 -1.4586 41.7315 -0.4911
0.447 27.7649 110.5416 -1.466 41.7622 -0.4795
0.4539 27.7354 110.5402 -1.4735 41.7927 -0.4678
0.4608 27.7061 110.5388 -1.481 41.8231 -0.456
0.4677 27.6769 110.5375 -1.4887 41.8531 -0.4441
0.4747 27.648 110.5361 -1.4963 41.883 -0.4322
0.4817 27.6193 110.5348 -1.5041 41.9127 -0.4201
0.4888 27.5909 110.5335 -1.5118 41.9421 -0.408
0.4958 27.5626 110.5322 -1.5197 41.9713 -0.3958
0.503 27.5345 110.5309 -1.5276 42.0003 -0.3835
0.5101 27.5067 110.5296 -1.5355 42.029 -0.3712
0.5174 27.479 110.5283 -1.5436 42.0575 -0.3587
0.5246 27.4516 110.527 -1.5516 42.0859 -0.3462
0.5319 27.4244 110.5257 -1.5597 42.114 -0.3336
0.5392 27.3974 110.5245 -1.5679 42.1418 -0.3209
0.5466 27.3706 110.5232 -1.5761 42.1695 -0.3081
0.554 27.344 110.522 -1.5844 42.1969 -0.2952
0.5614 27.3177 110.5207 -1.5928 42.2241 -0.2823
0.5688 27.2915 110.5195 -1.6012 42.2511 -0.2693
0.5763 27.2655 110.5183 -1.6096 42.2778 -0.2562
0.5839 27.2398 110.5171 -1.6181 42.3044 -0.243
0.5914 27.2143 110.5159 -1.6266 42.3307 -0.2298
0.5991 27.189 110.5147 -1.6353 42.3568 -0.2164
0.6067 27.1639 110.5135 -1.6439 42.3827 -0.203
0.6144 27.139 110.5124 -1.6526 42.4083 -0.1896
0.6221 27.1143 110.5112 -1.6614 42.4337 -0.176
0.6298 27.0898 110.5101 -1.6702 42.4589 -0.1624
0.6376 27.0655 110.5089 -1.6791 42.4839 -0.1487
0.6454 27.0415 110.5078 -1.688 42.5087 -0.1349
0.6532 27.0177 110.5067 -1.6969 42.5332 -0.121
0.6611 26.994 110.5056 -1.7059 42.5575 -0.1071
0.669 26.9706 110.5045 -1.715 42.5816 -0.0931
0.6769 26.9474 110.5034 -1.7241 42.6055 -0.079
0.6849 26.9244 110.5023 -1.7333 42.6292 -0.0649
0.6929 26.9016 110.5012 -1.7425 42.6526 -0.0506
0.7009 26.879 110.5002 -1.7518 42.6758 -0.0363
0.709 26.8567 110.4991 -1.7611 42.6988 -0.022
0.7171 26.8345 110.4981 -1.7704 42.7216 -0.0075
0.7252 26.8126 110.497 -1.7798 42.7441 0.007
0.7334 26.7909 110.496 -1.7893 42.7665 0.0215
0.7415 26.7693 110.495 -1.7988 42.7886 0.0362
0.7497 26.748 110.494 -1.8083 42.8104 0.0509
0.758 26.7269 110.493 -1.8179 42.8321 0.0657
0.7663 26.706 110.492 -1.8276 42.8535 0.0805
0.7745 26.6854 110.491 -1.8373 42.8748 0.0954
0.7829 26.6649 110.49 -1.847 42.8958 0.1104
0.7912 26.6447 110.4891 -1.8568 42.9165 0.1255
0.7996 26.6246 110.4881 -1.8666 42.9371 0.1406
0.808 26.6048 110.4872 -1.8765 42.9574 0.1558
0.8164 26.5852 110.4862 -1.8864 42.9775 0.171
0.8249 26.5657 110.4853 -1.8964 42.9974 0.1863
0.8334 26.5465 110.4844 -1.9064 43.0171 0.2017
0.8419 26.5276 110.4835 -1.9164 43.0365 0.2172
0.8504 26.5088 110.4826 -1.9265 43.0558 0.2327
0.859 26.4902 110.4817 -1.9367 43.0748 0.2482
0.8676 26.4719 110.4808 -1.9469 43.0935 0.2639
0.8762 26.4537 110.48 -1.9571 43.1121 0.2796
0.8848 26.4358 110.4791 -1.9674 43.1305 0.2953
0.8935 26.4181 110.4782 -1.9777 43.1486 0.3111
0.9022 26.4005 110.4774 -1.988 43.1665 0.327
0.9109 26.3832 110.4766 -1.9984 43.1842 0.3429
0.9196 26.3662 110.4757 -2.0088 43.2016 0.3589
0.9284 26.3493 110.4749 -2.0193 43.2188 0.375
0.9372 26.3326 110.4741 -2.0298 43.2359 0.3911
0.946 26.3161 110.4733 -2.0404 43.2527 0.4073
0.9548 26.2999 110.4726 -2.051 43.2692 0.4235
0.9636 26.2839 110.4718 -2.0616 43.2856 0.4398
0.9725 26.268 110.471 -2.0723 43.3017 0.4561
0.9814 26.2524 110.4703 -2.083 43.3176 0.4725
0.9903 26.237 110.4695 -2.0938 43.3333 0.489
0.9992 26.2218 110.4688 -2.1046 43.3488 0.5055
1.0082 26.2068 110.468 -2.1154 43.364 0.5221
1.0172 26.1921 110.4673 -2.1263 43.3791 0.5387
1.0262 26.1775 110.4666 -2.1372 43.3939 0.5554
1.0352 26.1632 110.4659 -2.1482 43.4084 0.5721
1.0442 26.149 110.4652 -2.1592 43.4228 0.5889
1.0532 26.1351 110.4645 -2.1702 43.437 0.6058
1.0623 26.1214 110.4639 -2.1813 43.4509 0.6227
1.0714 26.1079 110.4632 -2.1924 43.4646 0.6396
1.0805 26.0946 110.4625 -2.2035 43.4781 0.6566
1.0896 26.0815 110.4619 -2.2147 43.4913 0.6737
1.0988 26.0686 110.4613 -2.2259 43.5044 0.6908
1.1079 26.056 110.4606 -2.2372 43.5172 0.7079
1.1171 26.0435 110.46 -2.2484 43.5298 0.7251
1.1263 26.0313 110.4594 -2.2598 43.5422 0.7424
1.1355 26.0192 110.4588 -2.2711 43.5543 0.7597
1.1448 26.0074 110.4582 -2.2825 43.5663 0.777
1.154 25.9958 110.4576 -2.2939 43.578 0.7944
1.1633 25.9844 110.4571 -2.3054 43.5895 0.8119
1.1725 25.9732 110.4565 -2.3169 43.6007 0.8294
1.1818 25.9623 110.456 -2.3284 43.6118 0.8469
1.1911 25.9515 110.4554 -2.3399 43.6226 0.8645
1.2004 25.9409 110.4549 -2.3515 43.6332 0.8821
1.2098 25.9306 110.4544 -2.3632 43.6436 0.8998
1.2191 25.9205 110.4538 -2.3748 43.6538 0.9175
1.2285 25.9105 110.4533 -2.3865 43.6638 0.9353
1.2379 25.9008 110.4528 -2.3982 43.6735 0.9531
1.2473 25.8913 110.4524 -2.41 43.683 0.971
1.2567 25.882 110.4519 -2.4217 43.6923 0.9889
1.2661 25.8729 110.4514 -2.4336 43.7014 1.0068
1.2755 25.8641 110.451 -2.4454 43.7102 1.0248
1.2849 25.8554 110.4505 -2.4573 43.7189 1.0428
1.2944 25.847 110.4501 -2.4692 43.7273 1.0609
1.3038 25.8387 110.4496 -2.4811 43.7355 1.079
1.3133 25.8307 110.4492 -2.4931 43.7434 1.0971
1.3228 25.8229 110.4488 -2.5051 43.7512 1.1153
1.3323 25.8153 110.4484 -2.5171 43.7587 1.1336
1.3418 25.8079 110.448 -2.5291 43.766 1.1518
1.3513 25.8007 110.4476 -2.5412 43.7731 1.1701
1.3608 25.7938 110.4473 -2.5533 43.78 1.1885
1.3704 25.787 110.4469 -2.5655 43.7866 1.2069
1.3799 25.7804 110.4465 -2.5776 43.793 1.2253
1.3895 25.7741 110.4462 -2.5898 43.7993 1.2438
1.399 25.768 110.4459 -2.602 43.8052 1.2623
1.4086 25.7621 110.4455 -2.6143 43.811 1.2808
1.4182 25.7563 110.4452 -2.6266 43.8166 1.2994
1.4278 25.7509 110.4449 -2.6389 43.8219 1.318
1.4374 25.7456 110.4446 -2.6512 43.827 1.3366
1.4469 25.7405 110.4443 -2.6635 43.8319 1.3553
1.4566 25.7356 110.4441 -2.6759 43.8366 1.374
1.4662 25.731 110.4438 -2.6883 43.841 1.3927
1.4758 25.7265 110.4435 -2.7007 43.8452 1.4115
1.4854 25.7223 110.4433 -2.7132 43.8492 1.4303
1.495 25.7183 110.443 -2.7257 43.853 1.4492
1.5047 25.7145 110.4428 -2.7382 43.8566 1.468
1.5143 25.7109 110.4426 -2.7507 43.86 1.4869
1.524 25.7075 110.4424 -2.7632 43.8631 1.5059
1.5336 25.7043 110.4422 -2.7758 43.866 1.5248
1.5433 25.7013 110.442 -2.7884 43.8687 1.5438
1.5529 25.6986 110.4418 -2.801 43.8712 1.5628
1.5626 25.696 110.4416 -2.8136 43.8734 1.5819
1.5723 25.6937 110.4414 -2.8263 43.8754 1.601
1.5819 25.6916 110.4413 -2.839 43.8773 1.6201
1.5916 25.6897 110.4411 -2.8517 43.8788 1.6392
1.6013 25.6879 110.441 -2.8644 43.8802 1.6584
1.6109 25.6865 110.4409 -2.8771 43.8814 1.6776
1.6206 25.6852 110.4408 -2.8899 43.8823 1.6968
1.6303 25.6841 110.4406 -2.9027 43.883 1.716
1.64 25.6832 110.4405 -2.9155 43.8835 1.7353
1.6497 25.6826 110.4405 -2.9283 43.8838 1.7546
1.6594 25.6821 110.4404 -2.9412 43.8838 1.7739
1.669 25.6819 110.4403 -2.954 43.8837 1.7933
1.6787 25.6819 110.4402 -2.9669 43.8833 1.8126
1.6884 25.6821 110.4402 -2.9798 43.8827 1.832
1.6981 25.6825 110.4401 -2.9927 43.8819 1.8514
1.7078 25.6831 110.4401 -3.0057 43.8808 1.8709
1.7175 25.6839 110.4401 -3.0186 43.8796 1.8903
1.7271 25.685 110.4401 -3.0316 43.8781 1.9098
1.7368 25.6862 110.4401 -3.0446 43.8764 1.9293
1.7465 25.6877 110.4401 -3.0576 43.8745 1.9488
1.7562 25.6893 110.4401 -3.0706 43.8723 1.9683
1.7659 25.6912 110.4401 -3.0837 43.87 1.9879
1.7755 25.6933 110.4401 -3.0967 43.8674 2.0075
1.7852 25.6956 110.4402 -3.1098 43.8646 2.0271
1.7949 25.6981 110.4402 -3.1229 43.8616 2.0467
1.8045 25.7008 110.4403 -3.136 43.8583 2.0663
1.8142 25.7038 110.4404 -3.1491 43.8549 2.086
1.8238 25.7069 110.4404 -3.1622 43.8512 2.1057
1.8335 25.7103 110.4405 -3.1754 43.8473 2.1253
1.8431 25.7138 110.4406 -3.1885 43.8432 2.145
1.8528 25.7176 110.4407 -3.2017 43.8389 2.1648
1.8624 25.7216 110.4408 -3.2149 43.8343 2.1845
1.872 25.7258 110.441 -3.2281 43.8296 2.2042
1.8817 25.7302 110.4411 -3.2413 43.8246 2.224
1.8913 25.7348 110.4413 -3.2546 43.8194 2.2438
1.9009 25.7396 110.4414 -3.2678 43.8139 2.2636
1.9105 25.7447 110.4416 -3.281 43.8083 2.2834
1.9201 25.7499 110.4418 -3.2943 43.8024 2.3032
1.9297 25.7554 110.4419 -3.3076 43.7964 2.323
1.9393 25.761 110.4421 -3.3209 43.79 2.3428
1.9489 25.7669 110.4423 -3.3342 43.7835 2.3627
1.9584 25.773 110.4425 -3.3475 43.7768 2.3825
1.968 25.7793 110.4428 -3.3608 43.7698 2.4024
1.9775 25.7858 110.443 -3.3741 43.7627 2.4223
1.9871 25.7925 110.4432 -3.3875 43.7553 2.4422
1.9966 25.7995 110.4435 -3.4008 43.7476 2.4621
2.0061 25.8066 110.4437 -3.4142 43.7398 2.482
2.0157 25.814 110.444 -3.4276 43.7318 2.5019
2.0252 25.8215 110.4443 -3.441 43.7235 2.5218
2.0347 25.8293 110.4446 -3.4543 43.715 2.5417
2.0441 25.8373 110.4449 -3.4677 43.7063 2.5617
2.0536 25.8455 110.4452 -3.4811 43.6974 2.5816
2.0631 25.8539 110.4455 -3.4946 43.6882 2.6016
2.0725 25.8625 110.4458 -3.508 43.6788 2.6215
2.082 25.8713 110.4462 -3.5214 43.6693 2.6415
2.0914 25.8804 110.4465 -3.5348 43.6595 2.6614
2.1008 25.8896 110.4469 -3.5483 43.6494 2.6814
2.1102 25.8991 110.4472 -3.5617 43.6392 2.7014
2.1196 25.9087 110.4476 -3.5752 43.6287 2.7213
2.129 25.9186 110.448 -3.5886 43.6181 2.7413
2.1383 25.9287 110.4484 -3.6021 43.6072 2.7613
2.1477 25.939 110.4488 -3.6156 43.5961 2.7813
2.157 25.9495 110.4492 -3.629 43.5847 2.8012
2.1663 25.9602 110.4496 -3.6425 43.5732 2.8212
2.1756 25.9712 110.45 -3.656 43.5614 2.8412
2.1849 25.9823 110.4505 -3.6695 43.5494 2.8612
2.1942 25.9937 110.4509 -3.683 43.5372 2.8812
2.2035 26.0052 110.4514 -3.6965 43.5248 2.9012
2.2127 26.017 110.4519 -3.71 43.5121 2.9211
2.2219 26.029 110.4523 -3.7235 43.4993 2.9411
2.2311 26.0412 110.4528 -3.737 43.4862 2.9611
2.2403 26.0536 110.4533 -3.7505 43.4729 2.9811
2.2495 26.0662 110.4538 -3.764 43.4594 3.001
2.2587 26.079 110.4543 -3.7775 43.4457 3.021
2.2678 26.0921 110.4549 -3.791 43.4317 3.0409
2.2769 26.1053 110.4554 -3.8045 43.4175 3.0609
2.286 26.1188 110.4559 -3.8181 43.4031 3.0809
2.2951 26.1325 110.4565 -3.8316 43.3885 3.1008
2.3042 26.1463 110.4571 -3.8451 43.3737 3.1207
2.3133 26.1604 110.4576 -3.8586 43.3587 3.1407
2.3223 26.1747 110.4582 -3.8721 43.3434 3.1606
2.3313 26.1892 110.4588 -3.8856 43.3279 3.1805
2.3403 26.204 110.4594 -3.8992 43.3122 3.2004
2.3493 26.2189 110.46 -3.9127 43.2963 3.2203
2.3582 26.234 110.4606 -3.9262 43.2802 3.2402
2.3672 26.2494 110.4613 -3.9397 43.2638 3.2601
2.3761 26.265 110.4619 -3.9532 43.2473 3.28
2.385 26.2807 110.4626 -3.9667 43.2305 3.2999
2.3938 26.2967 110.4632 -3.9802 43.2135 3.3197
2.4027 26.3129 110.4639 -3.9937 43.1962 3.3396
2.4115 26.3293 110.4646 -4.0072 43.1788 3.3594
2.4203 26.3459 110.4653 -4.0207 43.1611 3.3792
2.4291 26.3628 110.466 -4.0342 43.1433 3.399
2.4378 26.3798 110.4667 -4.0477 43.1252 3.4188
2.4466 26.397 110.4674 -4.0612 43.1069 3.4386
2.4553 26.4145 110.4681 -4.0747 43.0883 3.4584
2.464 26.4322 110.4688 -4.0882 43.0696 3.4782
2.4726 26.45 110.4696 -4.1016 43.0506 3.4979
2.4813 26.4681 110.4703 -4.1151 43.0314 3.5176
2.4899 26.4864 110.4711 -4.1286 43.012 3.5374
2.4985 26.5049 110.4719 -4.142 42.9924 3.5571
2.507 26.5237 110.4727 -4.1555 42.9726 3.5767
2.5156 26.5426 110.4735 -4.1689 42.9525 3.5964
2.5241 26.5617 110.4743 -4.1823 42.9322 3.6161
2.5326 26.5811 110.4751 -4.1958 42.9117 3.6357
2.541 26.6006 110.4759 -4.2092 42.891 3.6553
2.5494 26.6204 110.4767 -4.2226 42.8701 3.6749
2.5579 26.6404 110.4776 -4.236 42.849 3.6945
2.5662 26.6606 110.4784 -4.2494 42.8276 3.714
2.5746 26.681 110.4793 -4.2628 42.806 3.7336
2.5829 26.7016 110.4801 -4.2762 42.7842 3.7531
2.5912 26.7224 110.481 -4.2896 42.7622 3.7726
2.5995 26.7435 110.4819 -4.3029 42.74 3.7921
2.6077 26.7647 110.4828 -4.3163 42.7175 3.8115
2.6159 26.7862 110.4837 -4.3297 42.6949 3.8309
2.6241 26.8078 110.4846 -4.343 42.672 3.8504
2.6322 26.8297 110.4856 -4.3563 42.6489 3.8697
2.6404 26.8518 110.4865 -4.3696 42.6256 3.8891
2.6485 26.8741 110.4874 -4.3829 42.602 3.9084
2.6565 26.8966 110.4884 -4.3962 42.5783 3.9278
2.6645 26.9193 110.4894 -4.4095 42.5543 3.9471
2.6725 26.9423 110.4903 -4.4228 42.5301 3.9663
2.6805 26.9654 110.4913 -4.4361 42.5057 3.9856
2.6884 26.9887 110.4923 -4.4493 42.4811 4.0048
2.6964 27.0123 110.4933 -4.4625 42.4562 4.024
2.7042 27.0361 110.4943 -4.4758 42.4312 4.0431
2.7121 27.0601 110.4953 -4.489 42.4059 4.0623
2.7199 27.0842 110.4964 -4.5022 42.3804 4.0814
2.7276 27.1086 110.4974 -4.5154 42.3547 4.1004
2.7354 27.1333 110.4985 -4.5285 42.3288 4.1195
2.7431 27.1581 110.4995 -4.5417 42.3026 4.1385
2.7508 27.1831 110.5006 -4.5548 42.2763 4.1575
2.7584 27.2083 110.5017 -4.568 42.2497 4.1765
2.766 27.2338 110.5028 -4.5811 42.2229 4.1954
2.7736 27.2595 110.5039 -4.5942 42.1959 4.2143
2.7811 27.2853 110.505 -4.6073 42.1687 4.2332
2.7886 27.3114 110.5061 -4.6203 42.1412 4.252
2.7961 27.3377 110.5072 -4.6334 42.1136 4.2708
2.8035 27.3642 110.5084 -4.6464 42.0857 4.2896
2.8109 27.3909 110.5095 -4.6594 42.0576 4.3083
2.8183 27.4179 110.5107 -4.6724 42.0293 4.327
2.8256 27.445 110.5118 -4.6854 42.0007 4.3457
2.8329 27.4723 110.513 -4.6984 41.972 4.3643
2.8401 27.4999 110.5142 -4.7113 41.943 4.3829
2.8473 27.5277 110.5154 -4.7242 41.9139 4.4015
2.8545 27.5556 110.5166 -4.7372 41.8845 4.42
2.8616 27.5838 110.5178 -4.7501 41.8548 4.4385
2.8687 27.6122 110.519 -4.7629 41.825 4.457
2.8758 27.6408 110.5203 -4.7758 41.795 4.4754
2.8828 27.6696 110.5215 -4.7886 41.7647 4.4938
2.8897 27.6987 110.5228 -4.8014 41.7342 4.5121
2.8967 27.7279 110.524 -4.8142 41.7035 4.5304
2.9036 27.7574 110.5253 -4.827 41.6726 4.5487
2.9104 27.787 110.5266 -4.8398 41.6415 4.5669
2.9173 27.8169 110.5279 -4.8525 41.6101 4.5851
2.924 27.847 110.5292 -4.8652 41.5786 4.6033
2.9308 27.8773 110.5305 -4.8779 41.5468 4.6214
2.9375 27.9078 110.5318 -4.8906 41.5148 4.6394
2.9441 27.9385 110.5331 -4.9032 41.4826 4.6574
2.9507 27.9694 110.5345 -4.9159 41.4501 4.6754
2.9573 28.0005 110.5358 -4.9285 41.4175 4.6934
2.9638 28.0319 110.5372 -4.941 41.3846 4.7113
2.9703 28.0634 110.5386 -4.9536 41.3515 4.7291
2.9767 28.0952 110.5399 -4.9661 41.3182 4.7469
2.9831 28.1272 110.5413 -4.9786 41.2847 4.7647
2.9895 28.1593 110.5427 -4.9911 41.251 4.7824
2.9958 28.1917 110.5441 -5.0036 41.217 4.8001
3.0021 28.2243 110.5455 -5.016 41.1829 4.8177
3.0083 28.2571 110.547 -5.0285 41.1485 4.8353
3.0145 28.2902 110.5484 -5.0408 41.1139 4.8528
3.0206 28.3234 110.5499 -5.0532 41.0791 4.8703
3.0267 28.3568 110.5513 -5.0655 41.0441 4.8878
3.0327 28.3905 110.5528 -5.0779 41.0088 4.9052
3.0387 28.4244 110.5542 -5.0901 40.9734 4.9225
3.0447 28.4584 110.5557 -5.1024 40.9377 4.9398
3.0506 28.4927 110.5572 -5.1146 40.9018 4.957
3.0564 28.5272 110.5587 -5.1268 40.8657 4.9742
3.0622 28.5619 110.5602 -5.139 40.8293 4.9914
3.068 28.5968 110.5618 -5.1512 40.7928 5.0085
3.0737 28.632 110.5633 -5.1633 40.756 5.0255
3.0794 28.6673 110.5648 -5.1754 40.7191 5.0425
3.085 28.7028 110.5664 -5.1875 40.6819 5.0595
3.0905 28.7386 110.568 -5.1995 40.6445 5.0764
3.0961 28.7746 110.5695 -5.2115 40.6068 5.0932
3.1015 28.8107 110.5711 -5.2235 40.569 5.11
3.107 28.8471 110.5727 -5.2355 40.5309 5.1267
3.1123 28.8837 110.5743 -5.2474 40.4927 5.1434
3.1177 28.9205 110.5759 -5.2593 40.4542 5.16
3.1229 28.9576 110.5775 -5.2711 40.4155 5.1766
3.1281 28.9948 110.5792 -5.283 40.3766 5.1931
3.1333 29.0322 110.5808 -5.2948 40.3374 5.2095
3.1384 29.0699 110.5824 -5.3065 40.2981 5.2259
3.1435 29.1077 110.5841 -5.3183 40.2585 5.2423
3.1485 29.1458 110.5858 -5.33 40.2187 5.2586
3.1535 29.1841 110.5874 -5.3416 40.1787 5.2748
3.1584 29.2226 110.5891 -5.3533 40.1385 5.291
3.1633 29.2613 110.5908 -5.3649 40.0981 5.3071
3.1681 29.3002 110.5925 -5.3765 40.0574 5.3231
3.1728 29.3393 110.5943 -5.388 40.0166 5.3391
3.1775 29.3786 110.596 -5.3995 39.9755 5.3551
3.1822 29.4182 110.5977 -5.411 39.9342 5.3709
3.1868 29.4579 110.5995 -5.4224 39.8927 5.3867
3.1913 29.4979 110.6012 -5.4339 39.851 5.4025
3.1958 29.538 110.603 -5.4452 39.809 5.4182
3.2002 29.5784 110.6048 -5.4566 39.7669 5.4338
3.2046 29.619 110.6065 -5.4679 39.7245 5.4494
3.2089 29.6598 110.6083 -5.4791 39.6819 5.4649
3.2132 29.7008 110.6101 -5.4904 39.6391 5.4803
3.2174 29.742 110.612 -5.5016 39.5961 5.4957
3.2216 29.7835 110.6138 -5.5127 39.5528 5.511
3.2256 29.8251 110.6156 -5.5238 39.5094 5.5262
3.2297 29.867 110.6175 -5.5349 39.4657 5.5414
3.2337 29.909 110.6193 -5.546 39.4218 5.5565
3.2376 29.9513 110.6212 -5.557 39.3777 5.5715
3.2415 29.9938 110.623 -5.568 39.3334 5.5865
3.2453 30.0365 110.6249 -5.5789 39.2889 5.6014
3.249 30.0794 110.6268 -5.5898 39.2442 5.6163
3.2527 30.1225 110.6287 -5.6007 39.1992 5.631
3.2564 30.1658 110.6306 -5.6115 39.154 5.6458
3.2599 30.2093 110.6325 -5.6223 39.1086 5.6604
3.2634 30.2531 110.6345 -5.633 39.063 5.675
3.2669 30.297 110.6364 -5.6437 39.0172 5.6895
3.2703 30.3412 110.6384 -5.6544 38.9712 5.7039
3.2736 30.3856 110.6403 -5.665 38.9249 5.7182
3.2769 30.4302 110.6423 -5.6756 38.8785 5.7325
3.2801 30.475 110.6443 -5.6861 38.8318 5.7467
3.2833 30.52 110.6463 -5.6966 38.7849 5.7609
3.2864 30.5652 110.6483 -5.7071 38.7378 5.775
3.2894 30.6106 110.6503 -5.7175 38.6904 5.789
3.2924 30.6562 110.6523 -5.7279 38.6429 5.8029
3.2953 30.7021 110.6543 -5.7382 38.5951 5.8167
3.2981 30.7481 110.6563 -5.7485 38.5472 5.8305
3.3009 30.7944 110.6584 -5.7588 38.499 5.8442
3.3036 30.8409 110.6604 -5.769 38.4506 5.8578
3.3063 30.8876 110.6625 -5.7792 38.4019 5.8714
3.3089 30.9344 110.6646 -5.7893 38.3531 5.8849
3.3114 30.9816 110.6667 -5.7994 38.3041 5.8983
3.3139 31.0289 110.6688 -5.8094 38.2548 5.9116
3.3163 31.0764 110.6709 -5.8194 38.2053 5.9248
3.3186 31.1241 110.673 -5.8293 38.1556 5.938
3.3209 31.1721 110.6751 -5.8392 38.1057 5.9511
3.3231 31.2202 110.6772 -5.8491 38.0556 5.9641
3.3252 31.2686 110.6794 -5.8589 38.0053 5.977
3.3273 31.3172 110.6815 -5.8687 37.9547 5.9899
3.3293 31.3659 110.6837 -5.8784 37.9039 6.0026
3.3312 31.4149 110.6859 -5.888 37.853 6.0153
3.3331 31.4641 110.6881 -5.8977 37.8018 6.0279
3.3349 31.5136 110.6903 -5.9072 37.7503 6.0404
3.3367 31.5632 110.6925 -5.9168 37.6987 6.0529
3.3383 31.613 110.6947 -5.9263 37.6469 6.0653
3.3399 31.6631 110.6969 -5.9357 37.5948 6.0775
3.3415 31.7133 110.6991 -5.9451 37.5425 6.0897
3.3429 31.7638 110.7014 -5.9544 37.4901 6.1018
3.3443 31.8145 110.7036 -5.9637 37.4374 6.1139
3.3457 31.8654 110.7059 -5.973 37.3844 6.1258
3.3469 31.9164 110.7081 -5.9821 37.3313 6.1377
3.3481 31.9678 110.7104 -5.9913 37.278 6.1494
3.3492 32.0193 110.7127 -6.0004 37.2244 6.1611
3.3503 32.071 110.715 -6.0094 37.1706 6.1727
3.3513 32.1229 110.7173 -6.0184 37.1166 6.1842
3.3522 32.1751 110.7196 -6.0274 37.0624 6.1957
3.353 32.2274 110.722 -6.0363 37.008 6.207
3.3538 32.28 110.7243 -6.0451 36.9534 6.2183
3.3545 32.3328 110.7267 -6.0539 36.8985 6.2294
3.3551 32.3858 110.729 -6.0626 36.8435 6.2405
3.3556 32.439 110.7314 -6.0713 36.7882 6.2515
3.3561 32.4924 110.7338 -6.0799 36.7327 6.2624
3.3565 32.546 110.7362 -6.0885 36.677 6.2732
3.3569 32.5998 110.7386 -6.0971 36.6211 6.2839
3.3571 32.6538 110.741 -6.1055 36.5649 6.2945
3.3573 32.7081 110.7434 -6.114 36.5086 6.305
3.3574 32.7625 110.7458 -6.1223 36.452 6.3155
3.3575 32.8172 110.7482 -6.1306 36.3952 6.3258
3.3575 32.8713 110.7506 -6.1388 36.3391 6.336
3.3575 32.9241 110.7529 -6.1469 36.2844 6.3459
3.3575 32.9755 110.755 -6.1547 36.2311 6.3556
3.3575 33.0256 110.757 -6.1623 36.1793 6.3651
3.3575 33.0744 110.7589 -6.1698 36.129 6.3743
3.3575 33.1218 110.7606 -6.177 36.0801 6.3833
3.3575 33.1679 110.7623 -6.1841 36.0326 6.392
3.3575 33.2126 110.7639 -6.1909 35.9866 6.4005
3.3575 33.256 110.7653 -6.1976 35.942 6.4088
3.3575 33.298 110.7667 -6.2041 35.8989 6.4167
3.3575 33.3387 110.768 -6.2103 35.8571 6.4245
3.3575 33.378 110.7692 -6.2164 35.8169 6.432
3.3575 33.4159 110.7703 -6.2223 35.778 6.4392
3.3575 33.4525 110.7714 -6.228 35.7406 6.4462
3.3575 33.4877 110.7724 -6.2334 35.7046 6.4529
3.3575 33.5216 110.7733 -6.2387 35.67 6.4594
3.3575 33.5541 110.7742 -6.2437 35.6369 6.4656
3.3575 33.5852 110.775 -6.2486 35.6052 6.4716
3.3575 33.615 110.7757 -6.2532 35.5749 6.4773
3.3575 33.6433 110.7764 -6.2577 35.546 6.4827
3.3575 33.6703 110.777 -6.2619 35.5185 6.4879
3.3575 33.696 110.7776 -6.2659 35.4925 6.4928
3.3575 33.7202 110.7781 -6.2697 35.4678 6.4975
3.3575 33.7431 110.7786 -6.2733 35.4446 6.5019
3.3575 33.7646 110.779 -6.2766 35.4228 6.506
3.3575 33.7847 110.7795 -6.2798 35.4024 6.5099
3.3575 33.8034 110.7798 -6.2827 35.3834 6.5135
3.3575 33.8207 110.7802 -6.2854 35.3659 6.5169
3.3575 33.8367 110.7805 -6.288 35.3497 6.5199
3.3575 33.8513 110.7807 -6.2903 35.3349 6.5227
3.3575 33.8645 110.781 -6.2923 35.3216 6.5253
3.3575 33.8763 110.7812 -6.2942 35.3096 6.5276
3.3575 33.8867 110.7814 -6.2958 35.2991 6.5296
3.3575 33.8957 110.7815 -6.2972 35.29 6.5313
3.3575 33.9034 110.7817 -6.2985 35.2823 6.5328
3.3575 33.9096 110.7818 -6.2994 35.2759 6.534
3.3575 33.9145 110.7819 -6.3002 35.271 6.5349
3.3575 33.9179 110.7819 -6.3008 35.2675 6.5356
3.3575 33.92 110.7819 -6.3011 35.2654 6.536
3.3575 33.9207 110.782 -6.3012 35.2647 6.5362
3.3575 33.92 110.7819 -6.3011 35.2654 6.536
3.3575 33.9179 110.7819 -6.3008 35.2675 6.5356
3.3575 33.9145 110.7819 -6.3002 35.271 6.5349
3.3575 33.9096 110.7818 -6.2994 35.2759 6.534
3.3575 33.9034 110.7817 -6.2985 35.2823 6.5328
3.3575 33.8957 110.7815 -6.2972 35.29 6.5313
3.3575 33.8867 110.7814 -6.2958 35.2991 6.5296
3.3575 33.8763 110.7812 -6.2942 35.3096 6.5276
3.3575 33.8645 110.781 -6.2923 35.3216 6.5253
3.3575 33.8513 110.7807 -6.2903 35.3349 6.5227
3.3575 33.8367 110.7805 -6.288 35.3497 6.5199
3.3575 33.8207 110.7802 -6.2854 35.3659 6.5169
3.3575 33.8034 110.7798 -6.2827 35.3834 6.5135
3.3575 33.7847 110.7795 -6.2798 35.4024 6.5099
3.3575 33.7646 110.779 -6.2766 35.4228 6.506
3.3575 33.7431 110.7786 -6.2733 35.4446 6.5019
3.3575 33.7202 110.7781 -6.2697 35.4678 6.4975
3.3575 33.696 110.7776 -6.2659 35.4925 6.4928
3.3575 33.6703 110.777 -6.2619 35.5185 6.4879
3.3575 33.6433 110.7764 -6.2577 35.546 6.4827
3.3575 33.615 110.7757 -6.2532 35.5749 6.4773
3.3575 33.5852 110.775 -6.2486 35.6052 6.4716
3.3575 33.5541 110.7742 -6.2437 35.6369 6.4656
3.3575 33.5216 110.7733 -6.2387 35.67 6.4594
3.3575 33.4877 110.7724 -6.2334 35.7046 6.4529
3.3575 33.4525 110.7714 -6.228 35.7406 6.4462
3.3575 33.4159 110.7703 -6.2223 35.778 6.4392
3.3575 33.378 110.7692 -6.2164 35.8169 6.432
3.3575 33.3387 110.768 -6.2103 35.8571 6.4245
3.3575 33.298 110.7667 -6.2041 35.8989 6.4167
3.3575 33.256 110.7653 -6.1976 35.942 6.4088
3.3575 33.2126 110.7639 -6.1909 35.9866 6.4005
3.3575 33.1679 110.7623 -6.1841 36.0326 6.392
3.3575 33.1218 110.7606 -6.177 36.0801 6.3833
3.3575 33.0744 110.7589 -6.1698 36.129 6.3743
3.3575 33.0256 110.757 -6.1623 36.1793 6.3651
3.3575 32.9755 110.755 -6.1547 36.2311 6.3556
3.3575 32.9241 110.7529 -6.1469 36.2844 6.3459
3.3575 32.8713 110.7506 -6.1388 36.3391 6.336
3.3575 32.8172 110.7482 -6.1306 36.3952 6.3258
3.3575 32.7627 110.7458 -6.1224 36.4519 6.3156
3.3575 32.7087 110.7434 -6.1142 36.508 6.3054
3.3575 32.6551 110.741 -6.1061 36.5636 6.2953
3.3575 32.6021 110.7387 -6.0981 36.6186 6.2854
3.3575 32.5496 110.7363 -6.0901 36.6732 6.2755
3.3575 32.4975 110.734 -6.0823 36.7272 6.2657
3.3575 32.446 110.7317 -6.0745 36.7808 6.256
3.3575 32.395 110.7294 -6.0667 36.8338 6.2464
3.3575 32.3444 110.7272 -6.0591 36.8863 6.2369
3.3575 32.2944 110.7249 -6.0515 36.9382 6.2275
3.3575 32.2448 110.7227 -6.044 36.9897 6.2182
3.3575 32.1958 110.7205 -6.0366 37.0406 6.209
3.3575 32.1473 110.7184 -6.0293 37.0911 6.1999
3.3575 32.0992 110.7162 -6.022 37.141 6.1908
3.3575 32.0517 110.7141 -6.0148 37.1903 6.1819
3.3575 32.0046 110.712 -6.0077 37.2392 6.173
3.3575 31.958 110.7099 -6.0006 37.2876 6.1643
3.3575 31.912 110.7079 -5.9937 37.3354 6.1556
3.3575 31.8664 110.7059 -5.9868 37.3827 6.1471
3.3575 31.8214 110.7038 -5.9799 37.4295 6.1386
3.3575 31.7768 110.7019 -5.9732 37.4758 6.1302
3.3575 31.7327 110.6999 -5.9665 37.5216 6.1219
3.3575 31.6892 110.698 -5.9599 37.5668 6.1137
3.3575 31.6461 110.696 -5.9534 37.6115 6.1056
3.3575 31.6035 110.6941 -5.947 37.6558 6.0976
3.3575 31.5615 110.6923 -5.9406 37.6995 6.0897
3.3575 31.5199 110.6904 -5.9343 37.7426 6.0819
3.3575 31.4788 110.6886 -5.9281 37.7853 6.0742
3.3575 31.4382 110.6868 -5.922 37.8275 6.0665
3.3575 31.3981 110.685 -5.9159 37.8691 6.059
3.3575 31.3586 110.6832 -5.9099 37.9102 6.0516
3.3575 31.3195 110.6815 -5.904 37.9508 6.0442
3.3575 31.2809 110.6798 -5.8981 37.9909 6.037
3.3575 31.2428 110.6781 -5.8924 38.0304 6.0298
3.3575 31.2052 110.6764 -5.8867 38.0695 6.0227
3.3575 31.1681 110.6747 -5.8811 38.108 6.0158
3.3575 31.1315 110.6731 -5.8755 38.146 6.0089
3.3575 31.0954 110.6715 -5.8701 38.1835 6.0021
3.3575 31.0598 110.6699 -5.8647 38.2205 5.9954
3.3575 31.0247 110.6683 -5.8594 38.2569 5.9888
3.3575 30.9901 110.6668 -5.8541 38.2929 5.9823
3.3575 30.956 110.6653 -5.849 38.3283 5.9759
3.3575 30.9224 110.6638 -5.8439 38.3632 5.9696
3.3575 30.8893 110.6623 -5.8389 38.3976 5.9633
3.3575 30.8567 110.6608 -5.8339 38.4315 5.9572
3.3575 30.8246 110.6594 -5.8291 38.4648 5.9512
3.3575 30.7929 110.658 -5.8243 38.4977 5.9452
3.3575 30.7618 110.6566 -5.8196 38.53 5.9394
3.3575 30.7312 110.6552 -5.815 38.5618 5.9336
3.3575 30.7011 110.6539 -5.8104 38.5931 5.928
3.3575 30.6714 110.6526 -5.8059 38.6238 5.9224
3.3575 30.6423 110.6513 -5.8015 38.6541 5.9169
3.3575 30.6137 110.65 -5.7972 38.6838 5.9115
3.3575 30.5856 110.6488 -5.7929 38.7131 5.9062
3.3575 30.5579 110.6475 -5.7887 38.7418 5.901
3.3575 30.5308 110.6463 -5.7846 38.7699 5.8959
3.3575 30.5041 110.6451 -5.7806 38.7976 5.8909
3.3575 30.478 110.644 -5.7766 38.8248 5.886
3.3575 30.4524 110.6428 -5.7728 38.8514 5.8812
3.3575 30.4272 110.6417 -5.7689 38.8775 5.8765
3.3575 30.4026 110.6406 -5.7652 38.9031 5.8718
3.3575 30.3784 110.6395 -5.7616 38.9282 5.8673
3.3575 30.3548 110.6385 -5.758 38.9527 5.8628
3.3575 30.3316 110.6374 -5.7545 38.9768 5.8585
3.3575 30.309 110.6364 -5.7511 39.0003 5.8542
3.3575 30.2868 110.6354 -5.7477 39.0233 5.8501
3.3575 30.2651 110.6345 -5.7444 39.0458 5.846
3.3575 30.244 110.6335 -5.7412 39.0678 5.842
3.3575 30.2233 110.6326 -5.7381 39.0893 5.8381
3.3575 30.2032 110.6317 -5.735 39.1102 5.8343
3.3575 30.1835 110.6308 -5.7321 39.1306 5.8306
3.3575 30.1643 110.63 -5.7292 39.1505 5.827
3.3575 30.1456 110.6291 -5.7263 39.1699 5.8235
3.3575 30.1275 110.6283 -5.7236 39.1888 5.8201
3.3575 30.1098 110.6275 -5.7209 39.2072 5.8168
3.3575 30.0926 110.6268 -5.7183 39.225 5.8136
3.3575 30.0759 110.626 -5.7158 39.2423 5.8104
3.3575 30.0598 110.6253 -5.7133 39.2591 5.8074
3.3575 30.0441 110.6246 -5.711 39.2754 5.8044
3.3575 30.0289 110.6239 -5.7087 39.2912 5.8016
3.3575 30.0142 110.6233 -5.7064 39.3065 5.7988
3.3575 30 110.6226 -5.7043 39.3212 5.7961
3.3575 29.9863 110.622 -5.7022 39.3354 5.7936
3.3575 29.9731 110.6214 -5.7002 39.3491 5.7911
3.3575 29.9604 110.6209 -5.6983 39.3623 5.7887
3.3575 29.9482 110.6203 -5.6965 39.375 5.7864
3.3575 29.9365 110.6198 -5.6947 39.3871 5.7842
3.3575 29.9253 110.6193 -5.693 39.3988 5.7821
3.3575 29.9146 110.6188 -5.6914 39.4099 5.7801
3.3575 29.9044 110.6184 -5.6898 39.4205 5.7782
3.3575 29.8947 110.618 -5.6884 39.4306 5.7763
3.3575 29.8855 110.6175 -5.687 39.4401 5.7746
3.3575 29.8768 110.6172 -5.6856 39.4492 5.773
3.3575 29.8686 110.6168 -5.6844 39.4577 5.7714
3.3575 29.8608 110.6164 -5.6832 39.4657 5.77
3.3575 29.8536 110.6161 -5.6821 39.4732 5.7686
3.3575 29.8469 110.6158 -5.6811 39.4802 5.7674
3.3575 29.8407 110.6155 -5.6802 39.4867 5.7662
3.3575 29.8349 110.6153 -5.6793 39.4926 5.7651
3.3575 29.8297 110.6151 -5.6785 39.4981 5.7641
3.3575 29.825 110.6148 -5.6778 39.503 5.7632
3.3575 29.8208 110.6147 -5.6772 39.5074 5.7624
3.3575 29.817 110.6145 -5.6766 39.5113 5.7617
3.3575 29.8138 110.6143 -5.6761 39.5146 5.7611
3.3575 29.811 110.6142 -5.6757 39.5175 5.7606
3.3575 29.8088 110.6141 -5.6754 39.5198 5.7602
3.3575 29.8071 110.614 -5.6751 39.5216 5.7599
3.3575 29.8058 110.614 -5.6749 39.5229 5.7596
3.3575 29.8051 110.614 -5.6748 39.5237 5.7595
3.3575 29.8048 110.6139 -5.6748 39.5239 5.7594
3.3575 29.8051 110.614 -5.6748 39.5237 5.7595
3.3575 29.8058 110.614 -5.6749 39.5229 5.7596
3.3575 29.8071 110.614 -5.6751 39.5216 5.7599
3.3575 29.8088 110.6141 -5.6754 39.5198 5.7602
3.3575 29.811 110.6142 -5.6757 39.5175 5.7606
3.3575 29.8138 110.6143 -5.6761 39.5146 5.7611
3.3575 29.817 110.6145 -5.6766 39.5113 5.7617
3.3575 29.8208 110.6147 -5.6772 39.5074 5.7624
3.3575 29.825 110.6148 -5.6778 39.503 5.7632
3.3575 29.8297 110.6151 -5.6785 39.4981 5.7641
3.3575 29.8349 110.6153 -5.6793 39.4926 5.7651
3.3575 29.8407 110.6155 -5.6802 39.4867 5.7662
3.3575 29.8469 110.6158 -5.6811 39.4802 5.7674
3.3575 29.8536 110.6161 -5.6821 39.4732 5.7686
3.3575 29.8608 110.6164 -5.6832 39.4657 5.77
3.3575 29.8686 110.6168 -5.6844 39.4577 5.7714
3.3575 29.8768 110.6172 -5.6856 39.4492 5.773
3.3575 29.8855 110.6175 -5.687 39.4401 5.7746
3.3575 29.8947 110.618 -5.6884 39.4306 5.7763
3.3575 29.9044 110.6184 -5.6898 39.4205 5.7782
3.3575 29.9146 110.6188 -5.6914 39.4099 5.7801
3.3575 29.9253 110.6193 -5.693 39.3988 5.7821
3.3575 29.9365 110.6198 -5.6947 39.3871 5.7842
3.3575 29.9482 110.6203 -5.6965 39.375 5.7864
3.3575 29.9604 110.6209 -5.6983 39.3623 5.7887
3.3575 29.9731 110.6214 -5.7002 39.3491 5.7911
3.3575 29.9863 110.622 -5.7022 39.3354 5.7936
3.3575 30 110.6226 -5.7043 39.3212 5.7961
3.3575 30.0142 110.6233 -5.7064 39.3065 5.7988
3.3575 30.0289 110.6239 -5.7087 39.2912 5.8016
3.3575 30.0441 110.6246 -5.711 39.2754 5.8044
3.3575 30.0598 110.6253 -5.7133 39.2591 5.8074
3.3575 30.0759 110.626 -5.7158 39.2423 5.8104
3.3575 30.0926 110.6268 -5.7183 39.225 5.8136
3.3575 30.1098 110.6275 -5.7209 39.2072 5.8168
3.3575 30.1275 110.6283 -5.7236 39.1888 5.8201
3.3575 30.1456 110.6291 -5.7263 39.1699 5.8235
3.3575 30.1643 110.63 -5.7292 39.1505 5.827
3.3575 30.1835 110.6308 -5.7321 39.1306 5.8306
3.3575 30.2032 110.6317 -5.735 39.1102 5.8343
3.3575 30.2233 110.6326 -5.7381 39.0893 5.8381
3.3575 30.244 110.6335 -5.7412 39.0678 5.842
3.3575 30.2651 110.6345 -5.7444 39.0458 5.846
3.3575 30.2868 110.6354 -5.7477 39.0233 5.8501
3.3575 30.309 110.6364 -5.7511 39.0003 5.8542
3.3575 30.3316 110.6374 -5.7545 38.9768 5.8585
3.3575 30.3548 110.6385 -5.758 38.9527 5.8628
3.3575 30.3784 110.6395 -5.7616 38.9282 5.8673
3.3575 30.4026 110.6406 -5.7652 38.9031 5.8718
3.3575 30.4272 110.6417 -5.7689 38.8775 5.8765
3.3575 30.4524 110.6428 -5.7728 38.8514 5.8812
3.3575 30.478 110.644 -5.7766 38.8248 5.886
3.3575 30.5041 110.6451 -5.7806 38.7976 5.8909
3.3575 30.5308 110.6463 -5.7846 38.7699 5.8959
3.3575 30.5579 110.6475 -5.7887 38.7418 5.901
3.3575 30.5856 110.6488 -5.7929 38.7131 5.9062
3.3575 30.6137 110.65 -5.7972 38.6838 5.9115
3.3575 30.6423 110.6513 -5.8015 38.6541 5.9169
3.3575 30.6714 110.6526 -5.8059 38.6238 5.9224
3.3575 30.7011 110.6539 -5.8104 38.5931 5.928
3.3575 30.7312 110.6552 -5.815 38.5618 5.9336
3.3575 30.7618 110.6566 -5.8196 38.53 5.9394
3.3575 30.7929 110.658 -5.8243 38.4977 5.9452
3.3575 30.8246 110.6594 -5.8291 38.4648 5.9512
3.3575 30.8567 110.6608 -5.8339 38.4315 5.9572
3.3575 30.8893 110.6623 -5.8389 38.3976 5.9633
3.3575 30.9224 110.6638 -5.8439 38.3632 5.9696
3.3575 30.956 110.6653 -5.849 38.3283 5.9759
3.3575 30.9901 110.6668 -5.8541 38.2929 5.9823
3.3575 31.0247 110.6683 -5.8594 38.2569 5.9888
3.3575 31.0598 110.6699 -5.8647 38.2205 5.9954
3.3575 31.0954 110.6715 -5.8701 38.1835 6.0021
3.3575 31.1315 110.6731 -5.8755 38.146 6.0089
3.3575 31.1681 110.6747 -5.8811 38.108 6.0158
3.3575 31.2052 110.6764 -5.8867 38.0695 6.0227
3.3575 31.2428 110.6781 -5.8924 38.0304 6.0298
3.3575 31.2809 110.6798 -5.8981 37.9909 6.037
3.3575 31.3195 110.6815 -5.904 37.9508 6.0442
3.3575 31.3586 110.6832 -5.9099 37.9102 6.0516
3.3575 31.3981 110.685 -5.9159 37.8691 6.059
3.3575 31.4382 110.6868 -5.922 37.8275 6.0665
3.3575 31.4788 110.6886 -5.9281 37.7853 6.0742
3.3575 31.5199 110.6904 -5.9343 37.7426 6.0819
3.3575 31.5615 110.6923 -5.9406 37.6995 6.0897
3.3575 31.6035 110.6941 -5.947 37.6558 6.0976
3.3575 31.6461 110.696 -5.9534 37.6115 6.1056
3.3575 31.6892 110.698 -5.9599 37.5668 6.1137
3.3575 31.7327 110.6999 -5.9665 37.5216 6.1219
3.3575 31.7768 110.7019 -5.9732 37.4758 6.1302
3.3575 31.8214 110.7038 -5.9799 37.4295 6.1386
3.3575 31.8664 110.7059 -5.9868 37.3827 6.1471
3.3575 31.912 110.7079 -5.9937 37.3354 6.1556
3.3575 31.958 110.7099 -6.0006 37.2876 6.1643
3.3575 32.0046 110.712 -6.0077 37.2392 6.173
3.3575 32.0517 110.7141 -6.0148 37.1903 6.1819
3.3575 32.0992 110.7162 -6.022 37.141 6.1908
3.3575 32.1473 110.7184 -6.0293 37.0911 6.1999
3.3575 32.1958 110.7205 -6.0366 37.0406 6.209
3.3575 32.2448 110.7227 -6.044 36.9897 6.2182
3.3575 32.2944 110.7249 -6.0515 36.9382 6.2275
3.3575 32.3444 110.7272 -6.0591 36.8863 6.2369
3.3575 32.395 110.7294 -6.0667 36.8338 6.2464
3.3575 32.446 110.7317 -6.0745 36.7808 6.256
3.3575 32.4975 110.734 -6.0823 36.7272 6.2657
3.3575 32.5496 110.7363 -6.0901 36.6732 6.2755
3.3575 32.6021 110.7387 -6.0981 36.6186 6.2854
3.3575 32.6551 110.741 -6.1061 36.5636 6.2953
3.3575 32.7087 110.7434 -6.1142 36.508 6.3054
3.3575 32.7627 110.7458 -6.1224 36.4519 6.3156
3.3575 32.8172 110.7482 -6.1306 36.3952 6.3258
3.3575 32.8713 110.7506 -6.1388 36.3391 6.336
3.3575 32.9241 110.7529 -6.1469 36.2844 6.3459
3.3575 32.9755 110.755 -6.1547 36.2311 6.3556
3.3575 33.0256 110.757 -6.1623 36.1793 6.3651
3.3575 33.0744 110.7589 -6.1698 36.129 6.3743
3.3575 33.1218 110.7606 -6.177 36.0801 6.3833
3.3575 33.1679 110.7623 -6.1841 36.0326 6.392
3.3575 33.2126 110.7639 -6.1909 35.9866 6.4005
3.3575 33.256 110.7653 -6.1976 35.942 6.4088
3.3575 33.298 110.7667 -6.2041 35.8989 6.4167
3.3575 33.3387 110.768 -6.2103 35.8571 6.4245
3.3575 33.378 110.7692 -6.2164 35.8169 6.432
3.3575 33.4159 110.7703 -6.2223 35.778 6.4392
3.3575 33.4525 110.7714 -6.228 35.7406 6.4462
3.3575 33.4877 110.7724 -6.2334 35.7046 6.4529
3.3575 33.5216 110.7733 -6.2387 35.67 6.4594
3.3575 33.5541 110.7742 -6.2437 35.6369 6.4656
3.3575 33.5852 110.775 -6.2486 35.6052 6.4716
3.3575 33.615 110.7757 -6.2532 35.5749 6.4773
3.3575 33.6433 110.7764 -6.2577 35.546 6.4827
3.3575 33.6703 110.777 -6.2619 35.5185 6.4879
3.3575 33.696 110.7776 -6.2659 35.4925 6.4928
3.3575 33.7202 110.7781 -6.2697 35.4678 6.4975
3.3575 33.7431 110.7786 -6.2733 35.4446 6.5019
3.3575 33.7646 110.779 -6.2766 35.4228 6.506
3.3575 33.7847 110.7795 -6.2798 35.4024 6.5099
3.3575 33.8034 110.7798 -6.2827 35.3834 6.5135
3.3575 33.8207 110.7802 -6.2854 35.3659 6.5169
3.3575 33.8367 110.7805 -6.288 35.3497 6.5199
3.3575 33.8513 110.7807 -6.2903 35.3349 6.5227
3.3575 33.8645 110.781 -6.2923 35.3216 6.5253
3.3575 33.8763 110.7812 -6.2942 35.3096 6.5276
3.3575 33.8867 110.7814 -6.2958 35.2991 6.5296
3.3575 33.8957 110.7815 -6.2972 35.29 6.5313
3.3575 33.9034 110.7817 -6.2985 35.2823 6.5328
3.3575 33.9096 110.7818 -6.2994 35.2759 6.534
3.3575 33.9145 110.7819 -6.3002 35.271 6.5349
3.3575 33.9179 110.7819 -6.3008 35.2675 6.5356
3.3575 33.92 110.7819 -6.3011 35.2654 6.536
3.3575 33.9207 110.782 -6.3012 35.2647 6.5362
3.3575 33.92 110.7819 -6.3011 35.2654 6.536
3.3575 33.9179 110.7819 -6.3008 35.2675 6.5356
3.3575 33.9145 110.7819 -6.3002 35.271 6.5349
3.3575 33.9096 110.7818 -6.2994 35.2759 6.534
3.3575 33.9034 110.7817 -6.2985 35.2823 6.5328
3.3575 33.8957 110.7815 -6.2972 35.29 6.5313
3.3575 33.8867 110.7814 -6.2958 35.2991 6.5296
3.3575 33.8763 110.7812 -6.2942 35.3096 6.5276
3.3575 33.8645 110.781 -6.2923 35.3216 6.5253
3.3575 33.8513 110.7807 -6.2903 35.3349 6.5227
3.3575 33.8367 110.7805 -6.288 35.3497 6.5199
3.3575 33.8207 110.7802 -6.2854 35.3659 6.5169
3.3575 33.8034 110.7798 -6.2827 35.3834 6.5135
3.3575 33.7847 110.7795 -6.2798 35.4024 6.5099
3.3575 33.7646 110.779 -6.2766 35.4228 6.506
3.3575 33.7431 110.7786 -6.2733 35.4446 6.5019
3.3575 33.7202 110.7781 -6.2697 35.4678 6.4975
3.3575 33.696 110.7776 -6.2659 35.4925 6.4928
3.3575 33.6703 110.777 -6.2619 35.5185 6.4879
3.3575 33.6433 110.7764 -6.2577 35.546 6.4827
3.3575 33.615 110.7757 -6.2532 35.5749 6.4773
3.3575 33.5852 110.775 -6.2486 35.6052 6.4716
3.3575 33.5541 110.7742 -6.2437 35.6369 6.4656
3.3575 33.5216 110.7733 -6.2387 35.67 6.4594
3.3575 33.4877 110.7724 -6.2334 35.7046 6.4529
3.3575 33.4525 110.7714 -6.228 35.7406 6.4462
3.3575 33.4159 110.7703 -6.2223 35.778 6.4392
3.3575 33.378 110.7692 -6.2164 35.8169 6.432
3.3575 33.3387 110.768 -6.2103 35.8571 6.4245
3.3575 33.298 110.7667 -6.2041 35.8989 6.4167
3.3575 33.256 110.7653 -6.1976 35.942 6.4088
3.3575 33.2126 110.7639 -6.1909 35.9866 6.4005
3.3575 33.1679 110.7623 -6.1841 36.0326 6.392
3.3575 33.1218 110.7606 -6.177 36.0801 6.3833
3.3575 33.0744 110.7589 -6.1698 36.129 6.3743
3.3575 33.0256 110.757 -6.1623 36.1793 6.3651
3.3575 32.9755 110.755 -6.1547 36.2311 6.3556
3.3575 32.9241 110.7529 -6.1469 36.2844 6.3459
3.3575 32.8713 110.7506 -6.1388 36.3391 6.336
3.3575 32.8172 110.7482 -6.1306 36.3952 6.3258
3.3576 32.7627 110.7458 -6.1217 36.4519 6.3151
3.3579 32.7087 110.7433 -6.1115 36.508 6.3037
3.3584 32.6552 110.7409 -6.1 36.5635 6.2916
3.3591 32.6022 110.7384 -6.0873 36.6186 6.2788
3.36 32.5498 110.7359 -6.0734 36.6731 6.2652
3.3611 32.4979 110.7334 -6.0582 36.7271 6.2509
3.3624 32.4464 110.7309 -6.0418 36.7806 6.236
3.3639 32.3955 110.7284 -6.0241 36.8336 6.2203
3.3656 32.3451 110.7259 -6.0053 36.886 6.204
3.3675 32.2953 110.7234 -5.9854 36.9379 6.187
3.3696 32.2459 110.7209 -5.9642 36.9893 6.1693
3.3718 32.197 110.7184 -5.9419 37.0402 6.1509
3.3742 32.1487 110.7158 -5.9184 37.0905 6.1319
3.3769 32.1009 110.7133 -5.8938 37.1403 6.1122
3.3797 32.0536 110.7108 -5.8681 37.1896 6.0919
3.3826 32.0068 110.7082 -5.8413 37.2384 6.0709
3.3858 31.9605 110.7056 -5.8133 37.2866 6.0493
3.3891 31.9147 110.7031 -5.7843 37.3344 6.0271
3.3926 31.8695 110.7005 -5.7542 37.3816 6.0043
3.3963 31.8247 110.698 -5.7231 37.4283 5.9808
3.4002 31.7805 110.6954 -5.6908 37.4744 5.9568
3.4042 31.7368 110.6928 -5.6576 37.5201 5.9321
3.4083 31.6936 110.6902 -5.6233 37.5652 5.9069
3.4127 31.6509 110.6877 -5.588 37.6098 5.881
3.4172 31.6087 110.6851 -5.5517 37.6538 5.8546
3.4218 31.567 110.6825 -5.5144 37.6974 5.8276
3.4267 31.5259 110.6799 -5.4761 37.7404 5.8001
3.4316 31.4852 110.6773 -5.4368 37.7829 5.772
3.4368 31.4451 110.6748 -5.3966 37.8249 5.7433
3.4421 31.4055 110.6722 -5.3555 37.8663 5.7141
3.4475 31.3663 110.6696 -5.3134 37.9073 5.6844
3.4531 31.3277 110.667 -5.2703 37.9477 5.6541
3.4588 31.2896 110.6644 -5.2264 37.9876 5.6233
3.4647 31.2521 110.6618 -5.1816 38.027 5.592
3.4707 31.215 110.6592 -5.1358 38.0658 5.5602
3.4768 31.1784 110.6566 -5.0892 38.1041 5.5279
3.4831 31.1424 110.6541 -5.0418 38.142 5.4951
3.4896 31.1068 110.6515 -4.9934 38.1792 5.4617
3.4961 31.0718 110.6489 -4.9443 38.216 5.4279
3.5028 31.0373 110.6463 -4.8943 38.2522 5.3937
3.5097 31.0032 110.6437 -4.8435 38.288 5.3589
3.5166 30.9697 110.6412 -4.7918 38.3232 5.3237
3.5237 30.9367 110.6386 -4.7394 38.3579 5.288
3.5309 30.9042 110.636 -4.6862 38.392 5.2519
3.5383 30.8723 110.6334 -4.6322 38.4257 5.2153
3.5457 30.8408 110.6309 -4.5775 38.4588 5.1783
3.5533 30.8098 110.6283 -4.522 38.4914 5.1409
3.561 30.7794 110.6258 -4.4658 38.5234 5.103
3.5688 30.7494 110.6232 -4.4088 38.555 5.0648
3.5768 30.72 110.6207 -4.3512 38.586 5.0261
3.5848 30.691 110.6181 -4.2928 38.6166 4.987
3.593 30.6626 110.6156 -4.2338 38.6465 4.9475
3.6012 30.6347 110.6131 -4.174 38.676 4.9077
3.6096 30.6073 110.6105 -4.1136 38.705 4.8674
3.6181 30.5804 110.608 -4.0526 38.7334 4.8268
3.6267 30.554 110.6055 -3.9909 38.7613 4.7858
3.6354 30.5281 110.603 -3.9286 38.7887 4.7444
3.6441 30.5027 110.6005 -3.8656 38.8156 4.7027
3.653 30.4778 110.598 -3.8021 38.8419 4.6606
3.662 30.4534 110.5956 -3.7379 38.8678 4.6182
3.6711 30.4295 110.5931 -3.6732 38.8931 4.5754
3.6802 30.4062 110.5906 -3.6079 38.9179 4.5324
3.6895 30.3833 110.5882 -3.542 38.9422 4.489
3.6988 30.361 110.5857 -3.4756 38.9659 4.4452
3.7083 30.3391 110.5833 -3.4086 38.9892 4.4012
3.7178 30.3178 110.5808 -3.3411 39.0119 4.3569
3.7274 30.2969 110.5784 -3.2731 39.0341 4.3123
3.737 30.2766 110.576 -3.2046 39.0557 4.2673
3.7468 30.2567 110.5736 -3.1356 39.0769 4.2221
3.7566 30.2374 110.5712 -3.0662 39.0975 4.1767
3.7665 30.2186 110.5688 -2.9962 39.1177 4.1309
3.7765 30.2003 110.5665 -2.9258 39.1373 4.0849
3.7866 30.1824 110.5641 -2.855 39.1563 4.0387
3.7967 30.1651 110.5618 -2.7837 39.1749 3.9922
3.8069 30.1483 110.5594 -2.712 39.193 3.9454
3.8171 30.132 110.5571 -2.6399 39.2105 3.8984
3.8274 30.1162 110.5548 -2.5674 39.2275 3.8512
3.8378 30.1009 110.5525 -2.4945 39.244 3.8038
3.8483 30.0861 110.5502 -2.4213 39.2599 3.7561
3.8588 30.0718 110.548 -2.3477 39.2754 3.7083
3.8693 30.058 110.5457 -2.2737 39.2903 3.6602
3.8799 30.0447 110.5435 -2.1994 39.3047 3.612
3.8906 30.0319 110.5413 -2.1247 39.3186 3.5635
3.9013 30.0196 110.539 -2.0498 39.332 3.5149
3.9121 30.0079 110.5368 -1.9745 39.3449 3.4661
3.9229 29.9966 110.5347 -1.899 39.3572 3.4171
3.9337 29.9858 110.5325 -1.8231 39.369 3.368
3.9446 29.9755 110.5303 -1.747 39.3803 3.3187
3.9556 29.9657 110.5282 -1.6707 39.3911 3.2693
3.9665 29.9564 110.5261 -1.5941 39.4014 3.2197
3.9776 29.9476 110.524 -1.5172 39.4112 3.17
3.9886 29.9394 110.5219 -1.4402 39.4204 3.1202
3.9997 29.9316 110.5198 -1.3629 39.4291 3.0703
4.0108 29.9243 110.5178 -1.2854 39.4373 3.0202
4.022 29.9175 110.5158 -1.2078 39.445 2.97
4.0331 29.9112 110.5137 -1.1299 39.4522 2.9198
4.0443 29.9055 110.5117 -1.0519 39.4588 2.8694
4.0556 29.9002 110.5098 -0.9738 39.4649 2.8189
4.0668 29.8954 110.5078 -0.8955 39.4705 2.7684
4.0781 29.8911 110.5059 -0.8171 39.4756 2.7178
4.0894 29.8873 110.5039 -0.7386 39.4802 2.6671
4.1007 29.884 110.502 -0.6599 39.4843 2.6164
4.112 29.8812 110.5002 -0.5812 39.4878 2.5656
4.1233 29.8789 110.4983 -0.5024 39.4909 2.5148
4.1347 29.8772 110.4964 -0.4235 39.4934 2.4639
4.146 29.8759 110.4946 -0.3446 39.4954 2.413
4.1574 29.8751 110.4928 -0.2656 39.4968 2.3621
4.1688 29.8748 110.491 -0.1866 39.4978 2.3111
4.1801 29.875 110.4893 -0.1075 39.4983 2.2602
4.1915 29.8757 110.4876 -0.0285 39.4982 2.2092
4.2029 29.8768 110.4858 0.0506 39.4976 2.1582
4.2142 29.8785 110.4842 0.1296 39.4965 2.1073
4.2256 29.8807 110.4825 0.2086 39.4949 2.0563
4.237 29.8834 110.4808 0.2876 39.4927 2.0054
4.2483 29.8866 110.4792 0.3665 39.4901 1.9545
4.2597 29.8903 110.4776 0.4454 39.4869 1.9036
4.271 29.8944 110.476 0.5242 39.4832 1.8528
4.2823 29.8991 110.4745 0.6029 39.479 1.802
4.2936 29.9043 110.473 0.6816 39.4743 1.7513
4.3049 29.9099 110.4715 0.7601 39.4691 1.7006
4.3162 29.9161 110.47 0.8385 39.4633 1.65
4.3274 29.9227 110.4685 0.9168 39.4571 1.5995
4.3387 29.9299 110.4671 0.9949 39.4503 1.5491
4.3499 29.9375 110.4657 1.0729 39.443 1.4987
4.361 29.9456 110.4644 1.1507 39.4352 1.4485
4.3722 29.9543 110.463 1.2283 39.4269 1.3983
4.3833 29.9634 110.4617 1.3058 39.418 1.3483
4.3944 29.973 110.4604 1.383 39.4087 1.2983
4.4054 29.9831 110.4591 1.4601 39.3988 1.2485
4.4165 29.9937 110.4579 1.5369 39.3884 1.1989
4.4274 30.0048 110.4567 1.6135 39.3775 1.1493
4.4384 30.0164 110.4555 1.6898 39.3661 1.0999
4.4493 30.0285 110.4544 1.7659 39.3542 1.0507
4.4601 30.0411 110.4532 1.8417 39.3417 1.0016
4.4709 30.0542 110.4521 1.9173 39.3288 0.9526
4.4817 30.0677 110.4511 1.9925 39.3153 0.9039
4.4924 30.0818 110.45 2.0674 39.3013 0.8553
4.5031 30.0963 110.449 2.142 39.2868 0.8069
4.5137 30.1114 110.448 2.2163 39.2718 0.7586
4.5242 30.1269 110.4471 2.2903 39.2562 0.7106
4.5347 30.1429 110.4462 2.3639 39.2402 0.6628
4.5452 30.1594 110.4453 2.4371 39.2236 0.6152
4.5556 30.1765 110.4445 2.51 39.2066 0.5678
4.5659 30.194 110.4436 2.5824 39.189 0.5206
4.5761 30.2119 110.4428 2.6545 39.1709 0.4737
4.5863 30.2304 110.4421 2.7262 39.1523 0.427
4.5964 30.2494 110.4414 2.7974 39.1331 0.3805
4.6065 30.2689 110.4407 2.8682 39.1135 0.3343
4.6165 30.2888 110.44 2.9386 39.0933 0.2883
4.6264 30.3093 110.4394 3.0085 39.0727 0.2426
4.6362 30.3302 110.4388 3.0779 39.0515 0.1972
4.646 30.3516 110.4382 3.1469 39.0298 0.152
4.6556 30.3736 110.4377 3.2154 39.0076 0.1072
4.6652 30.396 110.4372 3.2833 38.9848 0.0626
4.6747 30.4189 110.4368 3.3508 38.9616 0.0183
4.6842 30.4422 110.4363 3.4177 38.9378 -0.0256
4.6935 30.4661 110.436 3.4841 38.9136 -0.0693
4.7028 30.4905 110.4356 3.5499 38.8888 -0.1127
4.7119 30.5153 110.4353 3.6152 38.8635 -0.1557
4.721 30.5407 110.435 3.6798 38.8377 -0.1984
4.73 30.5665 110.4348 3.744 38.8114 -0.2407
4.7389 30.5928 110.4346 3.8075 38.7845 -0.2827
4.7476 30.6196 110.4344 3.8704 38.7572 -0.3244
4.7563 30.6469 110.4343 3.9326 38.7293 -0.3657
4.7649 30.6747 110.4342 3.9943 38.701 -0.4067
4.7734 30.703 110.4341 4.0553 38.6721 -0.4472
4.7818 30.7317 110.4341 4.1156 38.6427 -0.4874
4.79 30.761 110.4341 4.1753 38.6128 -0.5272
4.7982 30.7907 110.4342 4.2343 38.5824 -0.5666
4.8062 30.8209 110.4343 4.2926 38.5514 -0.6057
4.8142 30.8516 110.4344 4.3502 38.52 -0.6443
4.822 30.8828 110.4346 4.4071 38.4881 -0.6825
4.8297 30.9145 110.4348 4.4633 38.4556 -0.7203
4.8373 30.9467 110.4351 4.5187 38.4226 -0.7576
4.8447 30.9793 110.4354 4.5734 38.3891 -0.7945
4.8521 31.0125 110.4357 4.6273 38.3551 -0.831
4.8593 31.0461 110.4361 4.6805 38.3206 -0.8671
4.8664 31.0802 110.4365 4.7328 38.2856 -0.9027
4.8733 31.1148 110.437 4.7844 38.25 -0.9378
4.8802 31.1499 110.4375 4.8351 38.214 -0.9725
4.8869 31.1855 110.438 4.8851 38.1774 -1.0067
4.8934 31.2215 110.4386 4.9342 38.1403 -1.0404
4.8999 31.258 110.4393 4.9824 38.1028 -1.0736
4.9062 31.2951 110.4399 5.0298 38.0647 -1.1064
4.9123 31.3326 110.4407 5.0764 38.0261 -1.1386
4.9183 31.3706 110.4414 5.122 37.9869 -1.1703
4.9242 31.409 110.4422 5.1668 37.9473 -1.2016
4.9299 31.448 110.4431 5.2107 37.9072 -1.2323
4.9355 31.4874 110.444 5.2536 37.8665 -1.2624
4.9409 31.5274 110.4449 5.2957 37.8254 -1.2921
4.9462 31.5678 110.4459 5.3368 37.7837 -1.3212
4.9514 31.6087 110.4469 5.3769 37.7415 -1.3498
4.9563 31.65 110.448 5.4161 37.6988 -1.3778
4.9612 31.6919 110.4491 5.4543 37.6556 -1.4052
4.9658 31.7342 110.4503 5.4915 37.6119 -1.4321
4.9703 31.7771 110.4515 5.5278 37.5677 -1.4584
4.9747 31.8204 110.4528 5.563 37.5229 -1.4841
4.9788 31.8642 110.4541 5.5972 37.4777 -1.5093
4.9828 31.9084 110.4554 5.6304 37.4319 -1.5338
4.9867 31.9532 110.4568 5.6625 37.3856 -1.5578
4.9904 31.9984 110.4583 5.6936 37.3389 -1.5811
4.9939 32.0441 110.4598 5.7236 37.2916 -1.6039
4.9972 32.0903 110.4613 5.7525 37.2438 -1.626
5.0004 32.137 110.4629 5.7804 37.1955 -1.6475
5.0033 32.1842 110.4646 5.8071 37.1467 -1.6683
5.0061 32.2318 110.4662 5.8328 37.0973 -1.6885
5.0088 32.2799 110.468 5.8573 37.0475 -1.7081
5.0112 32.3285 110.4698 5.8807 36.9971 -1.727
5.0134 32.3776 110.4716 5.9029 36.9463 -1.7453
5.0155 32.4272 110.4735 5.924 36.8949 -1.7628
5.0174 32.4772 110.4755 5.9439 36.843 -1.7797
5.0191 32.5277 110.4774 5.9626 36.7907 -1.796
5.0206 32.5787 110.4795 5.9801 36.7378 -1.8115
5.0219 32.6302 110.4816 5.9964 36.6844 -1.8264
5.023 32.6822 110.4837 6.0115 36.6304 -1.8405
5.0239 32.7346 110.4859 6.0254 36.576 -1.8539
5.0246 32.7875 110.4882 6.038 36.5211 -1.8667
5.0251 32.8409 110.4905 6.0494 36.4656 -1.8787
5.0254 32.8948 110.4929 6.0595 36.4097 -1.89
5.0255 32.9492 110.4953 6.0683 36.3532 -1.9005
5.0255 33.0031 110.4976 6.0764 36.2973 -1.9105
5.0255 33.0557 110.4999 6.0843 36.2427 -1.9204
5.0255 33.107 110.502 6.0921 36.1896 -1.9299
5.0255 33.1569 110.504 6.0996 36.138 -1.9393
5.0255 33.2055 110.5059 6.107 36.0878 -1.9484
5.0255 33.2528 110.5076 6.1141 36.039 -1.9573
5.0255 33.2987 110.5093 6.1211 35.9917 -1.9659
5.0255 33.3433 110.5109 6.1279 35.9458 -1.9743
5.0255 33.3865 110.5123 6.1345 35.9014 -1.9824
5.0255 33.4284 110.5137 6.1409 35.8584 -1.9903
5.0255 33.469 110.515 6.1471 35.8168 -1.998
5.0255 33.5081 110.5162 6.1531 35.7766 -2.0054
5.0255 33.546 110.5173 6.1589 35.7379 -2.0125
5.0255 33.5824 110.5184 6.1645 35.7006 -2.0194
5.0255 33.6175 110.5194 6.1699 35.6647 -2.026
5.0255 33.6513 110.5203 6.1751 35.6302 -2.0324
5.0255 33.6837 110.5211 6.1801 35.5972 -2.0386
5.0255 33.7147 110.5219 6.1849 35.5656 -2.0445
5.0255 33.7444 110.5227 6.1895 35.5353 -2.0501
5.0255 33.7726 110.5233 6.1938 35.5065 -2.0555
5.0255 33.7996 110.524 6.198 35.4792 -2.0606
5.0255 33.8251 110.5246 6.202 35.4532 -2.0655
5.0255 33.8493 110.5251 6.2057 35.4286 -2.0701
5.0255 33.8721 110.5256 6.2093 35.4055 -2.0744
5.0255 33.8935 110.526 6.2126 35.3838 -2.0785
5.0255 33.9135 110.5264 6.2157 35.3634 -2.0823
5.0255 33.9322 110.5268 6.2186 35.3445 -2.0859
5.0255 33.9495 110.5271 6.2213 35.327 -2.0892
5.0255 33.9654 110.5274 6.2238 35.3109 -2.0922
5.0255 33.9799 110.5277 6.226 35.2961 -2.095
5.0255 33.9931 110.528 6.2281 35.2828 -2.0975
5.0255 34.0048 110.5282 6.2299 35.2709 -2.0998
5.0255 34.0152 110.5283 6.2316 35.2604 -2.1018
5.0255 34.0242 110.5285 6.233 35.2513 -2.1035
5.0255 34.0318 110.5286 6.2342 35.2436 -2.1049
5.0255 34.0381 110.5287 6.2351 35.2373 -2.1061
5.0255 34.0429 110.5288 6.2359 35.2324 -2.1071
5.0255 34.0464 110.5289 6.2364 35.2289 -2.1077
5.0255 34.0484 110.5289 6.2368 35.2268 -2.1081
5.0255 34.0491 110.5289 6.2369 35.2261 -2.1082
5.0255 34.0484 110.5289 6.2368 35.2268 -2.1081
5.0255 34.0464 110.5289 6.2364 35.2289 -2.1077
5.0255 34.0429 110.5288 6.2359 35.2324 -2.1071
5.0255 34.0381 110.5287 6.2351 35.2373 -2.1061
5.0255 34.0318 110.5286 6.2342 35.2436 -2.1049
5.0255 34.0242 110.5285 6.233 35.2513 -2.1035
5.0255 34.0152 110.5283 6.2316 35.2604 -2.1018
5.0255 34.0048 110.5282 6.2299 35.2709 -2.0998
5.0255 33.9931 110.528 6.2281 35.2828 -2.0975
5.0255 33.9799 110.5277 6.226 35.2961 -2.095
5.0255 33.9654 110.5274 6.2238 35.3109 -2.0922
5.0255 33.9495 110.5271 6.2213 35.327 -2.0892
5.0255 33.9322 110.5268 6.2186 35.3445 -2.0859
5.0255 33.9135 110.5264 6.2157 35.3634 -2.0823
5.0255 33.8935 110.526 6.2126 35.3838 -2.0785
5.0255 33.8721 110.5256 6.2093 35.4055 -2.0744
5.0255 33.8493 110.5251 6.2057 35.4286 -2.0701
5.0255 33.8251 110.5246 6.202 35.4532 -2.0655
5.0255 33.7996 110.524 6.198 35.4792 -2.0606
5.0255 33.7726 110.5233 6.1938 35.5065 -2.0555
5.0255 33.7444 110.5227 6.1895 35.5353 -2.0501
5.0255 33.7147 110.5219 6.1849 35.5656 -2.0445
5.0255 33.6837 110.5211 6.1801 35.5972 -2.0386
5.0255 33.6513 110.5203 6.1751 35.6302 -2.0324
5.0255 33.6175 110.5194 6.1699 35.6647 -2.026
5.0255 33.5824 110.5184 6.1645 35.7006 -2.0194
5.0255 33.546 110.5173 6.1589 35.7379 -2.0125
5.0255 33.5081 110.5162 6.1531 35.7766 -2.0054
5.0255 33.469 110.515 6.1471 35.8168 -1.998
5.0255 33.4284 110.5137 6.1409 35.8584 -1.9903
5.0255 33.3865 110.5123 6.1345 35.9014 -1.9824
5.0255 33.3433 110.5109 6.1279 35.9458 -1.9743
5.0255 33.2987 110.5093 6.1211 35.9917 -1.9659
5.0255 33.2528 110.5076 6.1141 36.039 -1.9573
5.0255 33.2055 110.5059 6.107 36.0878 -1.9484
5.0255 33.1569 110.504 6.0996 36.138 -1.9393
5.0255 33.107 110.502 6.0921 36.1896 -1.9299
5.0255 33.0557 110.4999 6.0843 36.2427 -1.9204
5.0255 33.0031 110.4976 6.0764 36.2973 -1.9105
5.0255 32.9492 110.4953 6.0683 36.3532 -1.9005
5.0255 32.8948 110.4928 6.0602 36.4097 -1.8904
5.0255 32.841 110.4904 6.0521 36.4656 -1.8803
5.0255 32.7876 110.4881 6.0441 36.5211 -1.8704
5.0255 32.7348 110.4857 6.0362 36.576 -1.8605
5.0255 32.6824 110.4834 6.0283 36.6304 -1.8508
5.0255 32.6305 110.481 6.0205 36.6842 -1.8411
5.0255 32.5792 110.4787 6.0128 36.7376 -1.8316
5.0255 32.5283 110.4765 6.0052 36.7904 -1.8221
5.0255 32.4779 110.4742 5.9976 36.8428 -1.8127
5.0255 32.428 110.472 5.9901 36.8946 -1.8034
5.0255 32.3787 110.4698 5.9827 36.9459 -1.7942
5.0255 32.3298 110.4676 5.9754 36.9967 -1.7851
5.0255 32.2814 110.4654 5.9681 37.0469 -1.7761
5.0255 32.2335 110.4633 5.9609 37.0967 -1.7672
5.0255 32.1861 110.4612 5.9538 37.1459 -1.7583
5.0255 32.1392 110.4591 5.9468 37.1947 -1.7496
5.0255 32.0928 110.457 5.9398 37.2429 -1.7409
5.0255 32.0469 110.455 5.9329 37.2905 -1.7324
5.0255 32.0015 110.4529 5.9261 37.3377 -1.7239
5.0255 31.9565 110.4509 5.9194 37.3844 -1.7156
5.0255 31.9121 110.449 5.9127 37.4305 -1.7073
5.0255 31.8682 110.447 5.9061 37.4762 -1.6991
5.0255 31.8248 110.4451 5.8996 37.5213 -1.691
5.0255 31.7818 110.4431 5.8932 37.5659 -1.683
5.0255 31.7394 110.4412 5.8868 37.6099 -1.6751
5.0255 31.6975 110.4394 5.8805 37.6535 -1.6673
5.0255 31.656 110.4375 5.8743 37.6966 -1.6596
5.0255 31.6151 110.4357 5.8682 37.7391 -1.6519
5.0255 31.5746 110.4339 5.8621 37.7811 -1.6444
5.0255 31.5347 110.4321 5.8561 37.8226 -1.637
5.0255 31.4952 110.4303 5.8502 37.8636 -1.6296
5.0255 31.4563 110.4286 5.8443 37.9041 -1.6224
5.0255 31.4178 110.4269 5.8386 37.944 -1.6152
5.0255 31.3798 110.4252 5.8329 37.9835 -1.6081
5.0255 31.3424 110.4235 5.8272 38.0224 -1.6011
5.0255 31.3054 110.4219 5.8217 38.0608 -1.5942
5.0255 31.2689 110.4202 5.8162 38.0987 -1.5874
5.0255 31.2329 110.4186 5.8108 38.1361 -1.5807
5.0255 31.1974 110.417 5.8055 38.1729 -1.5741
5.0255 31.1624 110.4155 5.8002 38.2093 -1.5676
5.0255 31.1279 110.4139 5.7951 38.2451 -1.5612
5.0255 31.094 110.4124 5.79 38.2804 -1.5549
5.0255 31.0605 110.4109 5.7849 38.3152 -1.5486
5.0255 31.0274 110.4094 5.78 38.3495 -1.5425
5.0255 30.9949 110.408 5.7751 38.3833 -1.5364
5.0255 30.9629 110.4066 5.7703 38.4166 -1.5304
5.0255 30.9314 110.4052 5.7656 38.4493 -1.5246
5.0255 30.9004 110.4038 5.7609 38.4815 -1.5188
5.0255 30.8699 110.4024 5.7563 38.5132 -1.5131
5.0255 30.8398 110.4011 5.7518 38.5444 -1.5075
5.0255 30.8103 110.3997 5.7474 38.5751 -1.502
5.0255 30.7813 110.3984 5.743 38.6053 -1.4966
5.0255 30.7527 110.3972 5.7388 38.6349 -1.4913
5.0255 30.7247 110.3959 5.7346 38.664 -1.4861
5.0255 30.6972 110.3947 5.7304 38.6926 -1.4809
5.0255 30.6701 110.3935 5.7264 38.7207 -1.4759
5.0255 30.6436 110.3923 5.7224 38.7483 -1.4709
5.0255 30.6175 110.3911 5.7185 38.7754 -1.4661
5.0255 30.5919 110.39 5.7146 38.8019 -1.4613
5.0255 30.5669 110.3889 5.7109 38.828 -1.4567
5.0255 30.5423 110.3878 5.7072 38.8535 -1.4521
5.0255 30.5182 110.3867 5.7036 38.8785 -1.4476
5.0255 30.4947 110.3856 5.7 38.903 -1.4432
5.0255 30.4716 110.3846 5.6966 38.927 -1.4389
5.0255 30.449 110.3836 5.6932 38.9504 -1.4347
5.0255 30.4269 110.3826 5.6899 38.9734 -1.4306
5.0255 30.4053 110.3817 5.6866 38.9958 -1.4266
5.0255 30.3842 110.3807 5.6835 39.0177 -1.4226
5.0255 30.3636 110.3798 5.6804 39.0391 -1.4188
5.0255 30.3435 110.3789 5.6774 39.06 -1.415
5.0255 30.3239 110.378 5.6744 39.0803 -1.4114
5.0255 30.3048 110.3772 5.6716 39.1002 -1.4078
5.0255 30.2862 110.3763 5.6688 39.1195 -1.4044
5.0255 30.2681 110.3755 5.666 39.1383 -1.401
5.0255 30.2505 110.3747 5.6634 39.1567 -1.3977
5.0255 30.2333 110.374 5.6608 39.1744 -1.3945
5.0255 30.2167 110.3732 5.6583 39.1917 -1.3914
5.0255 30.2006 110.3725 5.6559 39.2085 -1.3884
5.0255 30.185 110.3718 5.6536 39.2247 -1.3855
5.0255 30.1698 110.3711 5.6513 39.2404 -1.3827
5.0255 30.1552 110.3705 5.6491 39.2556 -1.38
5.0255 30.141 110.3699 5.647 39.2703 -1.3773
5.0255 30.1274 110.3692 5.6449 39.2845 -1.3748
5.0255 30.1142 110.3687 5.643 39.2982 -1.3723
5.0255 30.1016 110.3681 5.6411 39.3113 -1.37
5.0255 30.0894 110.3676 5.6392 39.324 -1.3677
5.0255 30.0778 110.367 5.6375 39.3361 -1.3655
5.0255 30.0666 110.3665 5.6358 39.3477 -1.3634
5.0255 30.0559 110.3661 5.6342 39.3588 -1.3615
5.0255 30.0457 110.3656 5.6327 39.3693 -1.3596
5.0255 30.0361 110.3652 5.6312 39.3794 -1.3578
5.0255 30.0269 110.3648 5.6298 39.3889 -1.3561
5.0255 30.0182 110.3644 5.6285 39.3979 -1.3544
5.0255 30.01 110.364 5.6273 39.4064 -1.3529
5.0255 30.0023 110.3637 5.6262 39.4144 -1.3515
5.0255 29.9951 110.3633 5.6251 39.4219 -1.3501
5.0255 29.9884 110.363 5.6241 39.4289 -1.3489
5.0255 29.9822 110.3628 5.6231 39.4353 -1.3477
5.0255 29.9765 110.3625 5.6223 39.4412 -1.3467
5.0255 29.9713 110.3623 5.6215 39.4467 -1.3457
5.0255 29.9666 110.3621 5.6208 39.4516 -1.3448
5.0255 29.9624 110.3619 5.6202 39.4559 -1.344
5.0255 29.9586 110.3617 5.6196 39.4598 -1.3433
5.0255 29.9554 110.3616 5.6191 39.4632 -1.3427
5.0255 29.9527 110.3614 5.6187 39.466 -1.3422
5.0255 29.9505 110.3613 5.6184 39.4683 -1.3418
5.0255 29.9487 110.3613 5.6181 39.4701 -1.3415
5.0255 29.9475 110.3612 5.6179 39.4714 -1.3413
5.0255 29.9467 110.3612 5.6178 39.4722 -1.3411
5.0255 29.9465 110.3612 5.6178 39.4724 -1.3411
5.0255 29.9467 110.3612 5.6178 39.4722 -1.3411
5.0255 29.9475 110.3612 5.6179 39.4714 -1.3413
5.0255 29.9487 110.3613 5.6181 39.4701 -1.3415
5.0255 29.9505 110.3613 5.6184 39.4683 -1.3418
5.0255 29.9527 110.3614 5.6187 39.466 -1.3422
5.0255 29.9554 110.3616 5.6191 39.4632 -1.3427
5.0255 29.9586 110.3617 5.6196 39.4598 -1.3433
5.0255 29.9624 110.3619 5.6202 39.4559 -1.344
5.0255 29.9666 110.3621 5.6208 39.4516 -1.3448
5.0255 29.9713 110.3623 5.6215 39.4467 -1.3457
5.0255 29.9765 110.3625 5.6223 39.4412 -1.3467
5.0255 29.9822 110.3628 5.6231 39.4353 -1.3477
5.0255 29.9884 110.363 5.6241 39.4289 -1.3489
5.0255 29.9951 110.3633 5.6251 39.4219 -1.3501
5.0255 30.0023 110.3637 5.6262 39.4144 -1.3515
5.0255 30.01 110.364 5.6273 39.4064 -1.3529
5.0255 30.0182 110.3644 5.6285 39.3979 -1.3544
5.0255 30.0269 110.3648 5.6298 39.3889 -1.3561
5.0255 30.0361 110.3652 5.6312 39.3794 -1.3578
5.0255 30.0457 110.3656 5.6327 39.3693 -1.3596
5.0255 30.0559 110.3661 5.6342 39.3588 -1.3615
5.0255 30.0666 110.3665 5.6358 39.3477 -1.3634
5.0255 30.0778 110.367 5.6375 39.3361 -1.3655
5.0255 30.0894 110.3676 5.6392 39.324 -1.3677
5.0255 30.1016 110.3681 5.6411 39.3113 -1.37
5.0255 30.1142 110.3687 5.643 39.2982 -1.3723
5.0255 30.1274 110.3692 5.6449 39.2845 -1.3748
5.0255 30.141 110.3699 5.647 39.2703 -1.3773
5.0255 30.1552 110.3705 5.6491 39.2556 -1.38
5.0255 30.1698 110.3711 5.6513 39.2404 -1.3827
5.0255 30.185 110.3718 5.6536 39.2247 -1.3855
5.0255 30.2006 110.3725 5.6559 39.2085 -1.3884
5.0255 30.2167 110.3732 5.6583 39.1917 -1.3914
5.0255 30.2333 110.374 5.6608 39.1744 -1.3945
5.0255 30.2505 110.3747 5.6634 39.1567 -1.3977
5.0255 30.2681 110.3755 5.666 39.1383 -1.401
5.0255 30.2862 110.3763 5.6688 39.1195 -1.4044
5.0255 30.3048 110.3772 5.6716 39.1002 -1.4078
5.0255 30.3239 110.378 5.6744 39.0803 -1.4114
5.0255 30.3435 110.3789 5.6774 39.06 -1.415
5.0255 30.3636 110.3798 5.6804 39.0391 -1.4188
5.0255 30.3842 110.3807 5.6835 39.0177 -1.4226
5.0255 30.4053 110.3817 5.6866 38.9958 -1.4266
5.0255 30.4269 110.3826 5.6899 38.9734 -1.4306
5.0255 30.449 110.3836 5.6932 38.9504 -1.4347
5.0255 30.4716 110.3846 5.6966 38.927 -1.4389
5.0255 30.4947 110.3856 5.7 38.903 -1.4432
5.0255 30.5182 110.3867 5.7036 38.8785 -1.4476
5.0255 30.5423 110.3878 5.7072 38.8535 -1.4521
5.0255 30.5669 110.3889 5.7109 38.828 -1.4567
5.0255 30.5919 110.39 5.7146 38.8019 -1.4613
5.0255 30.6175 110.3911 5.7185 38.7754 -1.4661
5.0255 30.6436 110.3923 5.7224 38.7483 -1.4709
5.0255 30.6701 110.3935 5.7264 38.7207 -1.4759
5.0255 30.6972 110.3947 5.7304 38.6926 -1.4809
5.0255 30.7247 110.3959 5.7346 38.664 -1.4861
5.0255 30.7527 110.3972 5.7388 38.6349 -1.4913
5.0255 30.7813 110.3984 5.743 38.6053 -1.4966
5.0255 30.8103 110.3997 5.7474 38.5751 -1.502
5.0255 30.8398 110.4011 5.7518 38.5444 -1.5075
5.0255 30.8699 110.4024 5.7563 38.5132 -1.5131
5.0255 30.9004 110.4038 5.7609 38.4815 -1.5188
5.0255 30.9314 110.4052 5.7656 38.4493 -1.5246
5.0255 30.9629 110.4066 5.7703 38.4166 -1.5304
5.0255 30.9949 110.408 5.7751 38.3833 -1.5364
5.0255 31.0274 110.4094 5.78 38.3495 -1.5425
5.0255 31.0605 110.4109 5.7849 38.3152 -1.5486
5.0255 31.094 110.4124 5.79 38.2804 -1.5549
5.0255 31.1279 110.4139 5.7951 38.2451 -1.5612
5.0255 31.1624 110.4155 5.8002 38.2093 -1.5676
5.0255 31.1974 110.417 5.8055 38.1729 -1.5741
5.0255 31.2329 110.4186 5.8108 38.1361 -1.5807
5.0255 31.2689 110.4202 5.8162 38.0987 -1.5874
5.0255 31.3054 110.4219 5.8217 38.0608 -1.5942
5.0255 31.3424 110.4235 5.8272 38.0224 -1.6011
5.0255 31.3798 110.4252 5.8329 37.9835 -1.6081
5.0255 31.4178 110.4269 5.8386 37.944 -1.6152
5.0255 31.4563 110.4286 5.8443 37.9041 -1.6224
5.0255 31.4952 110.4303 5.8502 37.8636 -1.6296
5.0255 31.5347 110.4321 5.8561 37.8226 -1.637
5.0255 31.5746 110.4339 5.8621 37.7811 -1.6444
5.0255 31.6151 110.4357 5.8682 37.7391 -1.6519
5.0255 31.656 110.4375 5.8743 37.6966 -1.6596
5.0255 31.6975 110.4394 5.8805 37.6535 -1.6673
5.0255 31.7394 110.4412 5.8868 37.6099 -1.6751
5.0255 31.7818 110.4431 5.8932 37.5659 -1.683
5.0255 31.8248 110.4451 5.8996 37.5213 -1.691
5.0255 31.8682 110.447 5.9061 37.4762 -1.6991
5.0255 31.9121 110.449 5.9127 37.4305 -1.7073
5.0255 31.9565 110.4509 5.9194 37.3844 -1.7156
5.0255 32.0015 110.4529 5.9261 37.3377 -1.7239
5.0255 32.0469 110.455 5.9329 37.2905 -1.7324
5.0255 32.0928 110.457 5.9398 37.2429 -1.7409
5.0255 32.1392 110.4591 5.9468 37.1947 -1.7496
5.0255 32.1861 110.4612 5.9538 37.1459 -1.7583
5.0255 32.2335 110.4633 5.9609 37.0967 -1.7672
5.0255 32.2814 110.4654 5.9681 37.0469 -1.7761
5.0255 32.3298 110.4676 5.9754 36.9967 -1.7851
5.0255 32.3787 110.4698 5.9827 36.9459 -1.7942
5.0255 32.428 110.472 5.9901 36.8946 -1.8034
5.0255 32.4779 110.4742 5.9976 36.8428 -1.8127
5.0255 32.5283 110.4765 6.0052 36.7904 -1.8221
5.0255 32.5792 110.4787 6.0128 36.7376 -1.8316
5.0255 32.6305 110.481 6.0205 36.6842 -1.8411
5.0255 32.6824 110.4834 6.0283 36.6304 -1.8508
5.0255 32.7348 110.4857 6.0362 36.576 -1.8605
5.0255 32.7876 110.4881 6.0441 36.5211 -1.8704
5.0255 32.841 110.4904 6.0521 36.4656 -1.8803
5.0255 32.8948 110.4928 6.0602 36.4097 -1.8904
5.0255 32.9492 110.4953 6.0683 36.3532 -1.9005
5.0255 33.0031 110.4976 6.0764 36.2973 -1.9105
5.0255 33.0557 110.4999 6.0843 36.2427 -1.9204
5.0255 33.107 110.502 6.0921 36.1896 -1.9299
5.0255 33.1569 110.504 6.0996 36.138 -1.9393
5.0255 33.2055 110.5059 6.107 36.0878 -1.9484
5.0255 33.2528 110.5076 6.1141 36.039 -1.9573
5.0255 33.2987 110.5093 6.1211 35.9917 -1.9659
5.0255 33.3433 110.5109 6.1279 35.9458 -1.9743
5.0255 33.3865 110.5123 6.1345 35.9014 -1.9824
5.0255 33.4284 110.5137 6.1409 35.8584 -1.9903
5.0255 33.469 110.515 6.1471 35.8168 -1.998
5.0255 33.5081 110.5162 6.1531 35.7766 -2.0054
5.0255 33.546 110.5173 6.1589 35.7379 -2.0125
5.0255 33.5824 110.5184 6.1645 35.7006 -2.0194
5.0255 33.6175 110.5194 6.1699 35.6647 -2.026
5.0255 33.6513 110.5203 6.1751 35.6302 -2.0324
5.0255 33.6837 110.5211 6.1801 35.5972 -2.0386
5.0255 33.7147 110.5219 6.1849 35.5656 -2.0445
5.0255 33.7444 110.5227 6.1895 35.5353 -2.0501
5.0255 33.7726 110.5233 6.1938 35.5065 -2.0555
5.0255 33.7996 110.524 6.198 35.4792 -2.0606
5.0255 33.8251 110.5246 6.202 35.4532 -2.0655
5.0255 33.8493 110.5251 6.2057 35.4286 -2.0701
5.0255 33.8721 110.5256 6.2093 35.4055 -2.0744
5.0255 33.8935 110.526 6.2126 35.3838 -2.0785
5.0255 33.9135 110.5264 6.2157 35.3634 -2.0823
5.0255 33.9322 110.5268 6.2186 35.3445 -2.0859
5.0255 33.9495 110.5271 6.2213 35.327 -2.0892
5.0255 33.9654 110.5274 6.2238 35.3109 -2.0922
5.0255 33.9799 110.5277 6.226 35.2961 -2.095
5.0255 33.9931 110.528 6.2281 35.2828 -2.0975
5.0255 34.0048 110.5282 6.2299 35.2709 -2.0998
5.0255 34.0152 110.5283 6.2316 35.2604 -2.1018
5.0255 34.0242 110.5285 6.233 35.2513 -2.1035
5.0255 34.0318 110.5286 6.2342 35.2436 -2.1049
5.0255 34.0381 110.5287 6.2351 35.2373 -2.1061
5.0255 34.0429 110.5288 6.2359 35.2324 -2.1071
5.0255 34.0464 110.5289 6.2364 35.2289 -2.1077
5.0255 34.0484 110.5289 6.2368 35.2268 -2.1081
5.0255 34.0491 110.5289 6.2369 35.2261 -2.1082
5.0255 34.0484 110.5289 6.2368 35.2268 -2.1081
5.0255 34.0464 110.5289 6.2364 35.2289 -2.1077
5.0255 34.0429 110.5288 6.2359 35.2324 -2.1071
5.0255 34.0381 110.5287 6.2351 35.2373 -2.1061
5.0255 34.0318 110.5286 6.2342 35.2436 -2.1049
5.0255 34.0242 110.5285 6.233 35.2513 -2.1035
5.0255 34.0152 110.5283 6.2316 35.2604 -2.1018
5.0255 34.0048 110.5282 6.2299 35.2709 -2.0998
5.0255 33.9931 110.528 6.2281 35.2828 -2.0975
5.0255 33.9799 110.5277 6.226 35.2961 -2.095
5.0255 33.9654 110.5274 6.2238 35.3109 -2.0922
5.0255 33.9495 110.5271 6.2213 35.327 -2.0892
5.0255 33.9322 110.5268 6.2186 35.3445 -2.0859
5.0255 33.9135 110.5264 6.2157 35.3634 -2.0823
5.0255 33.8935 110.526 6.2126 35.3838 -2.0785
5.0255 33.8721 110.5256 6.2093 35.4055 -2.0744
5.0255 33.8493 110.5251 6.2057 35.4286 -2.0701
5.0255 33.8251 110.5246 6.202 35.4532 -2.0655
5.0255 33.7996 110.524 6.198 35.4792 -2.0606
5.0255 33.7726 110.5233 6.1938 35.5065 -2.0555
5.0255 33.7444 110.5227 6.1895 35.5353 -2.0501
5.0255 33.7147 110.5219 6.1849 35.5656 -2.0445
5.0255 33.6837 110.5211 6.1801 35.5972 -2.0386
5.0255 33.6513 110.5203 6.1751 35.6302 -2.0324
5.0255 33.6175 110.5194 6.1699 35.6647 -2.026
5.0255 33.5824 110.5184 6.1645 35.7006 -2.0194
5.0255 33.546 110.5173 6.1589 35.7379 -2.0125
5.0255 33.5081 110.5162 6.1531 35.7766 -2.0054
5.0255 33.469 110.515 6.1471 35.8168 -1.998
5.0255 33.4284 110.5137 6.1409 35.8584 -1.9903
5.0255 33.3865 110.5123 6.1345 35.9014 -1.9824
5.0255 33.3433 110.5109 6.1279 35.9458 -1.9743
5.0255 33.2987 110.5093 6.1211 35.9917 -1.9659
5.0255 33.2528 110.5076 6.1141 36.039 -1.9573
5.0255 33.2055 110.5059 6.107 36.0878 -1.9484
5.0255 33.1569 110.504 6.0996 36.138 -1.9393
5.0255 33.107 110.502 6.0921 36.1896 -1.9299
5.0255 33.0557 110.4999 6.0843 36.2427 -1.9204
5.0255 33.0031 110.4976 6.0764 36.2973 -1.9105
5.0255 32.9492 110.4953 6.0683 36.3532 -1.9005
5.0257 32.8948 110.4928 6.0602 36.4097 -1.8902
5.0262 32.841 110.4903 6.0521 36.4657 -1.8796
5.0271 32.7878 110.4878 6.0441 36.5212 -1.8689
5.0283 32.735 110.4852 6.0362 36.5762 -1.8578
5.0299 32.6828 110.4826 6.0283 36.6306 -1.8465
5.0317 32.6311 110.48 6.0205 36.6846 -1.835
5.0339 32.58 110.4773 6.0128 36.7382 -1.8233
5.0365 32.5294 110.4746 6.0052 36.7912 -1.8113
5.0393 32.4793 110.4719 5.9976 36.8437 -1.7991
5.0425 32.4297 110.4691 5.9901 36.8957 -1.7867
5.046 32.3806 110.4663 5.9827 36.9473 -1.774
5.0499 32.3321 110.4635 5.9753 36.9983 -1.7612
5.054 32.2841 110.4606 5.9681 37.0488 -1.7481
5.0584 32.2367 110.4577 5.9609 37.0989 -1.7348
5.0632 32.1897 110.4548 5.9538 37.1484 -1.7213
5.0682 32.1433 110.4518 5.9467 37.1975 -1.7076
5.0736 32.0975 110.4488 5.9397 37.2461 -1.6937
5.0792 32.0521 110.4458 5.9328 37.2941 -1.6796
5.0851 32.0073 110.4428 5.926 37.3417 -1.6653
5.0914 31.9629 110.4397 5.9193 37.3888 -1.6508
5.0979 31.9192 110.4366 5.9126 37.4354 -1.6361
5.1047 31.8759 110.4335 5.906 37.4814 -1.6212
5.1118 31.8332 110.4304 5.8994 37.527 -1.6061
5.1191 31.7909 110.4272 5.893 37.5721 -1.5909
5.1267 31.7492 110.424 5.8866 37.6167 -1.5755
5.1346 31.7081 110.4208 5.8803 37.6608 -1.5599
5.1428 31.6674 110.4176 5.874 37.7044 -1.5441
5.1512 31.6273 110.4143 5.8679 37.7475 -1.5282
5.1599 31.5877 110.411 5.8618 37.7901 -1.5121
5.1689 31.5486 110.4077 5.8558 37.8322 -1.4959
5.1781 31.51 110.4044 5.8498 37.8738 -1.4794
5.1875 31.472 110.401 5.844 37.9149 -1.4629
5.1972 31.4345 110.3977 5.8382 37.9555 -1.4462
5.2072 31.3975 110.3943 5.8325 37.9957 -1.4293
5.2174 31.361 110.3909 5.8268 38.0353 -1.4123
5.2278 31.325 110.3874 5.8212 38.0744 -1.3951
5.2385 31.2896 110.384 5.8157 38.113 -1.3778
5.2494 31.2547 110.3805 5.8103 38.1511 -1.3604
5.2605 31.2202 110.3771 5.805 38.1887 -1.3428
5.2719 31.1863 110.3736 5.7997 38.2258 -1.3251
5.2834 31.153 110.37 5.7945 38.2624 -1.3073
5.2952 31.1201 110.3665 5.7894 38.2986 -1.2893
5.3073 31.0878 110.363 5.7843 38.3342 -1.2713
5.3195 31.056 110.3594 5.7793 38.3693 -1.2531
5.3319 31.0246 110.3559 5.7744 38.4039 -1.2348
5.3446 30.9939 110.3523 5.7696 38.438 -1.2164
5.3574 30.9636 110.3487 5.7648 38.4716 -1.1978
5.3705 30.9338 110.3451 5.7601 38.5047 -1.1792
5.3837 30.9046 110.3415 5.7555 38.5373 -1.1605
5.3972 30.8758 110.3378 5.751 38.5694 -1.1416
5.4108 30.8476 110.3342 5.7465 38.601 -1.1227
5.4246 30.8199 110.3305 5.7421 38.6321 -1.1037
5.4386 30.7927 110.3269 5.7378 38.6627 -1.0846
5.4528 30.7661 110.3232 5.7336 38.6928 -1.0654
5.4672 30.7399 110.3195 5.7294 38.7224 -1.0461
5.4817 30.7142 110.3159 5.7253 38.7515 -1.0268
5.4964 30.6891 110.3122 5.7213 38.7801 -1.0073
5.5113 30.6645 110.3085 5.7173 38.8082 -0.9878
5.5263 30.6404 110.3048 5.7135 38.8357 -0.9682
5.5416 30.6168 110.3011 5.7097 38.8628 -0.9486
5.5569 30.5937 110.2974 5.7059 38.8894 -0.9289
5.5725 30.5711 110.2936 5.7023 38.9154 -0.9091
5.5881 30.549 110.2899 5.6987 38.941 -0.8893
5.604 30.5275 110.2862 5.6952 38.9661 -0.8694
5.6199 30.5064 110.2825 5.6918 38.9906 -0.8494
5.636 30.4859 110.2787 5.6884 39.0147 -0.8294
5.6523 30.4658 110.275 5.6851 39.0382 -0.8094
5.6687 30.4463 110.2713 5.6819 39.0612 -0.7893
5.6852 30.4273 110.2675 5.6788 39.0838 -0.7692
5.7019 30.4088 110.2638 5.6757 39.1058 -0.7491
5.7187 30.3908 110.2601 5.6727 39.1273 -0.7289
5.7356 30.3733 110.2563 5.6698 39.1483 -0.7087
5.7526 30.3563 110.2526 5.667 39.1688 -0.6884
5.7698 30.3398 110.2489 5.6642 39.1888 -0.6681
5.787 30.3239 110.2452 5.6615 39.2083 -0.6478
5.8044 30.3084 110.2414 5.6589 39.2273 -0.6275
5.8219 30.2934 110.2377 5.6563 39.2458 -0.6072
5.8395 30.279 110.234 5.6539 39.2637 -0.5869
5.8572 30.265 110.2303 5.6515 39.2812 -0.5665
5.875 30.2516 110.2266 5.6491 39.2981 -0.5462
5.8928 30.2387 110.2229 5.6469 39.3146 -0.5259
5.9108 30.2262 110.2192 5.6447 39.3305 -0.5055
5.9289 30.2143 110.2155 5.6426 39.3459 -0.4852
5.947 30.2029 110.2118 5.6406 39.3609 -0.4648
5.9653 30.1919 110.2082 5.6386 39.3753 -0.4445
5.9836 30.1815 110.2045 5.6368 39.3892 -0.4242
6.002 30.1716 110.2009 5.6349 39.4026 -0.4039
6.0204 30.1622 110.1972 5.6332 39.4154 -0.3836
6.039 30.1533 110.1936 5.6316 39.4278 -0.3634
6.0576 30.1449 110.19 5.63 39.4397 -0.3431
6.0762 30.1369 110.1864 5.6285 39.451 -0.3229
6.095 30.1295 110.1828 5.627 39.4619 -0.3028
6.1137 30.1226 110.1792 5.6257 39.4722 -0.2826
6.1326 30.1162 110.1756 5.6244 39.482 -0.2626
6.1515 30.1103 110.172 5.6232 39.4913 -0.2425
6.1704 30.1049 110.1685 5.622 39.5001 -0.2225
6.1894 30.1 110.165 5.6209 39.5084 -0.2026
6.2084 30.0956 110.1615 5.6199 39.5162 -0.1826
6.2275 30.0917 110.158 5.619 39.5235 -0.1628
6.2466 30.0882 110.1545 5.6182 39.5302 -0.143
6.2657 30.0853 110.151 5.6174 39.5365 -0.1233
6.2849 30.0829 110.1476 5.6167 39.5422 -0.1036
6.304 30.081 110.1441 5.6161 39.5474 -0.084
6.3232 30.0796 110.1407 5.6155 39.5521 -0.0645
6.3425 30.0786 110.1373 5.6151 39.5563 -0.045
6.3617 30.0782 110.1339 5.6146 39.56 -0.0256
6.3809 30.0783 110.1306 5.6143 39.5631 -0.0063
6.4002 30.0788 110.1273 5.6141 39.5658 0.0129
6.4195 30.0799 110.1239 5.6139 39.5679 0.032
6.4387 30.0814 110.1206 5.6138 39.5695 0.0511
6.458 30.0835 110.1174 5.6137 39.5707 0.07
6.4773 30.086 110.1141 5.6138 39.5712 0.0889
6.4965 30.0891 110.1109 5.6139 39.5713 0.1077
6.5158 30.0926 110.1077 5.6141 39.5709 0.1263
6.535 30.0966 110.1045 5.6143 39.5699 0.1449
6.5543 30.1011 110.1014 5.6147 39.5685 0.1633
6.5735 30.1061 110.0983 5.6151 39.5665 0.1817
6.5926 30.1116 110.0952 5.6156 39.564 0.1999
6.6118 30.1176 110.0921 5.6161 39.561 0.218
6.6309 30.1241 110.089 5.6168 39.5575 0.236
6.65 30.1311 110.086 5.6175 39.5534 0.2538
6.6691 30.1386 110.083 5.6182 39.5489 0.2716
6.6881 30.1465 110.0801 5.6191 39.5438 0.2892
6.7071 30.155 110.0771 5.62 39.5382 0.3067
6.726 30.1639 110.0742 5.621 39.5321 0.324
6.7449 30.1733 110.0714 5.6221 39.5255 0.3412
6.7637 30.1832 110.0685 5.6232 39.5183 0.3583
6.7825 30.1937 110.0657 5.6245 39.5107 0.3752
6.8013 30.2046 110.0629 5.6258 39.5025 0.3919
6.8199 30.2159 110.0602 5.6271 39.4938 0.4086
6.8385 30.2278 110.0575 5.6286 39.4846 0.425
6.8571 30.2402 110.0548 5.6301 39.4748 0.4413
6.8755 30.253 110.0521 5.6317 39.4646 0.4575
6.8939 30.2664 110.0495 5.6333 39.4538 0.4734
6.9122 30.2802 110.047 5.6351 39.4425 0.4892
6.9305 30.2945 110.0444 5.6369 39.4307 0.5049
6.9486 30.3093 110.0419 5.6388 39.4184 0.5204
6.9667 30.3246 110.0394 5.6407 39.4056 0.5356
6.9847 30.3403 110.037 5.6428 39.3922 0.5508
7.0025 30.3566 110.0346 5.6449 39.3783 0.5657
7.0203 30.3733 110.0323 5.6471 39.3639 0.5804
7.038 30.3906 110.03 5.6493 39.349 0.595
7.0556 30.4083 110.0277 5.6517 39.3335 0.6094
7.0731 30.4265 110.0254 5.6541 39.3176 0.6235
7.0905 30.4451 110.0232 5.6565 39.3011 0.6375
7.1077 30.4643 110.0211 5.6591 39.2841 0.6513
7.1249 30.4839 110.019 5.6617 39.2666 0.6648
7.1419 30.5041 110.0169 5.6644 39.2485 0.6782
7.1588 30.5247 110.0149 5.6672 39.2299 0.6913
7.1756 30.5458 110.0129 5.67 39.2108 0.7043
7.1923 30.5673 110.011 5.673 39.1912 0.717
7.2088 30.5894 110.0091 5.6759 39.1711 0.7295
7.2252 30.6119 110.0072 5.679 39.1504 0.7417
7.2414 30.6349 110.0054 5.6822 39.1292 0.7538
7.2576 30.6584 110.0036 5.6854 39.1075 0.7656
7.2735 30.6824 110.0019 5.6887 39.0853 0.7772
7.2894 30.7069 110.0003 5.692 39.0626 0.7885
7.305 30.7318 109.9986 5.6955 39.0393 0.7996
7.3206 30.7572 109.9971 5.699 39.0155 0.8105
7.3359 30.7831 109.9956 5.7026 38.9912 0.8211
7.3511 30.8095 109.9941 5.7062 38.9663 0.8315
7.3662 30.8363 109.9927 5.71 38.9409 0.8416
7.3811 30.8637 109.9913 5.7138 38.9151 0.8515
7.3958 30.8915 109.99 5.7177 38.8886 0.8611
7.4103 30.9198 109.9887 5.7216 38.8617 0.8704
7.4247 30.9485 109.9875 5.7256 38.8342 0.8795
7.4389 30.9778 109.9863 5.7297 38.8062 0.8883
7.4529 31.0075 109.9852 5.7339 38.7777 0.8969
7.4667 31.0377 109.9841 5.7382 38.7487 0.9052
7.4803 31.0683 109.9831 5.7425 38.7191 0.9131
7.4938 31.0995 109.9822 5.7469 38.689 0.9209
7.507 31.1311 109.9813 5.7514 38.6584 0.9283
7.5201 31.1632 109.9804 5.7559 38.6272 0.9354
7.5329 31.1957 109.9797 5.7605 38.5956 0.9423
7.5456 31.2288 109.9789 5.7652 38.5634 0.9489
7.558 31.2623 109.9783 5.77 38.5306 0.9551
7.5702 31.2963 109.9777 5.7748 38.4974 0.9611
7.5822 31.3307 109.9771 5.7798 38.4636 0.9668
7.594 31.3657 109.9766 5.7848 38.4293 0.9722
7.6056 31.4011 109.9762 5.7898 38.3944 0.9772
7.617 31.4369 109.9758 5.795 38.3591 0.982
7.6281 31.4733 109.9755 5.8002 38.3232 0.9864
7.639 31.5101 109.9752 5.8055 38.2868 0.9905
7.6497 31.5474 109.975 5.8108 38.2498 0.9943
7.6601 31.5852 109.9749 5.8163 38.2123 0.9978
7.6703 31.6234 109.9748 5.8218 38.1743 1.0009
7.6802 31.6621 109.9748 5.8273 38.1358 1.0038
7.69 31.7013 109.9749 5.833 38.0967 1.0062
7.6994 31.7409 109.975 5.8387 38.0571 1.0084
7.7086 31.781 109.9752 5.8445 38.017 1.0102
7.7176 31.8216 109.9755 5.8504 37.9763 1.0117
7.7263 31.8626 109.9758 5.8564 37.9351 1.0128
7.7347 31.9041 109.9762 5.8624 37.8934 1.0136
7.7429 31.9461 109.9766 5.8685 37.8512 1.014
7.7508 31.9886 109.9772 5.8747 37.8084 1.0141
7.7584 32.0315 109.9778 5.8809 37.7651 1.0138
7.7657 32.0749 109.9784 5.8872 37.7213 1.0131
7.7728 32.1187 109.9791 5.8936 37.6769 1.0121
7.7796 32.1631 109.9799 5.9001 37.632 1.0107
7.7861 32.2078 109.9808 5.9066 37.5865 1.009
7.7924 32.2531 109.9818 5.9133 37.5406 1.0068
7.7983 32.2988 109.9828 5.92 37.4941 1.0043
7.8039 32.345 109.9838 5.9267 37.447 1.0014
7.8093 32.3916 109.985 5.9336 37.3995 0.9982
7.8143 32.4387 109.9862 5.9405 37.3514 0.9945
7.8191 32.4863 109.9875 5.9475 37.3028 0.9905
7.8235 32.5343 109.9889 5.9545 37.2536 0.9861
7.8276 32.5828 109.9904 5.9617 37.2039 0.9812
7.8315 32.6318 109.9919 5.9689 37.1537 0.976
7.835 32.6812 109.9935 5.9762 37.1029 0.9704
7.8381 32.7311 109.9952 5.9835 37.0516 0.9643
7.841 32.7815 109.9969 5.9909 36.9998 0.9579
7.8436 32.8323 109.9988 5.9984 36.9474 0.951
7.8458 32.8835 110.0007 6.006 36.8945 0.9438
7.8476 32.9353 110.0027 6.0137 36.8411 0.9361
7.8492 32.9875 110.0047 6.0214 36.7871 0.928
7.8504 33.0401 110.0069 6.0292 36.7326 0.9195
7.8513 33.0932 110.0091 6.0371 36.6776 0.9105
7.8518 33.1468 110.0114 6.045 36.622 0.9011
7.852 33.2008 110.0138 6.053 36.5659 0.8913
7.852 33.2544 110.0162 6.061 36.5102 0.8814
7.852 33.3067 110.0184 6.0688 36.456 0.8717
7.852 33.3577 110.0205 6.0764 36.4033 0.8622
7.852 33.4073 110.0225 6.0838 36.3519 0.853
7.852 33.4556 110.0244 6.0911 36.302 0.844
7.852 33.5026 110.0261 6.0981 36.2535 0.8353
7.852 33.5483 110.0278 6.105 36.2065 0.8268
7.852 33.5926 110.0293 6.1117 36.1609 0.8185
7.852 33.6356 110.0308 6.1181 36.1167 0.8105
7.852 33.6772 110.0322 6.1244 36.0739 0.8027
7.852 33.7175 110.0335 6.1305 36.0326 0.7952
7.852 33.7564 110.0347 6.1364 35.9927 0.7879
7.852 33.794 110.0358 6.1421 35.9542 0.7808
7.852 33.8303 110.0369 6.1476 35.9171 0.774
7.852 33.8652 110.0378 6.153 35.8814 0.7675
7.852 33.8987 110.0387 6.1581 35.8472 0.7612
7.852 33.9309 110.0396 6.163 35.8143 0.7551
7.852 33.9618 110.0404 6.1677 35.7829 0.7493
7.852 33.9912 110.0411 6.1722 35.7529 0.7437
7.852 34.0193 110.0418 6.1765 35.7242 0.7384
7.852 34.0461 110.0424 6.1806 35.697 0.7334
7.852 34.0715 110.043 6.1845 35.6712 0.7286
7.852 34.0955 110.0435 6.1882 35.6468 0.7241
7.852 34.1182 110.044 6.1917 35.6238 0.7198
7.852 34.1395 110.0445 6.1949 35.6022 0.7157
7.852 34.1594 110.0449 6.198 35.582 0.712
7.852 34.1779 110.0452 6.2009 35.5631 0.7085
7.852 34.1951 110.0456 6.2035 35.5457 0.7052
7.852 34.2109 110.0459 6.2059 35.5297 0.7022
7.852 34.2254 110.0461 6.2082 35.5151 0.6995
7.852 34.2384 110.0464 6.2102 35.5019 0.697
7.852 34.2501 110.0466 6.212 35.49 0.6948
7.852 34.2604 110.0468 6.2136 35.4796 0.6928
7.852 34.2694 110.0469 6.215 35.4705 0.6911
7.852 34.277 110.0471 6.2161 35.4629 0.6897
7.852 34.2831 110.0472 6.2171 35.4566 0.6885
7.852 34.288 110.0473 6.2178 35.4517 0.6876
7.852 34.2914 110.0473 6.2184 35.4483 0.6869
7.852 34.2935 110.0473 6.2187 35.4462 0.6865
7.852 34.2942 110.0474 6.2188 35.4455 0.6864
7.852 34.2935 110.0473 6.2187 35.4462 0.6865
7.852 34.2914 110.0473 6.2184 35.4483 0.6869
7.852 34.288 110.0473 6.2178 35.4517 0.6876
7.852 34.2831 110.0472 6.2171 35.4566 0.6885
7.852 34.277 110.0471 6.2161 35.4629 0.6897
7.852 34.2694 110.0469 6.215 35.4705 0.6911
7.852 34.2604 110.0468 6.2136 35.4796 0.6928
7.852 34.2501 110.0466 6.212 35.49 0.6948
7.852 34.2384 110.0464 6.2102 35.5019 0.697
7.852 34.2254 110.0461 6.2082 35.5151 0.6995
7.852 34.2109 110.0459 6.2059 35.5297 0.7022
7.852 34.1951 110.0456 6.2035 35.5457 0.7052
7.852 34.1779 110.0452 6.2009 35.5631 0.7085
7.852 34.1594 110.0449 6.198 35.582 0.712
7.852 34.1395 110.0445 6.1949 35.6022 0.7157
7.852 34.1182 110.044 6.1917 35.6238 0.7198
7.852 34.0955 110.0435 6.1882 35.6468 0.7241
7.852 34.0715 110.043 6.1845 35.6712 0.7286
7.852 34.0461 110.0424 6.1806 35.697 0.7334
7.852 34.0193 110.0418 6.1765 35.7242 0.7384
7.852 33.9912 110.0411 6.1722 35.7529 0.7437
7.852 33.9618 110.0404 6.1677 35.7829 0.7493
7.852 33.9309 110.0396 6.163 35.8143 0.7551
7.852 33.8987 110.0387 6.1581 35.8472 0.7612
7.852 33.8652 110.0378 6.153 35.8814 0.7675
7.852 33.8303 110.0369 6.1476 35.9171 0.774
7.852 33.794 110.0358 6.1421 35.9542 0.7808
7.852 33.7564 110.0347 6.1364 35.9927 0.7879
7.852 33.7175 110.0335 6.1305 36.0326 0.7952
7.852 33.6772 110.0322 6.1244 36.0739 0.8027
7.852 33.6356 110.0308 6.1181 36.1167 0.8105
7.852 33.5926 110.0293 6.1117 36.1609 0.8185
7.852 33.5483 110.0278 6.105 36.2065 0.8268
7.852 33.5026 110.0261 6.0981 36.2535 0.8353
7.852 33.4556 110.0244 6.0911 36.302 0.844
7.852 33.4073 110.0225 6.0838 36.3519 0.853
7.852 33.3577 110.0205 6.0764 36.4033 0.8622
7.852 33.3067 110.0184 6.0688 36.456 0.8717
7.852 33.2544 110.0162 6.061 36.5102 0.8814
7.852 33.2008 110.0138 6.053 36.5659 0.8913
7.852 33.1468 110.0114 6.045 36.622 0.9013
7.852 33.0933 110.009 6.0371 36.6776 0.9112
7.852 33.0403 110.0066 6.0292 36.7327 0.921
7.852 32.9877 110.0043 6.0214 36.7873 0.9307
7.852 32.9357 110.0019 6.0137 36.8414 0.9403
7.852 32.8841 109.9996 6.006 36.8949 0.9499
7.852 32.8331 109.9973 5.9984 36.948 0.9593
7.852 32.7825 109.9951 5.9909 37.0005 0.9687
7.852 32.7325 109.9928 5.9835 37.0525 0.9779
7.852 32.6829 109.9906 5.9761 37.104 0.9871
7.852 32.6338 109.9884 5.9688 37.155 0.9962
7.852 32.5852 109.9862 5.9616 37.2055 1.0052
7.852 32.5371 109.9841 5.9545 37.2555 1.0141
7.852 32.4895 109.9819 5.9474 37.305 1.0229
7.852 32.4424 109.9798 5.9404 37.3539 1.0316
7.852 32.3958 109.9777 5.9335 37.4023 1.0402
7.852 32.3497 109.9757 5.9266 37.4503 1.0487
7.852 32.304 109.9736 5.9198 37.4977 1.0572
7.852 32.2589 109.9716 5.9131 37.5446 1.0655
7.852 32.2142 109.9696 5.9065 37.5909 1.0738
7.852 32.1701 109.9676 5.9 37.6368 1.0819
7.852 32.1264 109.9657 5.8935 37.6822 1.09
7.852 32.0833 109.9637 5.8871 37.727 1.098
7.852 32.0406 109.9618 5.8807 37.7713 1.1059
7.852 31.9984 109.9599 5.8745 37.8152 1.1137
7.852 31.9567 109.9581 5.8683 37.8585 1.1214
7.852 31.9156 109.9562 5.8621 37.9013 1.129
7.852 31.8749 109.9544 5.8561 37.9436 1.1365
7.852 31.8347 109.9526 5.8501 37.9853 1.144
7.852 31.7949 109.9508 5.8442 38.0266 1.1513
7.852 31.7557 109.9491 5.8384 38.0673 1.1586
7.852 31.717 109.9473 5.8327 38.1076 1.1657
7.852 31.6788 109.9456 5.827 38.1473 1.1728
7.852 31.641 109.9439 5.8214 38.1865 1.1798
7.852 31.6038 109.9423 5.8158 38.2252 1.1867
7.852 31.567 109.9406 5.8104 38.2634 1.1934
7.852 31.5308 109.939 5.805 38.301 1.2002
7.852 31.495 109.9374 5.7997 38.3382 1.2068
7.852 31.4597 109.9358 5.7944 38.3748 1.2133
7.852 31.425 109.9343 5.7893 38.411 1.2197
7.852 31.3907 109.9327 5.7842 38.4466 1.2261
7.852 31.3569 109.9312 5.7792 38.4817 1.2323
7.852 31.3236 109.9297 5.7742 38.5163 1.2385
7.852 31.2908 109.9282 5.7693 38.5504 1.2445
7.852 31.2585 109.9268 5.7645 38.5839 1.2505
7.852 31.2267 109.9254 5.7598 38.617 1.2564
7.852 31.1953 109.924 5.7552 38.6496 1.2622
7.852 31.1645 109.9226 5.7506 38.6816 1.2679
7.852 31.1342 109.9212 5.7461 38.7131 1.2735
7.852 31.1043 109.9199 5.7417 38.7441 1.279
7.852 31.075 109.9186 5.7373 38.7746 1.2844
7.852 31.0461 109.9173 5.733 38.8046 1.2898
7.852 31.0178 109.916 5.7288 38.8341 1.295
7.852 30.9899 109.9148 5.7247 38.863 1.3002
7.852 30.9625 109.9135 5.7206 38.8915 1.3052
7.852 30.9356 109.9123 5.7166 38.9194 1.3102
7.852 30.9092 109.9112 5.7127 38.9468 1.3151
7.852 30.8833 109.91 5.7088 38.9737 1.3199
7.852 30.8579 109.9089 5.7051 39.0001 1.3246
7.852 30.833 109.9077 5.7014 39.026 1.3292
7.852 30.8086 109.9067 5.6977 39.0514 1.3337
7.852 30.7847 109.9056 5.6942 39.0762 1.3381
7.852 30.7612 109.9045 5.6907 39.1006 1.3425
7.852 30.7383 109.9035 5.6873 39.1244 1.3467
7.852 30.7159 109.9025 5.6839 39.1477 1.3509
7.852 30.6939 109.9015 5.6807 39.1705 1.3549
7.852 30.6724 109.9006 5.6775 39.1928 1.3589
7.852 30.6515 109.8996 5.6744 39.2146 1.3628
7.852 30.631 109.8987 5.6713 39.2359 1.3665
7.852 30.611 109.8978 5.6684 39.2566 1.3702
7.852 30.5915 109.8969 5.6655 39.2769 1.3738
7.852 30.5726 109.8961 5.6627 39.2966 1.3774
7.852 30.5541 109.8952 5.6599 39.3158 1.3808
7.852 30.536 109.8944 5.6572 39.3345 1.3841
7.852 30.5185 109.8937 5.6546 39.3527 1.3873
7.852 30.5015 109.8929 5.6521 39.3704 1.3905
7.852 30.485 109.8922 5.6497 39.3876 1.3936
7.852 30.469 109.8914 5.6473 39.4042 1.3965
7.852 30.4534 109.8907 5.645 39.4204 1.3994
7.852 30.4384 109.8901 5.6427 39.436 1.4022
7.852 30.4238 109.8894 5.6406 39.4511 1.4049
7.852 30.4098 109.8888 5.6385 39.4657 1.4075
7.852 30.3962 109.8882 5.6365 39.4798 1.41
7.852 30.3831 109.8876 5.6345 39.4934 1.4124
7.852 30.3705 109.887 5.6327 39.5065 1.4147
7.852 30.3585 109.8865 5.6309 39.519 1.417
7.852 30.3469 109.886 5.6291 39.5311 1.4191
7.852 30.3358 109.8855 5.6275 39.5426 1.4211
7.852 30.3252 109.885 5.6259 39.5536 1.4231
7.852 30.315 109.8845 5.6244 39.5641 1.425
7.852 30.3054 109.8841 5.623 39.5741 1.4268
7.852 30.2963 109.8837 5.6216 39.5836 1.4284
7.852 30.2877 109.8833 5.6204 39.5926 1.43
7.852 30.2795 109.883 5.6191 39.601 1.4315
7.852 30.2719 109.8826 5.618 39.609 1.433
7.852 30.2647 109.8823 5.6169 39.6164 1.4343
7.852 30.2581 109.882 5.616 39.6233 1.4355
7.852 30.2519 109.8817 5.615 39.6297 1.4367
7.852 30.2462 109.8815 5.6142 39.6356 1.4377
7.852 30.2411 109.8812 5.6134 39.641 1.4387
7.852 30.2364 109.881 5.6127 39.6459 1.4395
7.852 30.2322 109.8808 5.6121 39.6502 1.4403
7.852 30.2285 109.8807 5.6116 39.6541 1.441
7.852 30.2253 109.8805 5.6111 39.6574 1.4416
7.852 30.2226 109.8804 5.6107 39.6602 1.4421
7.852 30.2203 109.8803 5.6103 39.6625 1.4425
7.852 30.2186 109.8802 5.6101 39.6643 1.4428
7.852 30.2174 109.8802 5.6099 39.6656 1.443
7.852 30.2166 109.8801 5.6098 39.6664 1.4432
7.852 30.2164 109.8801 5.6098 39.6666 1.4432
7.852 30.2166 109.8801 5.6098 39.6664 1.4432
7.852 30.2174 109.8802 5.6099 39.6656 1.443
7.852 30.2186 109.8802 5.6101 39.6643 1.4428
7.852 30.2203 109.8803 5.6103 39.6625 1.4425
7.852 30.2226 109.8804 5.6107 39.6602 1.4421
7.852 30.2253 109.8805 5.6111 39.6574 1.4416
7.852 30.2285 109.8807 5.6116 39.6541 1.441
7.852 30.2322 109.8808 5.6121 39.6502 1.4403
7.852 30.2364 109.881 5.6127 39.6459 1.4395
7.852 30.2411 109.8812 5.6134 39.641 1.4387
7.852 30.2462 109.8815 5.6142 39.6356 1.4377
7.852 30.2519 109.8817 5.615 39.6297 1.4367
7.852 30.2581 109.882 5.616 39.6233 1.4355
7.852 30.2647 109.8823 5.6169 39.6164 1.4343
7.852 30.2719 109.8826 5.618 39.609 1.433
7.852 30.2795 109.883 5.6191 39.601 1.4315
7.852 30.2877 109.8833 5.6204 39.5926 1.43
7.852 30.2963 109.8837 5.6216 39.5836 1.4284
7.852 30.3054 109.8841 5.623 39.5741 1.4268
7.852 30.315 109.8845 5.6244 39.5641 1.425
7.852 30.3252 109.885 5.6259 39.5536 1.4231
7.852 30.3358 109.8855 5.6275 39.5426 1.4211
7.852 30.3469 109.886 5.6291 39.5311 1.4191
7.852 30.3585 109.8865 5.6309 39.519 1.417
7.852 30.3705 109.887 5.6327 39.5065 1.4147
7.852 30.3831 109.8876 5.6345 39.4934 1.4124
7.852 30.3962 109.8882 5.6365 39.4798 1.41
7.852 30.4098 109.8888 5.6385 39.4657 1.4075
7.852 30.4238 109.8894 5.6406 39.4511 1.4049
7.852 30.4384 109.8901 5.6427 39.436 1.4022
7.852 30.4534 109.8907 5.645 39.4204 1.3994
7.852 30.469 109.8914 5.6473 39.4042 1.3965
7.852 30.485 109.8922 5.6497 39.3876 1.3936
7.852 30.5015 109.8929 5.6521 39.3704 1.3905
7.852 30.5185 109.8937 5.6546 39.3527 1.3873
7.852 30.536 109.8944 5.6572 39.3345 1.3841
7.852 30.5541 109.8952 5.6599 39.3158 1.3808
7.852 30.5726 109.8961 5.6627 39.2966 1.3774
7.852 30.5915 109.8969 5.6655 39.2769 1.3738
7.852 30.611 109.8978 5.6684 39.2566 1.3702
7.852 30.631 109.8987 5.6713 39.2359 1.3665
7.852 30.6515 109.8996 5.6744 39.2146 1.3628
7.852 30.6724 109.9006 5.6775 39.1928 1.3589
7.852 30.6939 109.9015 5.6807 39.1705 1.3549
7.852 30.7159 109.9025 5.6839 39.1477 1.3509
7.852 30.7383 109.9035 5.6873 39.1244 1.3467
7.852 30.7612 109.9045 5.6907 39.1006 1.3425
7.852 30.7847 109.9056 5.6942 39.0762 1.3381
7.852 30.8086 109.9067 5.6977 39.0514 1.3337
7.852 30.833 109.9077 5.7014 39.026 1.3292
7.852 30.8579 109.9089 5.7051 39.0001 1.3246
7.852 30.8833 109.91 5.7088 38.9737 1.3199
7.852 30.9092 109.9112 5.7127 38.9468 1.3151
7.852 30.9356 109.9123 5.7166 38.9194 1.3102
7.852 30.9625 109.9135 5.7206 38.8915 1.3052
7.852 30.9899 109.9148 5.7247 38.863 1.3002
7.852 31.0178 109.916 5.7288 38.8341 1.295
7.852 31.0461 109.9173 5.733 38.8046 1.2898
7.852 31.075 109.9186 5.7373 38.7746 1.2844
7.852 31.1043 109.9199 5.7417 38.7441 1.279
7.852 31.1342 109.9212 5.7461 38.7131 1.2735
7.852 31.1645 109.9226 5.7506 38.6816 1.2679
7.852 31.1953 109.924 5.7552 38.6496 1.2622
7.852 31.2267 109.9254 5.7598 38.617 1.2564
7.852 31.2585 109.9268 5.7645 38.5839 1.2505
7.852 31.2908 109.9282 5.7693 38.5504 1.2445
7.852 31.3236 109.9297 5.7742 38.5163 1.2385
7.852 31.3569 109.9312 5.7792 38.4817 1.2323
7.852 31.3907 109.9327 5.7842 38.4466 1.2261
7.852 31.425 109.9343 5.7893 38.411 1.2197
7.852 31.4597 109.9358 5.7944 38.3748 1.2133
7.852 31.495 109.9374 5.7997 38.3382 1.2068
7.852 31.5308 109.939 5.805 38.301 1.2002
7.852 31.567 109.9406 5.8104 38.2634 1.1934
7.852 31.6038 109.9423 5.8158 38.2252 1.1867
7.852 31.641 109.9439 5.8214 38.1865 1.1798
7.852 31.6788 109.9456 5.827 38.1473 1.1728
7.852 31.717 109.9473 5.8327 38.1076 1.1657
7.852 31.7557 109.9491 5.8384 38.0673 1.1586
7.852 31.7949 109.9508 5.8442 38.0266 1.1513
7.852 31.8347 109.9526 5.8501 37.9853 1.144
7.852 31.8749 109.9544 5.8561 37.9436 1.1365
7.852 31.9156 109.9562 5.8621 37.9013 1.129
7.852 31.9567 109.9581 5.8683 37.8585 1.1214
7.852 31.9984 109.9599 5.8745 37.8152 1.1137
7.852 32.0406 109.9618 5.8807 37.7713 1.1059
7.852 32.0833 109.9637 5.8871 37.727 1.098
7.852 32.1264 109.9657 5.8935 37.6822 1.09
7.852 32.1701 109.9676 5.9 37.6368 1.0819
7.852 32.2142 109.9696 5.9065 37.5909 1.0738
7.852 32.2589 109.9716 5.9131 37.5446 1.0655
7.852 32.304 109.9736 5.9198 37.4977 1.0572
7.852 32.3497 109.9757 5.9266 37.4503 1.0487
7.852 32.3958 109.9777 5.9335 37.4023 1.0402
7.852 32.4424 109.9798 5.9404 37.3539 1.0316
7.852 32.4895 109.9819 5.9474 37.305 1.0229
7.852 32.5371 109.9841 5.9545 37.2555 1.0141
7.852 32.5852 109.9862 5.9616 37.2055 1.0052
7.852 32.6338 109.9884 5.9688 37.155 0.9962
7.852 32.6829 109.9906 5.9761 37.104 0.9871
7.852 32.7325 109.9928 5.9835 37.0525 0.9779
7.852 32.7825 109.9951 5.9909 37.0005 0.9687
7.852 32.8331 109.9973 5.9984 36.948 0.9593
7.852 32.8841 109.9996 6.006 36.8949 0.9499
7.852 32.9357 110.0019 6.0137 36.8414 0.9403
7.852 32.9877 110.0043 6.0214 36.7873 0.9307
7.852 33.0403 110.0066 6.0292 36.7327 0.921
7.852 33.0933 110.009 6.0371 36.6776 0.9112
7.852 33.1468 110.0114 6.045 36.622 0.9013
7.852 33.2008 110.0138 6.053 36.5659 0.8913
7.852 33.2544 110.0162 6.061 36.5102 0.8814
7.852 33.3067 110.0184 6.0688 36.456 0.8717
7.852 33.3577 110.0205 6.0764 36.4033 0.8622
7.852 33.4073 110.0225 6.0838 36.3519 0.853
7.852 33.4556 110.0244 6.0911 36.302 0.844
7.852 33.5026 110.0261 6.0981 36.2535 0.8353
7.852 33.5483 110.0278 6.105 36.2065 0.8268
7.852 33.5926 110.0293 6.1117 36.1609 0.8185
7.852 33.6356 110.0308 6.1181 36.1167 0.8105
7.852 33.6772 110.0322 6.1244 36.0739 0.8027
7.852 33.7175 110.0335 6.1305 36.0326 0.7952
7.852 33.7564 110.0347 6.1364 35.9927 0.7879
7.852 33.794 110.0358 6.1421 35.9542 0.7808
7.852 33.8303 110.0369 6.1476 35.9171 0.774
7.852 33.8652 110.0378 6.153 35.8814 0.7675
7.852 33.8987 110.0387 6.1581 35.8472 0.7612
7.852 33.9309 110.0396 6.163 35.8143 0.7551
7.852 33.9618 110.0404 6.1677 35.7829 0.7493
7.852 33.9912 110.0411 6.1722 35.7529 0.7437
7.852 34.0193 110.0418 6.1765 35.7242 0.7384
7.852 34.0461 110.0424 6.1806 35.697 0.7334
7.852 34.0715 110.043 6.1845 35.6712 0.7286
7.852 34.0955 110.0435 6.1882 35.6468 0.7241
7.852 34.1182 110.044 6.1917 35.6238 0.7198
7.852 34.1395 110.0445 6.1949 35.6022 0.7157
7.852 34.1594 110.0449 6.198 35.582 0.712
7.852 34.1779 110.0452 6.2009 35.5631 0.7085
7.852 34.1951 110.0456 6.2035 35.5457 0.7052
7.852 34.2109 110.0459 6.2059 35.5297 0.7022
7.852 34.2254 110.0461 6.2082 35.5151 0.6995
7.852 34.2384 110.0464 6.2102 35.5019 0.697
7.852 34.2501 110.0466 6.212 35.49 0.6948
7.852 34.2604 110.0468 6.2136 35.4796 0.6928
7.852 34.2694 110.0469 6.215 35.4705 0.6911
7.852 34.277 110.0471 6.2161 35.4629 0.6897
7.852 34.2831 110.0472 6.2171 35.4566 0.6885
7.852 34.288 110.0473 6.2178 35.4517 0.6876
7.852 34.2914 110.0473 6.2184 35.4483 0.6869
7.852 34.2935 110.0473 6.2187 35.4462 0.6865
7.852 34.2942 110.0474 6.2188 35.4455 0.6864
7.852 34.2935 110.0473 6.2187 35.4462 0.6865
7.852 34.2914 110.0473 6.2184 35.4483 0.6869
7.852 34.288 110.0473 6.2178 35.4517 0.6876
7.852 34.2831 110.0472 6.2171 35.4566 0.6885
7.852 34.277 110.0471 6.2161 35.4629 0.6897
7.852 34.2694 110.0469 6.215 35.4705 0.6911
7.852 34.2604 110.0468 6.2136 35.4796 0.6928
7.852 34.2501 110.0466 6.212 35.49 0.6948
7.852 34.2384 110.0464 6.2102 35.5019 0.697
7.852 34.2254 110.0461 6.2082 35.5151 0.6995
7.852 34.2109 110.0459 6.2059 35.5297 0.7022
7.852 34.1951 110.0456 6.2035 35.5457 0.7052
7.852 34.1779 110.0452 6.2009 35.5631 0.7085
7.852 34.1594 110.0449 6.198 35.582 0.712
7.852 34.1395 110.0445 6.1949 35.6022 0.7157
7.852 34.1182 110.044 6.1917 35.6238 0.7198
7.852 34.0955 110.0435 6.1882 35.6468 0.7241
7.852 34.0715 110.043 6.1845 35.6712 0.7286
7.852 34.0461 110.0424 6.1806 35.697 0.7334
7.852 34.0193 110.0418 6.1765 35.7242 0.7384
7.852 33.9912 110.0411 6.1722 35.7529 0.7437
7.852 33.9618 110.0404 6.1677 35.7829 0.7493
7.852 33.9309 110.0396 6.163 35.8143 0.7551
7.852 33.8987 110.0387 6.1581 35.8472 0.7612
7.852 33.8652 110.0378 6.153 35.8814 0.7675
7.852 33.8303 110.0369 6.1476 35.9171 0.774
7.852 33.794 110.0358 6.1421 35.9542 0.7808
7.852 33.7564 110.0347 6.1364 35.9927 0.7879
7.852 33.7175 110.0335 6.1305 36.0326 0.7952
7.852 33.6772 110.0322 6.1244 36.0739 0.8027
7.852 33.6356 110.0308 6.1181 36.1167 0.8105
7.852 33.5926 110.0293 6.1117 36.1609 0.8185
7.852 33.5483 110.0278 6.105 36.2065 0.8268
7.852 33.5026 110.0261 6.0981 36.2535 0.8353
7.852 33.4556 110.0244 6.0911 36.302 0.844
7.852 33.4073 110.0225 6.0838 36.3519 0.853
7.852 33.3577 110.0205 6.0764 36.4033 0.8622
7.852 33.3067 110.0184 6.0688 36.456 0.8717
7.852 33.2544 110.0162 6.061 36.5102 0.8814
7.852 33.2008 110.0138 6.053 36.5659 0.8913
7.8521 33.1469 110.0113 6.045 36.622 0.9015
7.8526 33.0934 110.0088 6.0371 36.6777 0.9119
7.8535 33.0405 110.0062 6.0292 36.7329 0.9225
7.8547 32.9881 110.0036 6.0214 36.7876 0.9334
7.8562 32.9363 110.0009 6.0136 36.8418 0.9446
7.8581 32.885 109.9981 6.006 36.8955 0.9559
7.8602 32.8342 109.9953 5.9984 36.9488 0.9675
7.8627 32.784 109.9925 5.9908 37.0016 0.9793
7.8656 32.7343 109.9895 5.9834 37.0539 0.9914
7.8687 32.6852 109.9865 5.976 37.1057 1.0037
7.8722 32.6366 109.9835 5.9687 37.157 1.0162
7.8759 32.5885 109.9804 5.9614 37.2078 1.0289
7.88 32.541 109.9773 5.9542 37.2582 1.0418
7.8844 32.494 109.9741 5.9471 37.3081 1.055
7.8891 32.4475 109.9708 5.9401 37.3575 1.0683
7.894 32.4016 109.9676 5.9331 37.4064 1.0818
7.8993 32.3562 109.9642 5.9262 37.4548 1.0956
7.9049 32.3113 109.9608 5.9194 37.5028 1.1095
7.9107 32.267 109.9574 5.9127 37.5502 1.1237
7.9169 32.2232 109.9539 5.906 37.5972 1.138
7.9233 32.18 109.9504 5.8994 37.6437 1.1525
7.93 32.1372 109.9468 5.8929 37.6897 1.1673
7.937 32.095 109.9432 5.8864 37.7352 1.1821
7.9442 32.0533 109.9395 5.88 37.7803 1.1972
7.9518 32.0122 109.9358 5.8737 37.8248 1.2125
7.9596 31.9716 109.932 5.8674 37.8689 1.2279
7.9676 31.9315 109.9282 5.8612 37.9125 1.2435
7.9759 31.892 109.9244 5.8551 37.9555 1.2592
7.9845 31.8529 109.9205 5.8491 37.9981 1.2752
7.9933 31.8144 109.9166 5.8431 38.0403 1.2912
8.0024 31.7765 109.9127 5.8372 38.0819 1.3075
8.0117 31.739 109.9087 5.8314 38.123 1.3239
8.0213 31.7021 109.9046 5.8256 38.1637 1.3404
8.0311 31.6657 109.9006 5.8199 38.2038 1.3571
8.0412 31.6299 109.8965 5.8143 38.2435 1.374
8.0515 31.5945 109.8923 5.8088 38.2827 1.3909
8.062 31.5597 109.8882 5.8033 38.3214 1.4081
8.0727 31.5254 109.884 5.7979 38.3596 1.4253
8.0837 31.4917 109.8797 5.7926 38.3973 1.4427
8.0949 31.4584 109.8755 5.7873 38.4345 1.4602
8.1063 31.4257 109.8712 5.7821 38.4713 1.4779
8.118 31.3935 109.8668 5.777 38.5075 1.4957
8.1298 31.3618 109.8625 5.772 38.5433 1.5136
8.1419 31.3307 109.8581 5.767 38.5785 1.5316
8.1542 31.3001 109.8537 5.7621 38.6133 1.5497
8.1666 31.2699 109.8492 5.7573 38.6476 1.5679
8.1793 31.2404 109.8448 5.7525 38.6814 1.5863
8.1922 31.2113 109.8403 5.7478 38.7147 1.6047
8.2053 31.1827 109.8357 5.7432 38.7475 1.6233
8.2185 31.1547 109.8312 5.7387 38.7798 1.6419
8.232 31.1272 109.8266 5.7342 38.8116 1.6607
8.2456 31.1002 109.822 5.7298 38.8429 1.6795
8.2594 31.0737 109.8174 5.7254 38.8737 1.6984
8.2734 31.0478 109.8128 5.7212 38.904 1.7174
8.2876 31.0223 109.8081 5.717 38.9339 1.7365
8.3019 30.9974 109.8035 5.7129 38.9632 1.7557
8.3164 30.973 109.7988 5.7088 38.9921 1.775
8.3311 30.9491 109.7941 5.7049 39.0204 1.7943
8.3459 30.9257 109.7893 5.701 39.0483 1.8137
8.3609 30.9028 109.7846 5.6971 39.0756 1.8332
8.3761 30.8805 109.7798 5.6934 39.1025 1.8527
8.3914 30.8586 109.775 5.6897 39.1289 1.8723
8.4069 30.8373 109.7702 5.6861 39.1547 1.8919
8.4225 30.8165 109.7654 5.6825 39.1801 1.9116
8.4382 30.7962 109.7606 5.6791 39.205 1.9314
8.4541 30.7764 109.7558 5.6757 39.2293 1.9512
8.4702 30.7571 109.7509 5.6723 39.2532 1.9711
8.4864 30.7384 109.7461 5.6691 39.2766 1.991
8.5027 30.7201 109.7412 5.6659 39.2995 2.0109
8.5191 30.7023 109.7364 5.6628 39.3219 2.0309
8.5356 30.6851 109.7315 5.6597 39.3438 2.0509
8.5523 30.6684 109.7266 5.6568 39.3651 2.0709
8.5691 30.6522 109.7217 5.6539 39.386 2.091
8.586 30.6364 109.7168 5.651 39.4064 2.1111
8.6031 30.6212 109.7119 5.6483 39.4263 2.1312
8.6202 30.6065 109.707 5.6456 39.4457 2.1513
8.6374 30.5923 109.7021 5.643 39.4646 2.1715
8.6548 30.5787 109.6972 5.6404 39.4829 2.1916
8.6722 30.5655 109.6922 5.638 39.5008 2.2118
8.6898 30.5528 109.6873 5.6356 39.5182 2.232
8.7074 30.5406 109.6824 5.6332 39.5351 2.2522
8.7252 30.529 109.6775 5.631 39.5515 2.2723
8.743 30.5178 109.6725 5.6288 39.5673 2.2925
8.7609 30.5072 109.6676 5.6267 39.5827 2.3127
8.7789 30.497 109.6627 5.6247 39.5976 2.3328
8.7969 30.4873 109.6578 5.6227 39.6119 2.353
8.8151 30.4782 109.6529 5.6208 39.6258 2.3731
8.8333 30.4695 109.648 5.619 39.6391 2.3932
8.8516 30.4614 109.6431 5.6172 39.652 2.4133
8.8699 30.4537 109.6382 5.6156 39.6643 2.4334
8.8883 30.4466 109.6333 5.614 39.6762 2.4534
8.9068 30.44 109.6284 5.6124 39.6875 2.4734
8.9253 30.4338 109.6236 5.611 39.6984 2.4934
8.9439 30.4282 109.6187 5.6096 39.7087 2.5133
8.9626 30.423 109.6138 5.6083 39.7185 2.5332
8.9812 30.4184 109.609 5.607 39.7278 2.553
9 30.4142 109.6042 5.6058 39.7366 2.5728
9.0187 30.4105 109.5993 5.6047 39.7449 2.5926
9.0375 30.4074 109.5945 5.6037 39.7527 2.6123
9.0564 30.4047 109.5898 5.6028 39.76 2.6319
9.0752 30.4026 109.585 5.6019 39.7668 2.6515
9.0941 30.4009 109.5802 5.6011 39.7731 2.671
9.113 30.3997 109.5755 5.6003 39.7788 2.6904
9.132 30.399 109.5707 5.5997 39.7841 2.7098
9.1509 30.3988 109.566 5.5991 39.7888 2.7291
9.1699 30.3991 109.5613 5.5985 39.7931 2.7484
9.1889 30.3999 109.5567 5.5981 39.7968 2.7675
9.2079 30.4012 109.552 5.5977 39.8 2.7866
9.2269 30.403 109.5474 5.5974 39.8027 2.8056
9.2459 30.4053 109.5428 5.5972 39.8049 2.8245
9.2649 30.408 109.5382 5.597 39.8066 2.8433
9.2839 30.4113 109.5336 5.5969 39.8078 2.8621
9.3029 30.415 109.5291 5.5969 39.8084 2.8807
9.3219 30.4193 109.5245 5.597 39.8086 2.8992
9.3409 30.424 109.52 5.5971 39.8082 2.9176
9.3599 30.4292 109.5156 5.5973 39.8074 2.9359
9.3788 30.4349 109.5111 5.5976 39.806 2.9542
9.3977 30.4411 109.5067 5.5979 39.8041 2.9723
9.4166 30.4478 109.5023 5.5983 39.8017 2.9902
9.4355 30.4549 109.498 5.5988 39.7988 3.0081
9.4543 30.4626 109.4936 5.5994 39.7953 3.0258
9.4731 30.4707 109.4893 5.6 39.7914 3.0435
9.4919 30.4794 109.4851 5.6007 39.7869 3.061
9.5106 30.4885 109.4808 5.6015 39.782 3.0783
9.5293 30.4981 109.4766 5.6024 39.7765 3.0955
9.5479 30.5081 109.4725 5.6033 39.7705 3.1126
9.5665 30.5187 109.4683 5.6043 39.764 3.1296
9.585 30.5297 109.4642 5.6054 39.7569 3.1464
9.6035 30.5413 109.4602 5.6065 39.7494 3.1631
9.6219 30.5533 109.4561 5.6077 39.7413 3.1796
9.6402 30.5658 109.4522 5.609 39.7327 3.1959
9.6585 30.5787 109.4482 5.6104 39.7236 3.2121
9.6767 30.5922 109.4443 5.6118 39.714 3.2282
9.6949 30.6061 109.4404 5.6133 39.7039 3.2441
9.7129 30.6206 109.4366 5.6149 39.6933 3.2598
9.7309 30.6355 109.4328 5.6166 39.6821 3.2753
9.7488 30.6508 109.429 5.6183 39.6704 3.2907
9.7667 30.6667 109.4253 5.6201 39.6582 3.3059
9.7844 30.683 109.4217 5.622 39.6455 3.321
9.802 30.6998 109.418 5.6239 39.6322 3.3358
9.8196 30.7171 109.4145 5.6259 39.6185 3.3505
9.837 30.7349 109.4109 5.628 39.6042 3.365
9.8544 30.7531 109.4075 5.6302 39.5894 3.3792
9.8716 30.7719 109.404 5.6324 39.5741 3.3933
9.8888 30.791 109.4006 5.6347 39.5583 3.4072
9.9058 30.8107 109.3973 5.6371 39.5419 3.421
9.9227 30.8309 109.394 5.6396 39.525 3.4345
9.9395 30.8515 109.3908 5.6421 39.5076 3.4478
9.9562 30.8726 109.3876 5.6447 39.4897 3.4608
9.9727 30.8941 109.3844 5.6474 39.4713 3.4737
9.9892 30.9162 109.3813 5.6501 39.4523 3.4864
10.0055 30.9387 109.3783 5.6529 39.4328 3.4988
10.0216 30.9617 109.3753 5.6558 39.4128 3.5111
10.0377 30.9851 109.3724 5.6588 39.3923 3.5231
10.0536 31.0091 109.3695 5.6618 39.3713 3.5348
10.0693 31.0335 109.3667 5.6649 39.3497 3.5464
10.0849 31.0583 109.364 5.6681 39.3276 3.5577
10.1004 31.0837 109.3613 5.6714 39.305 3.5688
10.1157 31.1095 109.3586 5.6747 39.2818 3.5796
10.1309 31.1358 109.3561 5.6781 39.2581 3.5902
10.1459 31.1625 109.3535 5.6816 39.2339 3.6006
10.1607 31.1897 109.3511 5.6852 39.2092 3.6107
10.1754 31.2174 109.3487 5.6888 39.184 3.6205
10.1899 31.2456 109.3463 5.6925 39.1582 3.6301
10.2043 31.2742 109.3441 5.6962 39.1319 3.6394
10.2184 31.3033 109.3419 5.7001 39.1051 3.6485
10.2324 31.3328 109.3397 5.704 39.0777 3.6573
10.2462 31.3628 109.3376 5.708 39.0499 3.6659
10.2599 31.3933 109.3356 5.7121 39.0215 3.6742
10.2733 31.4242 109.3337 5.7162 38.9925 3.6822
10.2866 31.4556 109.3318 5.7204 38.9631 3.6899
10.2996 31.4875 109.33 5.7247 38.9331 3.6973
10.3125 31.5198 109.3283 5.729 38.9026 3.7045
10.3252 31.5526 109.3266 5.7335 38.8716 3.7114
10.3377 31.5859 109.325 5.738 38.84 3.718
10.3499 31.6196 109.3235 5.7426 38.8079 3.7243
10.362 31.6538 109.322 5.7472 38.7753 3.7303
10.3738 31.6884 109.3206 5.7519 38.7421 3.736
10.3855 31.7235 109.3193 5.7567 38.7084 3.7414
10.3969 31.7591 109.3181 5.7616 38.6742 3.7465
10.4081 31.7951 109.3169 5.7665 38.6395 3.7513
10.4191 31.8316 109.3158 5.7716 38.6042 3.7558
10.4298 31.8686 109.3148 5.7767 38.5684 3.7599
10.4404 31.9059 109.3139 5.7818 38.532 3.7638
10.4506 31.9438 109.3131 5.7871 38.4952 3.7673
10.4607 31.9821 109.3123 5.7924 38.4578 3.7705
10.4705 32.0209 109.3116 5.7978 38.4198 3.7734
10.4801 32.0601 109.311 5.8032 38.3814 3.776
10.4894 32.0998 109.3105 5.8087 38.3424 3.7782
10.4985 32.1399 109.31 5.8144 38.3028 3.7801
10.5073 32.1805 109.3096 5.82 38.2628 3.7816
10.5159 32.2216 109.3094 5.8258 38.2222 3.7828
10.5242 32.2631 109.3092 5.8316 38.1811 3.7837
10.5323 32.305 109.309 5.8375 38.1394 3.7842
10.5401 32.3474 109.309 5.8435 38.0972 3.7844
10.5476 32.3903 109.3091 5.8495 38.0545 3.7842
10.5548 32.4336 109.3092 5.8557 38.0112 3.7837
10.5618 32.4774 109.3095 5.8619 37.9674 3.7828
10.5685 32.5216 109.3098 5.8681 37.923 3.7815
10.5749 32.5662 109.3102 5.8745 37.8782 3.7799
10.5811 32.6113 109.3107 5.8809 37.8328 3.7779
10.5869 32.6569 109.3113 5.8874 37.7868 3.7755
10.5925 32.7029 109.312 5.8939 37.7403 3.7727
10.5978 32.7494 109.3128 5.9006 37.6933 3.7696
10.6028 32.7963 109.3137 5.9073 37.6458 3.7661
10.6074 32.8437 109.3146 5.9141 37.5977 3.7622
10.6118 32.8915 109.3157 5.9209 37.549 3.7579
10.6159 32.9397 109.3168 5.9279 37.4999 3.7532
10.6197 32.9884 109.3181 5.9349 37.4502 3.7482
10.6231 33.0376 109.3195 5.942 37.3999 3.7427
10.6263 33.0872 109.3209 5.9491 37.3491 3.7368
10.6291 33.1372 109.3225 5.9563 37.2978 3.7306
10.6316 33.1877 109.3241 5.9636 37.2459 3.7239
10.6338 33.2386 109.3258 5.971 37.1935 3.7168
10.6356 33.29 109.3277 5.9785 37.1406 3.7093
10.6371 33.3418 109.3297 5.986 37.0871 3.7014
10.6383 33.3941 109.3317 5.9936 37.0331 3.6931
10.6392 33.4468 109.3339 6.0013 36.9785 3.6843
10.6397 33.4999 109.3361 6.009 36.9234 3.6751
10.6399 33.5535 109.3385 6.0168 36.8678 3.6655
10.6399 33.6066 109.3409 6.0246 36.8126 3.6558
10.6399 33.6585 109.3431 6.0322 36.7588 3.6463
10.6399 33.709 109.3452 6.0396 36.7065 3.6371
10.6399 33.7582 109.3472 6.0469 36.6555 3.628
10.6399 33.8062 109.349 6.0539 36.6061 3.6193
10.6399 33.8527 109.3508 6.0608 36.558 3.6107
10.6399 33.898 109.3524 6.0675 36.5113 3.6024
10.6399 33.9419 109.354 6.074 36.4661 3.5943
10.6399 33.9846 109.3554 6.0803 36.4223 3.5864
10.6399 34.0258 109.3568 6.0864 36.3799 3.5788
10.6399 34.0658 109.3581 6.0924 36.3388 3.5714
10.6399 34.1044 109.3593 6.0981 36.2993 3.5643
10.6399 34.1417 109.3604 6.1037 36.2611 3.5574
10.6399 34.1776 109.3615 6.1091 36.2243 3.5507
10.6399 34.2123 109.3624 6.1142 36.1889 3.5443
10.6399 34.2455 109.3633 6.1192 36.1549 3.5382
10.6399 34.2774 109.3642 6.124 36.1224 3.5322
10.6399 34.308 109.365 6.1286 36.0912 3.5266
10.6399 34.3372 109.3657 6.133 36.0614 3.5211
10.6399 34.3651 109.3664 6.1372 36.033 3.5159
10.6399 34.3916 109.367 6.1412 36.006 3.511
10.6399 34.4168 109.3676 6.145 35.9804 3.5063
10.6399 34.4406 109.3681 6.1485 35.9562 3.5019
10.6399 34.4631 109.3686 6.1519 35.9334 3.4977
10.6399 34.4842 109.369 6.1551 35.9119 3.4937
10.6399 34.504 109.3694 6.1581 35.8919 3.4901
10.6399 34.5224 109.3698 6.1609 35.8732 3.4866
10.6399 34.5394 109.3701 6.1635 35.856 3.4834
10.6399 34.5551 109.3704 6.1659 35.8401 3.4805
10.6399 34.5694 109.3707 6.168 35.8256 3.4778
10.6399 34.5824 109.3709 6.17 35.8125 3.4754
10.6399 34.594 109.3711 6.1717 35.8007 3.4732
10.6399 34.6042 109.3713 6.1733 35.7904 3.4713
10.6399 34.6131 109.3715 6.1746 35.7814 3.4697
10.6399 34.6206 109.3716 6.1758 35.7738 3.4683
10.6399 34.6267 109.3717 6.1767 35.7676 3.4671
10.6399 34.6315 109.3718 6.1774 35.7628 3.4662
10.6399 34.6349 109.3719 6.178 35.7593 3.4656
10.6399 34.6369 109.3719 6.1783 35.7572 3.4652
10.6399 34.6376 109.3719 6.1784 35.7565 3.4651
10.6399 34.6369 109.3719 6.1783 35.7572 3.4652
10.6399 34.6349 109.3719 6.178 35.7593 3.4656
10.6399 34.6315 109.3718 6.1774 35.7628 3.4662
10.6399 34.6267 109.3717 6.1767 35.7676 3.4671
10.6399 34.6206 109.3716 6.1758 35.7738 3.4683
10.6399 34.6131 109.3715 6.1746 35.7814 3.4697
10.6399 34.6042 109.3713 6.1733 35.7904 3.4713
10.6399 34.594 109.3711 6.1717 35.8007 3.4732
10.6399 34.5824 109.3709 6.17 35.8125 3.4754
10.6399 34.5694 109.3707 6.168 35.8256 3.4778
10.6399 34.5551 109.3704 6.1659 35.8401 3.4805
10.6399 34.5394 109.3701 6.1635 35.856 3.4834
10.6399 34.5224 109.3698 6.1609 35.8732 3.4866
10.6399 34.504 109.3694 6.1581 35.8919 3.4901
10.6399 34.4842 109.369 6.1551 35.9119 3.4937
10.6399 34.4631 109.3686 6.1519 35.9334 3.4977
10.6399 34.4406 109.3681 6.1485 35.9562 3.5019
10.6399 34.4168 109.3676 6.145 35.9804 3.5063
10.6399 34.3916 109.367 6.1412 36.006 3.511
10.6399 34.3651 109.3664 6.1372 36.033 3.5159
10.6399 34.3372 109.3657 6.133 36.0614 3.5211
10.6399 34.308 109.365 6.1286 36.0912 3.5266
10.6399 34.2774 109.3642 6.124 36.1224 3.5322
10.6399 34.2455 109.3633 6.1192 36.1549 3.5382
10.6399 34.2123 109.3624 6.1142 36.1889 3.5443
10.6399 34.1776 109.3615 6.1091 36.2243 3.5507
10.6399 34.1417 109.3604 6.1037 36.2611 3.5574
10.6399 34.1044 109.3593 6.0981 36.2993 3.5643
10.6399 34.0658 109.3581 6.0924 36.3388 3.5714
10.6399 34.0258 109.3568 6.0864 36.3799 3.5788
10.6399 33.9846 109.3554 6.0803 36.4223 3.5864
10.6399 33.9419 109.354 6.074 36.4661 3.5943
10.6399 33.898 109.3524 6.0675 36.5113 3.6024
10.6399 33.8527 109.3508 6.0608 36.558 3.6107
10.6399 33.8062 109.349 6.0539 36.6061 3.6193
10.6399 33.7582 109.3472 6.0469 36.6555 3.628
10.6399 33.709 109.3452 6.0396 36.7065 3.6371
10.6399 33.6585 109.3431 6.0322 36.7588 3.6463
10.6399 33.6066 109.3409 6.0246 36.8126 3.6558
10.6399 33.5535 109.3385 6.0168 36.8678 3.6655
10.6398 33.4998 109.3361 6.0089 36.9236 3.6752
10.6394 33.4463 109.3337 6.0009 36.9792 3.6848
10.6388 33.3929 109.3314 5.9929 37.0345 3.6941
10.638 33.3398 109.3291 5.9847 37.0897 3.7033
10.6369 33.2868 109.3269 5.9764 37.1446 3.7123
10.6357 33.234 109.3247 5.9681 37.1994 3.7211
10.6341 33.1814 109.3226 5.9596 37.2539 3.7297
10.6324 33.129 109.3204 5.9511 37.3082 3.7381
10.6304 33.0768 109.3184 5.9425 37.3622 3.7464
10.6282 33.0248 109.3163 5.9338 37.4161 3.7544
10.6258 32.9729 109.3143 5.925 37.4697 3.7623
10.6231 32.9213 109.3124 5.9161 37.5231 3.77
10.6203 32.8698 109.3104 5.9071 37.5763 3.7775
10.6172 32.8185 109.3086 5.8981 37.6293 3.7848
10.6138 32.7674 109.3067 5.8889 37.6821 3.792
10.6103 32.7165 109.3049 5.8797 37.7346 3.799
10.6065 32.6658 109.3032 5.8704 37.7869 3.8058
10.6025 32.6152 109.3014 5.861 37.8391 3.8124
10.5983 32.5649 109.2998 5.8515 37.891 3.8188
10.5939 32.5147 109.2981 5.842 37.9426 3.8251
10.5892 32.4648 109.2965 5.8323 37.9941 3.8312
10.5844 32.415 109.2949 5.8226 38.0453 3.8371
10.5793 32.3654 109.2934 5.8128 38.0964 3.8429
10.574 32.316 109.2919 5.8029 38.1472 3.8484
10.5685 32.2668 109.2905 5.7929 38.1978 3.8538
10.5627 32.2177 109.289 5.7828 38.2481 3.8591
10.5568 32.1689 109.2877 5.7727 38.2983 3.8641
10.5506 32.1202 109.2863 5.7625 38.3482 3.869
10.5443 32.0718 109.285 5.7522 38.398 3.8737
10.5377 32.0235 109.2838 5.7418 38.4475 3.8782
10.5309 31.9754 109.2825 5.7314 38.4967 3.8826
10.524 31.9275 109.2813 5.7208 38.5458 3.8868
10.5168 31.8798 109.2802 5.7102 38.5947 3.8909
10.5094 31.8323 109.2791 5.6995 38.6433 3.8947
10.5018 31.785 109.278 5.6888 38.6917 3.8984
10.4939 31.7378 109.2769 5.6779 38.7399 3.902
10.4859 31.6909 109.2759 5.667 38.7879 3.9053
10.4777 31.6441 109.275 5.656 38.8357 3.9086
10.4693 31.5975 109.274 5.6449 38.8832 3.9116
10.4607 31.5512 109.2731 5.6338 38.9305 3.9145
10.4519 31.505 109.2723 5.6225 38.9777 3.9172
10.4429 31.459 109.2714 5.6112 39.0245 3.9198
10.4336 31.4131 109.2706 5.5999 39.0712 3.9222
10.4242 31.3675 109.2699 5.5884 39.1177 3.9244
10.4146 31.3221 109.2692 5.5769 39.1639 3.9265
10.4048 31.2768 109.2685 5.5653 39.21 3.9284
10.3948 31.2318 109.2678 5.5536 39.2558 3.9302
10.3846 31.1869 109.2672 5.5419 39.3014 3.9318
10.3743 31.1423 109.2666 5.5301 39.3467 3.9332
10.3637 31.0978 109.2661 5.5182 39.3919 3.9345
10.3529 31.0535 109.2656 5.5062 39.4368 3.9357
10.342 31.0094 109.2651 5.4942 39.4815 3.9366
10.3308 30.9655 109.2647 5.4821 39.526 3.9375
10.3195 30.9218 109.2643 5.4699 39.5703 3.9381
10.308 30.8782 109.2639 5.4577 39.6144 3.9387
10.2963 30.8349 109.2636 5.4454 39.6583 3.939
10.2844 30.7917 109.2633 5.433 39.7019 3.9393
10.2723 30.7488 109.263 5.4206 39.7453 3.9393
10.26 30.706 109.2627 5.408 39.7885 3.9392
10.2476 30.6635 109.2625 5.3955 39.8315 3.939
10.235 30.6211 109.2624 5.3828 39.8742 3.9386
10.2222 30.5789 109.2622 5.3701 39.9168 3.9381
10.2092 30.5369 109.2621 5.3573 39.9591 3.9374
10.196 30.4951 109.2621 5.3445 40.0012 3.9366
10.1827 30.4535 109.262 5.3316 40.0431 3.9356
10.1692 30.412 109.262 5.3186 40.0848 3.9345
10.1555 30.3708 109.2621 5.3055 40.1263 3.9333
10.1416 30.3298 109.2621 5.2924 40.1675 3.9319
10.1276 30.2889 109.2622 5.2792 40.2085 3.9303
10.1134 30.2483 109.2624 5.266 40.2493 3.9286
10.099 30.2078 109.2625 5.2527 40.2899 3.9268
10.0844 30.1675 109.2627 5.2394 40.3303 3.9248
10.0697 30.1275 109.263 5.2259 40.3705 3.9227
10.0548 30.0876 109.2632 5.2124 40.4104 3.9204
10.0397 30.0479 109.2635 5.1989 40.4501 3.918
10.0245 30.0084 109.2638 5.1853 40.4896 3.9155
10.0091 29.9691 109.2642 5.1716 40.5289 3.9128
9.9935 29.93 109.2646 5.1579 40.568 3.91
9.9778 29.8911 109.265 5.1441 40.6068 3.9071
9.9619 29.8523 109.2654 5.1302 40.6455 3.904
9.9458 29.8138 109.2659 5.1163 40.6839 3.9008
9.9296 29.7755 109.2664 5.1024 40.7221 3.8974
9.9132 29.7373 109.267 5.0883 40.7601 3.8939
9.8966 29.6994 109.2675 5.0742 40.7978 3.8903
9.8799 29.6616 109.2681 5.0601 40.8354 3.8866
9.8631 29.624 109.2688 5.0459 40.8727 3.8827
9.846 29.5867 109.2694 5.0316 40.9098 3.8787
9.8289 29.5495 109.2701 5.0173 40.9467 3.8745
9.8115 29.5125 109.2709 5.0029 40.9834 3.8702
9.794 29.4757 109.2716 4.9885 41.0198 3.8658
9.7764 29.4391 109.2724 4.974 41.0561 3.8613
9.7586 29.4027 109.2732 4.9595 41.0921 3.8566
9.7406 29.3665 109.2741 4.9449 41.1279 3.8518
9.7225 29.3305 109.2749 4.9303 41.1635 3.8469
9.7043 29.2947 109.2758 4.9156 41.1989 3.8419
9.6859 29.259 109.2768 4.9008 41.234 3.8367
9.6673 29.2236 109.2777 4.886 41.269 3.8314
9.6486 29.1884 109.2787 4.8711 41.3037 3.826
9.6298 29.1533 109.2797 4.8562 41.3382 3.8205
9.6108 29.1185 109.2808 4.8413 41.3725 3.8148
9.5916 29.0838 109.2819 4.8262 41.4065 3.809
9.5723 29.0494 109.283 4.8112 41.4404 3.8031
9.5529 29.0151 109.2841 4.7961 41.474 3.7971
9.5333 28.981 109.2853 4.7809 41.5074 3.7909
9.5136 28.9472 109.2865 4.7657 41.5406 3.7846
9.4938 28.9135 109.2877 4.7504 41.5736 3.7783
9.4738 28.88 109.2889 4.7351 41.6064 3.7718
9.4536 28.8467 109.2902 4.7197 41.6389 3.7651
9.4334 28.8136 109.2915 4.7043 41.6712 3.7584
9.413 28.7807 109.2929 4.6889 41.7034 3.7515
9.3924 28.748 109.2942 4.6734 41.7352 3.7446
9.3717 28.7155 109.2956 4.6578 41.7669 3.7375
9.3509 28.6832 109.297 4.6422 41.7984 3.7303
9.33 28.6511 109.2985 4.6266 41.8296 3.723
9.3089 28.6192 109.2999 4.6109 41.8606 3.7155
9.2877 28.5875 109.3014 4.5951 41.8914 3.708
9.2663 28.556 109.3029 4.5794 41.922 3.7003
9.2449 28.5246 109.3045 4.5635 41.9524 3.6926
9.2233 28.4935 109.3061 4.5477 41.9826 3.6847
9.2015 28.4626 109.3077 4.5317 42.0125 3.6767
9.1797 28.4319 109.3093 4.5158 42.0422 3.6686
9.1577 28.4013 109.311 4.4998 42.0717 3.6604
9.1356 28.371 109.3126 4.4837 42.101 3.6521
9.1134 28.3408 109.3143 4.4676 42.1301 3.6437
9.091 28.3109 109.3161 4.4515 42.1589 3.6352
9.0685 28.2811 109.3178 4.4354 42.1875 3.6266
9.0459 28.2516 109.3196 4.4191 42.2159 3.6178
9.0232 28.2222 109.3214 4.4029 42.2441 3.609
9.0004 28.1931 109.3233 4.3866 42.2721 3.6001
8.9774 28.1641 109.3251 4.3703 42.2999 3.591
8.9543 28.1353 109.327 4.3539 42.3274 3.5819
8.9311 28.1068 109.3289 4.3375 42.3548 3.5727
8.9078 28.0784 109.3309 4.321 42.3819 3.5633
8.8844 28.0502 109.3328 4.3046 42.4088 3.5539
8.8608 28.0223 109.3348 4.288 42.4354 3.5443
8.8372 27.9945 109.3368 4.2715 42.4619 3.5347
8.8134 27.9669 109.3388 4.2549 42.4881 3.5249
8.7895 27.9395 109.3409 4.2382 42.5141 3.5151
8.7656 27.9123 109.343 4.2216 42.5399 3.5052
8.7415 27.8854 109.3451 4.2049 42.5655 3.4951
8.7172 27.8586 109.3472 4.1881 42.5909 3.485
8.6929 27.832 109.3494 4.1713 42.616 3.4748
8.6685 27.8056 109.3516 4.1545 42.641 3.4645
8.644 27.7794 109.3538 4.1377 42.6657 3.4541
8.6193 27.7534 109.356 4.1208 42.6902 3.4436
8.5946 27.7276 109.3582 4.1039 42.7145 3.433
8.5698 27.702 109.3605 4.0869 42.7385 3.4223
8.5448 27.6766 109.3628 4.0699 42.7624 3.4115
8.5198 27.6515 109.3651 4.0529 42.786 3.4006
8.4946 27.6265 109.3675 4.0359 42.8094 3.3897
8.4694 27.6017 109.3698 4.0188 42.8326 3.3786
8.444 27.5771 109.3722 4.0017 42.8556 3.3675
8.4186 27.5527 109.3746 3.9846 42.8783 3.3563
8.393 27.5285 109.377 3.9674 42.9009 3.345
8.3674 27.5045 109.3795 3.9502 42.9232 3.3336
8.3417 27.4807 109.382 3.933 42.9453 3.3221
8.3158 27.4571 109.3845 3.9157 42.9672 3.3105
8.2899 27.4337 109.387 3.8984 42.9889 3.2989
8.2639 27.4105 109.3895 3.8811 43.0103 3.2872
8.2378 27.3875 109.3921 3.8638 43.0316 3.2754
8.2116 27.3647 109.3947 3.8464 43.0526 3.2635
8.1853 27.3421 109.3973 3.829 43.0734 3.2515
8.1589 27.3197 109.3999 3.8116 43.094 3.2394
8.1325 27.2975 109.4025 3.7941 43.1143 3.2273
8.1059 27.2755 109.4052 3.7767 43.1345 3.2151
8.0793 27.2537 109.4079 3.7592 43.1544 3.2028
8.0526 27.2321 109.4106 3.7416 43.1741 3.1904
8.0257 27.2107 109.4133 3.7241 43.1936 3.1779
7.9989 27.1895 109.4161 3.7065 43.2129 3.1654
7.9719 27.1685 109.4189 3.6889 43.232 3.1528
7.9448 27.1477 109.4217 3.6713 43.2508 3.1401
7.9177 27.1271 109.4245 3.6537 43.2694 3.1274
7.8905 27.1067 109.4273 3.636 43.2878 3.1145
7.8632 27.0866 109.4302 3.6183 43.306 3.1016
7.8358 27.0666 109.433 3.6006 43.324 3.0887
7.8084 27.0468 109.4359 3.5829 43.3418 3.0756
7.7808 27.0272 109.4388 3.5651 43.3593 3.0625
7.7532 27.0078 109.4418 3.5473 43.3766 3.0493
7.7256 26.9886 109.4447 3.5295 43.3937 3.036
7.6978 26.9697 109.4477 3.5117 43.4106 3.0227
7.67 26.9509 109.4507 3.4939 43.4273 3.0093
7.6421 26.9323 109.4537 3.476 43.4437 2.9958
7.6141 26.9139 109.4567 3.4582 43.46 2.9823
7.5861 26.8958 109.4598 3.4403 43.476 2.9687
7.558 26.8778 109.4628 3.4224 43.4918 2.955
7.5298 26.86 109.4659 3.4044 43.5074 2.9413
7.5016 26.8425 109.469 3.3865 43.5227 2.9275
7.4733 26.8251 109.4721 3.3685 43.5379 2.9137
7.4449 26.8079 109.4753 3.3505 43.5528 2.8997
7.4165 26.791 109.4784 3.3326 43.5675 2.8857
7.388 26.7742 109.4816 3.3145 43.582 2.8717
7.3594 26.7577 109.4848 3.2965 43.5963 2.8576
7.3308 26.7413 109.488 3.2785 43.6103 2.8434
7.3021 26.7252 109.4912 3.2604 43.6242 2.8292
7.2734 26.7092 109.4945 3.2424 43.6378 2.8149
7.2445 26.6935 109.4977 3.2243 43.6512 2.8005
7.2157 26.678 109.501 3.2062 43.6644 2.7861
7.1868 26.6626 109.5043 3.1881 43.6774 2.7717
7.1578 26.6475 109.5076 3.17 43.6901 2.7571
7.1288 26.6326 109.5109 3.1518 43.7026 2.7426
7.0997 26.6178 109.5143 3.1337 43.715 2.7279
7.0705 26.6033 109.5176 3.1155 43.7271 2.7132
7.0414 26.589 109.521 3.0974 43.7389 2.6985
7.0121 26.5749 109.5244 3.0792 43.7506 2.6837
6.9828 26.561 109.5278 3.061 43.7621 2.6688
6.9535 26.5473 109.5312 3.0428 43.7733 2.6539
6.9241 26.5338 109.5347 3.0246 43.7843 2.639
6.8946 26.5205 109.5381 3.0064 43.7951 2.624
6.8652 26.5074 109.5416 2.9882 43.8057 2.6089
6.8356 26.4945 109.5451 2.97 43.816 2.5938
6.806 26.4818 109.5486 2.9517 43.8262 2.5787
6.7764 26.4694 109.5521 2.9335 43.8361 2.5635
6.7467 26.4571 109.5557 2.9152 43.8458 2.5482
6.717 26.445 109.5592 2.897 43.8553 2.5329
6.6873 26.4332 109.5628 2.8787 43.8646 2.5176
6.6575 26.4215 109.5664 2.8605 43.8736 2.5022
6.6277 26.41 109.57 2.8422 43.8825 2.4868
6.5978 26.3988 109.5736 2.8239 43.8911 2.4713
6.5679 26.3878 109.5772 2.8056 43.8995 2.4558
6.5379 26.3769 109.5808 2.7873 43.9077 2.4402
6.5079 26.3663 109.5845 2.7691 43.9156 2.4246
6.4779 26.3559 109.5882 2.7508 43.9234 2.409
6.4479 26.3456 109.5918 2.7325 43.9309 2.3933
6.4178 26.3356 109.5955 2.7142 43.9382 2.3776
6.3877 26.3258 109.5992 2.6959 43.9453 2.3618
6.3575 26.3162 109.603 2.6776 43.9522 2.346
6.3273 26.3068 109.6067 2.6593 43.9589 2.3301
6.2971 26.2976 109.6104 2.641 43.9653 2.3143
6.2669 26.2886 109.6142 2.6227 43.9715 2.2983
6.2366 26.2799 109.618 2.6044 43.9775 2.2824
6.2063 26.2713 109.6218 2.5861 43.9833 2.2664
6.176 26.2629 109.6256 2.5678 43.9889 2.2504
6.1456 26.2548 109.6294 2.5495 43.9943 2.2343
6.1153 26.2468 109.6332 2.5312 43.9994 2.2182
6.0849 26.239 109.6371 2.5129 44.0043 2.2021
6.0545 26.2315 109.6409 2.4946 44.009 2.186
6.024 26.2242 109.6448 2.4763 44.0135 2.1698
5.9935 26.217 109.6486 2.458 44.0178 2.1536
5.9631 26.2101 109.6525 2.4397 44.0218 2.1373
5.9326 26.2034 109.6564 2.4214 44.0257 2.121
5.902 26.1969 109.6604 2.4031 44.0293 2.1047
5.8715 26.1906 109.6643 2.3849 44.0327 2.0884
5.841 26.1845 109.6682 2.3666 44.0358 2.072
5.8104 26.1786 109.6722 2.3483 44.0388 2.0556
5.7798 26.1729 109.6761 2.3301 44.0416 2.0392
5.7492 26.1675 109.6801 2.3118 44.0441 2.0228
5.7186 26.1622 109.6841 2.2936 44.0464 2.0063
5.688 26.1572 109.6881 2.2754 44.0485 1.9898
5.6573 26.1523 109.6921 2.2571 44.0504 1.9733
5.6267 26.1477 109.6961 2.2389 44.052 1.9568
5.5961 26.1432 109.7001 2.2207 44.0535 1.9402
5.5654 26.139 109.7041 2.2025 44.0547 1.9236
5.5347 26.135 109.7082 2.1843 44.0557 1.907
5.5041 26.1312 109.7122 2.1661 44.0565 1.8904
5.4734 26.1276 109.7163 2.1479 44.057 1.8738
5.4427 26.1242 109.7204 2.1298 44.0574 1.8571
5.412 26.121 109.7245 2.1116 44.0575 1.8405
5.3813 26.118 109.7286 2.0935 44.0574 1.8238
5.3506 26.1153 109.7327 2.0754 44.0571 1.8071
5.3199 26.1127 109.7368 2.0572 44.0566 1.7903
5.2892 26.1104 109.7409 2.0391 44.0559 1.7736
5.2586 26.1082 109.745 2.021 44.0549 1.7568
5.2279 26.1063 109.7492 2.003 44.0538 1.7401
5.1972 26.1046 109.7533 1.9849 44.0524 1.7233
5.1665 26.1031 109.7575 1.9668 44.0508 1.7065
5.1358 26.1018 109.7616 1.9488 44.0489 1.6897
5.1051 26.1007 109.7658 1.9308 44.0469 1.6728
5.0745 26.0998 109.77 1.9128 44.0446 1.656
5.0438 26.0991 109.7742 1.8948 44.0422 1.6392
5.0132 26.0987 109.7784 1.8768 44.0395 1.6223
4.9825 26.0984 109.7826 1.8588 44.0366 1.6055
4.9519 26.0984 109.7868 1.8409 44.0334 1.5886
4.9213 26.0985 109.7911 1.823 44.0301 1.5717
4.8907 26.0989 109.7953 1.8051 44.0265 1.5548
4.8601 26.0995 109.7995 1.7872 44.0227 1.538
4.8295 26.1003 109.8038 1.7693 44.0187 1.5211
4.7989 26.1013 109.808 1.7514 44.0145 1.5042
4.7684 26.1025 109.8123 1.7336 44.0101 1.4873
4.7378 26.1039 109.8166 1.7158 44.0054 1.4704
4.7073 26.1056 109.8209 1.698 44.0005 1.4534
4.6768 26.1074 109.8251 1.6802 43.9955 1.4365
4.6463 26.1095 109.8294 1.6625 43.9902 1.4196
4.6159 26.1117 109.8337 1.6447 43.9846 1.4027
4.5854 26.1142 109.838 1.627 43.9789 1.3858
4.555 26.1169 109.8424 1.6093 43.9729 1.3689
4.5246 26.1198 109.8467 1.5917 43.9668 1.352
4.4942 26.1229 109.851 1.574 43.9604 1.3351
4.4639 26.1262 109.8553 1.5564 43.9537 1.3182
4.4336 26.1298 109.8597 1.5388 43.9469 1.3013
4.4033 26.1335 109.864 1.5212 43.9399 1.2844
4.373 26.1375 109.8684 1.5037 43.9326 1.2675
4.3428 26.1416 109.8727 1.4861 43.9251 1.2506
4.3125 26.146 109.8771 1.4686 43.9174 1.2337
4.2824 26.1506 109.8814 1.4512 43.9095 1.2168
4.2522 26.1554 109.8858 1.4337 43.9014 1.1999
4.2221 26.1604 109.8902 1.4163 43.893 1.1831
4.192 26.1657 109.8946 1.3989 43.8845 1.1662
4.1619 26.1711 109.899 1.3815 43.8757 1.1494
4.1319 26.1767 109.9033 1.3642 43.8667 1.1325
4.1019 26.1826 109.9077 1.3469 43.8574 1.1157
4.072 26.1887 109.9121 1.3296 43.848 1.0989
4.0421 26.195 109.9165 1.3123 43.8383 1.0821
4.0122 26.2015 109.921 1.2951 43.8285 1.0653
3.9824 26.2082 109.9254 1.2779 43.8184 1.0486
3.9526 26.2151 109.9298 1.2607 43.8081 1.0318
3.9228 26.2223 109.9342 1.2436 43.7975 1.015
3.8931 26.2296 109.9386 1.2265 43.7868 0.9983
3.8635 26.2372 109.9431 1.2094 43.7758 0.9816
3.8338 26.2449 109.9475 1.1924 43.7646 0.9649
3.8043 26.2529 109.9519 1.1754 43.7532 0.9482
3.7747 26.2611 109.9564 1.1584 43.7416 0.9316
3.7452 26.2696 109.9608 1.1414 43.7298 0.9149
3.7158 26.2782 109.9653 1.1245 43.7177 0.8983
3.6864 26.287 109.9697 1.1076 43.7055 0.8817
3.6571 26.2961 109.9742 1.0908 43.693 0.8651
3.6278 26.3054 109.9786 1.074 43.6803 0.8485
3.5985 26.3148 109.9831 1.0572 43.6673 0.832
3.5693 26.3245 109.9875 1.0405 43.6542 0.8155
3.5402 26.3345 109.992 1.0237 43.6408 0.799
3.5111 26.3446 109.9964 1.0071 43.6273 0.7825
3.4821 26.3549 110.0009 0.9904 43.6135 0.766
3.4531 26.3655 110.0054 0.9738 43.5995 0.7496
3.4242 26.3762 110.0099 0.9573 43.5852 0.7332
3.3953 26.3872 110.0143 0.9407 43.5708 0.7169
3.3665 26.3984 110.0188 0.9243 43.5561 0.7005
3.3378 26.4098 110.0233 0.9078 43.5412 0.6842
3.3091 26.4215 110.0277 0.8914 43.5261 0.6679
3.2805 26.4333 110.0322 0.875 43.5108 0.6517
3.2519 26.4454 110.0367 0.8587 43.4953 0.6354
3.2234 26.4576 110.0412 0.8424 43.4795 0.6192
3.195 26.4701 110.0457 0.8262 43.4636 0.6031
3.1666 26.4828 110.0501 0.8099 43.4474 0.5869
3.1383 26.4957 110.0546 0.7938 43.431 0.5708
3.1101 26.5088 110.0591 0.7776 43.4144 0.5548
3.0819 26.5222 110.0636 0.7616 43.3975 0.5387
3.0538 26.5358 110.0681 0.7455 43.3805 0.5227
3.0257 26.5495 110.0726 0.7295 43.3632 0.5068
2.9978 26.5635 110.077 0.7136 43.3457 0.4908
2.9699 26.5777 110.0815 0.6976 43.328 0.4749
2.9421 26.5922 110.086 0.6818 43.3101 0.4591
2.9143 26.6068 110.0905 0.6659 43.2919 0.4433
2.8866 26.6216 110.095 0.6502 43.2735 0.4275
2.859 26.6367 110.0994 0.6344 43.255 0.4118
2.8315 26.652 110.1039 0.6187 43.2362 0.3961
2.8041 26.6675 110.1084 0.6031 43.2171 0.3804
2.7767 26.6832 110.1129 0.5875 43.1979 0.3648
2.7494 26.6992 110.1174 0.5719 43.1785 0.3492
2.7222 26.7153 110.1218 0.5564 43.1588 0.3337
2.695 26.7317 110.1263 0.541 43.1389 0.3182
2.668 26.7483 110.1308 0.5255 43.1188 0.3027
2.641 26.7651 110.1353 0.5102 43.0985 0.2873
2.6141 26.7821 110.1397 0.4949 43.0779 0.272
2.5873 26.7993 110.1442 0.4796 43.0572 0.2567
2.5606 26.8168 110.1487 0.4644 43.0362 0.2414
2.534 26.8344 110.1531 0.4492 43.015 0.2262
2.5074 26.8523 110.1576 0.4341 42.9936 0.211
2.4809 26.8704 110.1621 0.419 42.972 0.1959
2.4546 26.8887 110.1665 0.404 42.9501 0.1808
2.4283 26.9073 110.171 0.3891 42.9281 0.1658
2.4021 26.926 110.1754 0.3741 42.9058 0.1509
2.376 26.945 110.1799 0.3593 42.8833 0.1359
2.35 26.9642 110.1843 0.3445 42.8606 0.1211
2.324 26.9836 110.1888 0.3297 42.8376 0.1063
2.2982 27.0032 110.1932 0.315 42.8145 0.0915
2.2725 27.0231 110.1977 0.3004 42.7911 0.0768
2.2468 27.0431 110.2021 0.2858 42.7675 0.0621
2.2213 27.0634 110.2065 0.2712 42.7437 0.0475
2.1959 27.0839 110.211 0.2568 42.7197 0.033
2.1705 27.1046 110.2154 0.2423 42.6954 0.0185
2.1453 27.1255 110.2198 0.228 42.671 0.0041
2.1201 27.1467 110.2242 0.2136 42.6463 -0.0103
2.0951 27.1681 110.2286 0.1994 42.6214 -0.0246
2.0701 27.1897 110.233 0.1852 42.5963 -0.0388
2.0453 27.2115 110.2375 0.171 42.571 -0.053
2.0205 27.2335 110.2419 0.1569 42.5454 -0.0672
1.9959 27.2557 110.2463 0.1429 42.5197 -0.0812
1.9714 27.2782 110.2506 0.1289 42.4937 -0.0952
1.9469 27.3009 110.255 0.115 42.4675 -0.1092
1.9226 27.3238 110.2594 0.1012 42.4411 -0.1231
1.8984 27.3469 110.2638 0.0874 42.4144 -0.1369
1.8743 27.3702 110.2682 0.0737 42.3876 -0.1506
1.8503 27.3938 110.2725 0.06 42.3605 -0.1643
1.8265 27.4176 110.2769 0.0464 42.3332 -0.1779
1.8027 27.4416 110.2812 0.0328 42.3057 -0.1915
1.779 27.4658 110.2856 0.0193 42.278 -0.205
1.7555 27.4902 110.2899 0.0059 42.25 -0.2184
1.7321 27.5149 110.2943 -0.0075 42.2219 -0.2318
1.7088 27.5398 110.2986 -0.0208 42.1935 -0.245
1.6856 27.5649 110.3029 -0.034 42.1649 -0.2583
1.6625 27.5902 110.3073 -0.0472 42.1361 -0.2714
1.6395 27.6157 110.3116 -0.0603 42.1071 -0.2845
1.6167 27.6415 110.3159 -0.0733 42.0778 -0.2975
1.594 27.6674 110.3202 -0.0863 42.0483 -0.3104
1.5714 27.6936 110.3245 -0.0992 42.0187 -0.3232
1.5489 27.7201 110.3288 -0.1121 41.9888 -0.336
1.5265 27.7467 110.333 -0.1249 41.9586 -0.3487
1.5043 27.7736 110.3373 -0.1376 41.9283 -0.3614
1.4822 27.8006 110.3416 -0.1502 41.8978 -0.3739
1.4602 27.8279 110.3458 -0.1628 41.867 -0.3864
1.4383 27.8555 110.3501 -0.1753 41.836 -0.3988
1.4166 27.8832 110.3543 -0.1878 41.8048 -0.4111
1.395 27.9112 110.3586 -0.2001 41.7734 -0.4234
1.3735 27.9393 110.3628 -0.2124 41.7417 -0.4355
1.3522 27.9678 110.367 -0.2247 41.7099 -0.4476
1.331 27.9964 110.3712 -0.2369 41.6778 -0.4596
1.3099 28.0252 110.3754 -0.249 41.6455 -0.4715
1.289 28.0543 110.3796 -0.261 41.613 -0.4834
1.2681 28.0836 110.3838 -0.2729 41.5802 -0.4951
1.2475 28.1131 110.388 -0.2848 41.5473 -0.5068
1.2269 28.1428 110.3922 -0.2966 41.5141 -0.5184
1.2065 28.1728 110.3963 -0.3084 41.4807 -0.5299
1.1862 28.203 110.4005 -0.3201 41.4471 -0.5413
1.1661 28.2334 110.4046 -0.3317 41.4133 -0.5526
1.1461 28.264 110.4087 -0.3432 41.3793 -0.5639
1.1263 28.2948 110.4129 -0.3546 41.345 -0.5751
1.1065 28.3259 110.417 -0.366 41.3105 -0.5861
1.087 28.3572 110.4211 -0.3773 41.2759 -0.5971
1.0675 28.3887 110.4252 -0.3885 41.2409 -0.608
1.0483 28.4204 110.4293 -0.3997 41.2058 -0.6188
1.0291 28.4524 110.4333 -0.4108 41.1705 -0.6295
1.0101 28.4846 110.4374 -0.4218 41.1349 -0.6402
0.9913 28.517 110.4415 -0.4327 41.0991 -0.6507
0.9726 28.5496 110.4455 -0.4435 41.0631 -0.6611
0.954 28.5825 110.4496 -0.4543 41.0269 -0.6715
0.9356 28.6155 110.4536 -0.465 40.9905 -0.6817
0.9174 28.6488 110.4576 -0.4756 40.9538 -0.6919
0.8992 28.6823 110.4616 -0.4862 40.917 -0.7019
0.8813 28.7161 110.4656 -0.4966 40.8799 -0.7119
0.8635 28.75 110.4696 -0.507 40.8426 -0.7218
0.8458 28.7842 110.4735 -0.5173 40.8051 -0.7315
0.8284 28.8186 110.4775 -0.5275 40.7673 -0.7412
0.811 28.8533 110.4815 -0.5376 40.7294 -0.7508
0.7938 28.8881 110.4854 -0.5477 40.6912 -0.7603
0.7768 28.9232 110.4893 -0.5577 40.6528 -0.7696
0.7599 28.9585 110.4932 -0.5676 40.6142 -0.7789
0.7432 28.9941 110.4971 -0.5774 40.5754 -0.7881
0.7267 29.0298 110.501 -0.5871 40.5363 -0.7972
0.7103 29.0658 110.5049 -0.5968 40.4971 -0.8061
0.6941 29.102 110.5088 -0.6063 40.4576 -0.815
0.678 29.1384 110.5126 -0.6158 40.4179 -0.8238
0.6621 29.1751 110.5165 -0.6252 40.378 -0.8324
0.6464 29.212 110.5203 -0.6345 40.3378 -0.841
0.6308 29.2491 110.5241 -0.6437 40.2975 -0.8494
0.6154 29.2864 110.5279 -0.6529 40.2569 -0.8578
0.6002 29.3239 110.5317 -0.6619 40.2161 -0.866
0.5851 29.3617 110.5355 -0.6709 40.1751 -0.8741
0.5702 29.3997 110.5392 -0.6798 40.1339 -0.8821
0.5555 29.4379 110.543 -0.6886 40.0924 -0.89
0.5409 29.4764 110.5467 -0.6973 40.0508 -0.8978
0.5265 29.5151 110.5505 -0.7059 40.0089 -0.9055
0.5123 29.554 110.5542 -0.7144 39.9668 -0.9131
0.4983 29.5931 110.5579 -0.7229 39.9245 -0.9206
0.4844 29.6324 110.5615 -0.7312 39.882 -0.9279
0.4707 29.672 110.5652 -0.7395 39.8392 -0.9351
0.4572 29.7118 110.5689 -0.7477 39.7963 -0.9423
0.4438 29.7519 110.5725 -0.7558 39.7531 -0.9493
0.4307 29.7921 110.5761 -0.7638 39.7097 -0.9562
0.4177 29.8326 110.5797 -0.7717 39.6661 -0.963
0.4049 29.8733 110.5833 -0.7795 39.6222 -0.9696
0.3923 29.9142 110.5869 -0.7872 39.5782 -0.9762
0.3798 29.9554 110.5905 -0.7948 39.5339 -0.9826
0.3676 29.9968 110.594 -0.8024 39.4894 -0.9889
0.3555 30.0384 110.5976 -0.8098 39.4447 -0.9951
0.3436 30.0802 110.6011 -0.8172 39.3998 -1.0011
0.3319 30.1223 110.6046 -0.8244 39.3546 -1.0071
0.3204 30.1646 110.6081 -0.8316 39.3093 -1.0129
0.3091 30.2071 110.6116 -0.8387 39.2637 -1.0186
0.2979 30.2498 110.615 -0.8456 39.2179 -1.0242
0.287 30.2928 110.6185 -0.8525 39.1719 -1.0297
0.2762 30.336 110.6219 -0.8593 39.1257 -1.035
0.2656 30.3794 110.6253 -0.866 39.0792 -1.0402
0.2552 30.4231 110.6287 -0.8726 39.0325 -1.0453
0.2451 30.467 110.6321 -0.8791 38.9857 -1.0502
0.2351 30.5111 110.6355 -0.8855 38.9386 -1.0551
0.2253 30.5554 110.6388 -0.8918 38.8912 -1.0598
0.2156 30.6 110.6421 -0.898 38.8437 -1.0644
0.2062 30.6448 110.6455 -0.9041 38.7959 -1.0688
0.197 30.6898 110.6488 -0.9101 38.748 -1.0731
0.188 30.735 110.652 -0.916 38.6998 -1.0773
0.1792 30.7805 110.6553 -0.9218 38.6514 -1.0814
0.1706 30.8262 110.6585 -0.9275 38.6027 -1.0853
0.1622 30.8721 110.6618 -0.9331 38.5539 -1.0891
0.1539 30.9183 110.665 -0.9386 38.5048 -1.0928
0.1459 30.9647 110.6682 -0.944 38.4555 -1.0963
0.1381 31.0113 110.6714 -0.9493 38.4061 -1.0997
0.1305 31.0581 110.6745 -0.9545 38.3563 -1.1029
0.1231 31.1052 110.6777 -0.9596 38.3064 -1.1061
0.1159 31.1525 110.6808 -0.9646 38.2562 -1.1091
0.1089 31.2 110.6839 -0.9695 38.2059 -1.1119
0.1022 31.2478 110.687 -0.9743 38.1553 -1.1146
0.0956 31.2958 110.69 -0.979 38.1045 -1.1172
0.0892 31.344 110.6931 -0.9836 38.0535 -1.1196
0.0831 31.3924 110.6961 -0.9881 38.0022 -1.1219
0.0771 31.4411 110.6991 -0.9924 37.9508 -1.1241
0.0714 31.49 110.7021 -0.9967 37.8991 -1.1261
0.0659 31.5391 110.7051 -1.0009 37.8472 -1.128
0.0606 31.5885 110.708 -1.0049 37.7951 -1.1297
0.0555 31.6381 110.711 -1.0089 37.7428 -1.1313
0.0507 31.6879 110.7139 -1.0127 37.6902 -1.1328
0.046 31.7379 110.7168 -1.0164 37.6374 -1.1341
0.0416 31.7882 110.7196 -1.0201 37.5845 -1.1352
0.0374 31.8387 110.7225 -1.0236 37.5313 -1.1363
0.0334 31.8895 110.7253 -1.027 37.4778 -1.1371
0.0296 31.9404 110.7282 -1.0303 37.4242 -1.1379
0.026 31.9916 110.7309 -1.0335 37.3704 -1.1384
0.0227 32.0431 110.7337 -1.0365 37.3163 -1.1389
0.0196 32.0947 110.7365 -1.0395 37.262 -1.1391
0.0167 32.1466 110.7392 -1.0424 37.2075 -1.1393
0.0141 32.1987 110.7419 -1.0451 37.1528 -1.1392
0.0117 32.2511 110.7446 -1.0478 37.0978 -1.1391
0.0095 32.3036 110.7473 -1.0503 37.0427 -1.1388
0.0075 32.3565 110.7499 -1.0527 36.9873 -1.1383
0.0057 32.4095 110.7526 -1.055 36.9317 -1.1377
0.0042 32.4628 110.7552 -1.0572 36.8759 -1.1369
0.0029 32.5163 110.7578 -1.0592 36.8198 -1.1359
0.0019 32.57 110.7603 -1.0612 36.7636 -1.1349
0.0011 32.624 110.7629 -1.063 36.7071 -1.1336
0.0005 32.6782 110.7654 -1.0648 36.6504 -1.1322
0.0001 32.7326 110.7679 -1.0664 36.5935 -1.1307
-0 32.7872 110.7704 -1.0679 36.5364 -1.1289
-0 32.8413 110.7728 -1.0693 36.4799 -1.1272
-0 32.8941 110.775 -1.0707 36.4249 -1.1254
-0 32.9456 110.7772 -1.0721 36.3713 -1.1238
-0 32.9957 110.7792 -1.0734 36.3192 -1.1221
-0 33.0444 110.7811 -1.0747 36.2685 -1.1205
-0 33.0919 110.7829 -1.0759 36.2193 -1.1189
-0 33.1379 110.7846 -1.0772 36.1716 -1.1174
-0 33.1827 110.7862 -1.0784 36.1252 -1.1159
-0 33.226 110.7877 -1.0795 36.0804 -1.1145
-0 33.2681 110.7891 -1.0806 36.037 -1.1131
-0 33.3087 110.7904 -1.0817 35.995 -1.1118
-0 33.3481 110.7916 -1.0828 35.9545 -1.1105
-0 33.386 110.7927 -1.0838 35.9154 -1.1092
-0 33.4226 110.7938 -1.0848 35.8777 -1.108
-0 33.4578 110.7948 -1.0857 35.8415 -1.1068
-0 33.4917 110.7958 -1.0866 35.8067 -1.1057
-0 33.5242 110.7966 -1.0875 35.7734 -1.1046
-0 33.5553 110.7974 -1.0884 35.7414 -1.1036
-0 33.585 110.7982 -1.0892 35.7109 -1.1026
-0 33.6134 110.7989 -1.0899 35.6819 -1.1016
-0 33.6404 110.7995 -1.0907 35.6542 -1.1007
-0 33.666 110.8001 -1.0914 35.628 -1.0999
-0 33.6903 110.8006 -1.092 35.6032 -1.0991
-0 33.7132 110.8011 -1.0927 35.5799 -1.0983
-0 33.7347 110.8016 -1.0932 35.5579 -1.0976
-0 33.7548 110.802 -1.0938 35.5374 -1.0969
-0 33.7735 110.8024 -1.0943 35.5183 -1.0963
-0 33.7908 110.8027 -1.0948 35.5006 -1.0957
-0 33.8068 110.8031 -1.0952 35.4844 -1.0952
-0 33.8214 110.8033 -1.0956 35.4695 -1.0947
-0 33.8346 110.8036 -1.096 35.4561 -1.0942
-0 33.8464 110.8038 -1.0963 35.444 -1.0938
-0 33.8568 110.804 -1.0966 35.4334 -1.0935
-0 33.8658 110.8041 -1.0968 35.4243 -1.0932
-0 33.8734 110.8043 -1.097 35.4165 -1.0929
-0 33.8797 110.8044 -1.0972 35.4101 -1.0927
-0 33.8846 110.8045 -1.0973 35.4052 -1.0926
-0 33.888 110.8045 -1.0974 35.4016 -1.0924
-0 33.8901 110.8046 -1.0975 35.3995 -1.0924
-0 33.8908 110.8046 -1.0975 35.3988 -1.0923
-0 33.8901 110.8046 -1.0975 35.3995 -1.0924
-0 33.888 110.8045 -1.0974 35.4016 -1.0924
-0 33.8846 110.8045 -1.0973 35.4052 -1.0926
-0 33.8797 110.8044 -1.0972 35.4101 -1.0927
-0 33.8734 110.8043 -1.097 35.4165 -1.0929
-0 33.8658 110.8041 -1.0968 35.4243 -1.0932
-0 33.8568 110.804 -1.0966 35.4334 -1.0935
-0 33.8464 110.8038 -1.0963 35.444 -1.0938
-0 33.8346 110.8036 -1.096 35.4561 -1.0942
-0 33.8214 110.8033 -1.0956 35.4695 -1.0947
-0 33.8068 110.8031 -1.0952 35.4844 -1.0952
-0 33.7908 110.8027 -1.0948 35.5006 -1.0957
-0 33.7735 110.8024 -1.0943 35.5183 -1.0963
-0 33.7548 110.802 -1.0938 35.5374 -1.0969
-0 33.7347 110.8016 -1.0932 35.5579 -1.0976
-0 33.7132 110.8011 -1.0927 35.5799 -1.0983
-0 33.6903 110.8006 -1.092 35.6032 -1.0991
-0 33.666 110.8001 -1.0914 35.628 -1.0999
-0 33.6404 110.7995 -1.0907 35.6542 -1.1007
-0 33.6134 110.7989 -1.0899 35.6819 -1.1016
-0 33.585 110.7982 -1.0892 35.7109 -1.1026
-0 33.5553 110.7974 -1.0884 35.7414 -1.1036
-0 33.5242 110.7966 -1.0875 35.7734 -1.1046
-0 33.4917 110.7958 -1.0866 35.8067 -1.1057
-0 33.4578 110.7948 -1.0857 35.8415 -1.1068
-0 33.4226 110.7938 -1.0848 35.8777 -1.108
-0 33.386 110.7927 -1.0838 35.9154 -1.1092
-0 33.3481 110.7916 -1.0828 35.9545 -1.1105
-0 33.3087 110.7904 -1.0817 35.995 -1.1118
-0 33.2681 110.7891 -1.0806 36.037 -1.1131
-0 33.226 110.7877 -1.0795 36.0804 -1.1145
-0 33.1827 110.7862 -1.0784 36.1252 -1.1159
-0 33.1379 110.7846 -1.0772 36.1716 -1.1174
-0 33.0919 110.7829 -1.0759 36.2193 -1.1189
-0 33.0444 110.7811 -1.0747 36.2685 -1.1205
-0 32.9957 110.7792 -1.0734 36.3192 -1.1221
-0 32.9456 110.7772 -1.0721 36.3713 -1.1238
-0 32.8941 110.775 -1.0707 36.4249 -1.1254
-0 32.8413 110.7728 -1.0693 36.4799 -1.1272
-0 32.7872 110.7704 -1.0679 36.5364 -1.1289
-0 32.7327 110.7679 -1.0664 36.5934 -1.1307
-0 32.6787 110.7655 -1.065 36.6498 -1.1325
-0 32.6252 110.7631 -1.0636 36.7058 -1.1342
-0 32.5721 110.7607 -1.0622 36.7612 -1.136
-0 32.5196 110.7583 -1.0608 36.8161 -1.1377
-0 32.4676 110.756 -1.0595 36.8704 -1.1394
-0 32.416 110.7537 -1.0581 36.9243 -1.1411
-0 32.365 110.7514 -1.0568 36.9776 -1.1428
-0 32.3144 110.7491 -1.0555 37.0304 -1.1444
-0 32.2644 110.7468 -1.0541 37.0827 -1.1461
-0 32.2149 110.7446 -1.0528 37.1345 -1.1477
-0 32.1658 110.7424 -1.0515 37.1857 -1.1493
-0 32.1173 110.7402 -1.0503 37.2364 -1.1509
-0 32.0692 110.738 -1.049 37.2866 -1.1524
-0 32.0217 110.7359 -1.0478 37.3363 -1.154
-0 31.9746 110.7338 -1.0465 37.3855 -1.1555
-0 31.928 110.7317 -1.0453 37.4341 -1.1571
-0 31.882 110.7296 -1.0441 37.4823 -1.1586
-0 31.8364 110.7275 -1.0429 37.5299 -1.1601
-0 31.7914 110.7255 -1.0417 37.577 -1.1615
-0 31.7468 110.7235 -1.0405 37.6235 -1.163
-0 31.7027 110.7215 -1.0394 37.6696 -1.1644
-0 31.6592 110.7196 -1.0382 37.7151 -1.1659
-0 31.6161 110.7176 -1.0371 37.7601 -1.1673
-0 31.5735 110.7157 -1.036 37.8046 -1.1687
-0 31.5314 110.7138 -1.0349 37.8485 -1.17
-0 31.4899 110.7119 -1.0338 37.892 -1.1714
-0 31.4488 110.7101 -1.0327 37.9349 -1.1727
-0 31.4082 110.7083 -1.0316 37.9773 -1.1741
-0 31.3681 110.7065 -1.0306 38.0192 -1.1754
-0 31.3285 110.7047 -1.0295 38.0605 -1.1767
-0 31.2894 110.7029 -1.0285 38.1014 -1.1779
-0 31.2509 110.7012 -1.0275 38.1417 -1.1792
-0 31.2128 110.6995 -1.0265 38.1815 -1.1805
-0 31.1752 110.6978 -1.0255 38.2208 -1.1817
-0 31.1381 110.6961 -1.0245 38.2595 -1.1829
-0 31.1015 110.6944 -1.0236 38.2978 -1.1841
-0 31.0654 110.6928 -1.0226 38.3355 -1.1853
-0 31.0298 110.6912 -1.0217 38.3727 -1.1864
-0 30.9947 110.6896 -1.0208 38.4094 -1.1876
-0 30.9601 110.6881 -1.0199 38.4455 -1.1887
-0 30.926 110.6865 -1.019 38.4812 -1.1898
-0 30.8923 110.685 -1.0181 38.5163 -1.1909
-0 30.8592 110.6835 -1.0172 38.5509 -1.192
-0 30.8266 110.6821 -1.0163 38.585 -1.1931
-0 30.7945 110.6806 -1.0155 38.6185 -1.1941
-0 30.7629 110.6792 -1.0147 38.6516 -1.1952
-0 30.7318 110.6778 -1.0139 38.6841 -1.1962
-0 30.7011 110.6764 -1.013 38.7161 -1.1972
-0 30.671 110.6751 -1.0123 38.7476 -1.1982
-0 30.6414 110.6737 -1.0115 38.7785 -1.1991
-0 30.6123 110.6724 -1.0107 38.809 -1.2001
-0 30.5836 110.6711 -1.01 38.8389 -1.201
-0 30.5555 110.6699 -1.0092 38.8683 -1.202
-0 30.5279 110.6686 -1.0085 38.8971 -1.2029
-0 30.5007 110.6674 -1.0078 38.9255 -1.2037
-0 30.4741 110.6662 -1.0071 38.9533 -1.2046
-0 30.4479 110.665 -1.0064 38.9806 -1.2055
-0 30.4223 110.6639 -1.0057 39.0074 -1.2063
-0 30.3971 110.6627 -1.0051 39.0337 -1.2071
-0 30.3725 110.6616 -1.0044 39.0595 -1.2079
-0 30.3483 110.6605 -1.0038 39.0847 -1.2087
-0 30.3247 110.6595 -1.0032 39.1094 -1.2095
-0 30.3015 110.6584 -1.0025 39.1336 -1.2103
-0 30.2789 110.6574 -1.0019 39.1573 -1.211
-0 30.2567 110.6564 -1.0014 39.1804 -1.2117
-0 30.2351 110.6554 -1.0008 39.2031 -1.2124
-0 30.2139 110.6545 -1.0002 39.2252 -1.2131
-0 30.1932 110.6535 -0.9997 39.2468 -1.2138
-0 30.1731 110.6526 -0.9992 39.2678 -1.2145
-0 30.1534 110.6517 -0.9986 39.2884 -1.2151
-0 30.1342 110.6509 -0.9981 39.3084 -1.2157
-0 30.1156 110.65 -0.9977 39.3279 -1.2163
-0 30.0974 110.6492 -0.9972 39.3469 -1.2169
-0 30.0797 110.6484 -0.9967 39.3654 -1.2175
-0 30.0625 110.6476 -0.9963 39.3833 -1.2181
-0 30.0459 110.6469 -0.9958 39.4008 -1.2186
-0 30.0297 110.6462 -0.9954 39.4177 -1.2192
-0 30.014 110.6455 -0.995 39.4341 -1.2197
-0 29.9988 110.6448 -0.9946 39.4499 -1.2202
-0 29.9841 110.6441 -0.9942 39.4653 -1.2207
-0 29.9699 110.6435 -0.9938 39.4801 -1.2211
-0 29.9562 110.6429 -0.9935 39.4944 -1.2216
-0 29.943 110.6423 -0.9931 39.5082 -1.222
-0 29.9303 110.6417 -0.9928 39.5215 -1.2224
-0 29.9181 110.6411 -0.9925 39.5342 -1.2228
-0 29.9064 110.6406 -0.9922 39.5464 -1.2232
-0 29.8952 110.6401 -0.9919 39.5581 -1.2236
-0 29.8845 110.6396 -0.9916 39.5693 -1.2239
-0 29.8743 110.6392 -0.9913 39.58 -1.2242
-0 29.8646 110.6387 -0.9911 39.5901 -1.2246
-0 29.8554 110.6383 -0.9908 39.5998 -1.2249
-0 29.8467 110.6379 -0.9906 39.6089 -1.2251
-0 29.8385 110.6376 -0.9904 39.6175 -1.2254
-0 29.8307 110.6372 -0.9902 39.6255 -1.2257
-0 29.8235 110.6369 -0.99 39.6331 -1.2259
-0 29.8168 110.6366 -0.9898 39.6401 -1.2261
-0 29.8106 110.6363 -0.9896 39.6466 -1.2263
-0 29.8049 110.636 -0.9895 39.6526 -1.2265
-0 29.7996 110.6358 -0.9894 39.658 -1.2267
-0 29.7949 110.6356 -0.9892 39.663 -1.2268
-0 29.7907 110.6354 -0.9891 39.6674 -1.227
-0 29.7869 110.6352 -0.989 39.6713 -1.2271
-0 29.7837 110.6351 -0.9889 39.6747 -1.2272
-0 29.781 110.635 -0.9889 39.6776 -1.2273
-0 29.7787 110.6349 -0.9888 39.6799 -1.2274
-0 29.777 110.6348 -0.9888 39.6817 -1.2274
-0 29.7757 110.6347 -0.9887 39.683 -1.2275
-0 29.775 110.6347 -0.9887 39.6838 -1.2275
-0 29.7747 110.6347 -0.9887 39.6841 -1.2275
-0 29.775 110.6347 -0.9887 39.6838 -1.2275
-0 29.7757 110.6347 -0.9887 39.683 -1.2275
-0 29.777 110.6348 -0.9888 39.6817 -1.2274
-0 29.7787 110.6349 -0.9888 39.6799 -1.2274
-0 29.781 110.635 -0.9889 39.6776 -1.2273
-0 29.7837 110.6351 -0.9889 39.6747 -1.2272
-0 29.7869 110.6352 -0.989 39.6713 -1.2271
-0 29.7907 110.6354 -0.9891 39.6674 -1.227
-0 29.7949 110.6356 -0.9892 39.663 -1.2268
-0 29.7996 110.6358 -0.9894 39.658 -1.2267
-0 29.8049 110.636 -0.9895 39.6526 -1.2265
-0 29.8106 110.6363 -0.9896 39.6466 -1.2263
-0 29.8168 110.6366 -0.9898 39.6401 -1.2261
-0 29.8235 110.6369 -0.99 39.6331 -1.2259
-0 29.8307 110.6372 -0.9902 39.6255 -1.2257
-0 29.8385 110.6376 -0.9904 39.6175 -1.2254
-0 29.8467 110.6379 -0.9906 39.6089 -1.2251
-0 29.8554 110.6383 -0.9908 39.5998 -1.2249
-0 29.8646 110.6387 -0.9911 39.5901 -1.2246
-0 29.8743 110.6392 -0.9913 39.58 -1.2242
-0 29.8845 110.6396 -0.9916 39.5693 -1.2239
-0 29.8952 110.6401 -0.9919 39.5581 -1.2236
-0 29.9064 110.6406 -0.9922 39.5464 -1.2232
-0 29.9181 110.6411 -0.9925 39.5342 -1.2228
-0 29.9303 110.6417 -0.9928 39.5215 -1.2224
-0 29.943 110.6423 -0.9931 39.5082 -1.222
-0 29.9562 110.6429 -0.9935 39.4944 -1.2216
-0 29.9699 110.6435 -0.9938 39.4801 -1.2211
-0 29.9841 110.6441 -0.9942 39.4653 -1.2207
-0 29.9988 110.6448 -0.9946 39.4499 -1.2202
-0 30.014 110.6455 -0.995 39.4341 -1.2197
-0 30.0297 110.6462 -0.9954 39.4177 -1.2192
-0 30.0459 110.6469 -0.9958 39.4008 -1.2186
-0 30.0625 110.6476 -0.9963 39.3833 -1.2181
-0 30.0797 110.6484 -0.9967 39.3654 -1.2175
-0 30.0974 110.6492 -0.9972 39.3469 -1.2169
-0 30.1156 110.65 -0.9977 39.3279 -1.2163
-0 30.1342 110.6509 -0.9981 39.3084 -1.2157
-0 30.1534 110.6517 -0.9986 39.2884 -1.2151
-0 30.1731 110.6526 -0.9992 39.2678 -1.2145
-0 30.1932 110.6535 -0.9997 39.2468 -1.2138
-0 30.2139 110.6545 -1.0002 39.2252 -1.2131
-0 30.2351 110.6554 -1.0008 39.2031 -1.2124
-0 30.2567 110.6564 -1.0014 39.1804 -1.2117
-0 30.2789 110.6574 -1.0019 39.1573 -1.211
-0 30.3015 110.6584 -1.0025 39.1336 -1.2103
-0 30.3247 110.6595 -1.0032 39.1094 -1.2095
-0 30.3483 110.6605 -1.0038 39.0847 -1.2087
-0 30.3725 110.6616 -1.0044 39.0595 -1.2079
-0 30.3971 110.6627 -1.0051 39.0337 -1.2071
-0 30.4223 110.6639 -1.0057 39.0074 -1.2063
-0 30.4479 110.665 -1.0064 38.9806 -1.2055
-0 30.4741 110.6662 -1.0071 38.9533 -1.2046
-0 30.5007 110.6674 -1.0078 38.9255 -1.2037
-0 30.5279 110.6686 -1.0085 38.8971 -1.2029
-0 30.5555 110.6699 -1.0092 38.8683 -1.202
-0 30.5836 110.6711 -1.01 38.8389 -1.201
-0 30.6123 110.6724 -1.0107 38.809 -1.2001
-0 30.6414 110.6737 -1.0115 38.7785 -1.1991
-0 30.671 110.6751 -1.0123 38.7476 -1.1982
-0 30.7011 110.6764 -1.013 38.7161 -1.1972
-0 30.7318 110.6778 -1.0139 38.6841 -1.1962
-0 30.7629 110.6792 -1.0147 38.6516 -1.1952
-0 30.7945 110.6806 -1.0155 38.6185 -1.1941
-0 30.8266 110.6821 -1.0163 38.585 -1.1931
-0 30.8592 110.6835 -1.0172 38.5509 -1.192
-0 30.8923 110.685 -1.0181 38.5163 -1.1909
-0 30.926 110.6865 -1.019 38.4812 -1.1898
-0 30.9601 110.6881 -1.0199 38.4455 -1.1887
-0 30.9947 110.6896 -1.0208 38.4094 -1.1876
-0 31.0298 110.6912 -1.0217 38.3727 -1.1864
-0 31.0654 110.6928 -1.0226 38.3355 -1.1853
-0 31.1015 110.6944 -1.0236 38.2978 -1.1841
-0 31.1381 110.6961 -1.0245 38.2595 -1.1829
-0 31.1752 110.6978 -1.0255 38.2208 -1.1817
-0 31.2128 110.6995 -1.0265 38.1815 -1.1805
-0 31.2509 110.7012 -1.0275 38.1417 -1.1792
-0 31.2894 110.7029 -1.0285 38.1014 -1.1779
-0 31.3285 110.7047 -1.0295 38.0605 -1.1767
-0 31.3681 110.7065 -1.0306 38.0192 -1.1754
-0 31.4082 110.7083 -1.0316 37.9773 -1.1741
-0 31.4488 110.7101 -1.0327 37.9349 -1.1727
-0 31.4899 110.7119 -1.0338 37.892 -1.1714
-0 31.5314 110.7138 -1.0349 37.8485 -1.17
-0 31.5735 110.7157 -1.036 37.8046 -1.1687
-0 31.6161 110.7176 -1.0371 37.7601 -1.1673
-0 31.6592 110.7196 -1.0382 37.7151 -1.1659
-0 31.7027 110.7215 -1.0394 37.6696 -1.1644
-0 31.7468 110.7235 -1.0405 37.6235 -1.163
-0 31.7914 110.7255 -1.0417 37.577 -1.1615
-0 31.8364 110.7275 -1.0429 37.5299 -1.1601
-0 31.882 110.7296 -1.0441 37.4823 -1.1586
-0 31.928 110.7317 -1.0453 37.4341 -1.1571
-0 31.9746 110.7338 -1.0465 37.3855 -1.1555
-0 32.0217 110.7359 -1.0478 37.3363 -1.154
-0 32.0692 110.738 -1.049 37.2866 -1.1524
-0 32.1173 110.7402 -1.0503 37.2364 -1.1509
-0 32.1658 110.7424 -1.0515 37.1857 -1.1493
-0 32.2149 110.7446 -1.0528 37.1345 -1.1477
-0 32.2644 110.7468 -1.0541 37.0827 -1.1461
-0 32.3144 110.7491 -1.0555 37.0304 -1.1444
-0 32.365 110.7514 -1.0568 36.9776 -1.1428
-0 32.416 110.7537 -1.0581 36.9243 -1.1411
-0 32.4676 110.756 -1.0595 36.8704 -1.1394
-0 32.5196 110.7583 -1.0608 36.8161 -1.1377
-0 32.5721 110.7607 -1.0622 36.7612 -1.136
-0 32.6252 110.7631 -1.0636 36.7058 -1.1342
-0 32.6787 110.7655 -1.065 36.6498 -1.1325
-0 32.7327 110.7679 -1.0664 36.5934 -1.1307
-0 32.7872 110.7704 -1.0679 36.5364 -1.1289
-0 32.8413 110.7728 -1.0693 36.4799 -1.1272
-0 32.8941 110.775 -1.0707 36.4249 -1.1254
-0 32.9456 110.7772 -1.0721 36.3713 -1.1238
-0 32.9957 110.7792 -1.0734 36.3192 -1.1221
-0 33.0444 110.7811 -1.0747 36.2685 -1.1205
-0 33.0919 110.7829 -1.0759 36.2193 -1.1189
-0 33.1379 110.7846 -1.0772 36.1716 -1.1174
-0 33.1827 110.7862 -1.0784 36.1252 -1.1159
-0 33.226 110.7877 -1.0795 36.0804 -1.1145
-0 33.2681 110.7891 -1.0806 36.037 -1.1131
-0 33.3087 110.7904 -1.0817 35.995 -1.1118
-0 33.3481 110.7916 -1.0828 35.9545 -1.1105
-0 33.386 110.7927 -1.0838 35.9154 -1.1092
-0 33.4226 110.7938 -1.0848 35.8777 -1.108
-0 33.4578 110.7948 -1.0857 35.8415 -1.1068
-0 33.4917 110.7958 -1.0866 35.8067 -1.1057
-0 33.5242 110.7966 -1.0875 35.7734 -1.1046
-0 33.5553 110.7974 -1.0884 35.7414 -1.1036
-0 33.585 110.7982 -1.0892 35.7109 -1.1026
-0 33.6134 110.7989 -1.0899 35.6819 -1.1016
-0 33.6404 110.7995 -1.0907 35.6542 -1.1007
-0 33.666 110.8001 -1.0914 35.628 -1.0999
-0 33.6903 110.8006 -1.092 35.6032 -1.0991
-0 33.7132 110.8011 -1.0927 35.5799 -1.0983
-0 33.7347 110.8016 -1.0932 35.5579 -1.0976
-0 33.7548 110.802 -1.0938 35.5374 -1.0969
-0 33.7735 110.8024 -1.0943 35.5183 -1.0963
-0 33.7908 110.8027 -1.0948 35.5006 -1.0957
-0 33.8068 110.8031 -1.0952 35.4844 -1.0952
-0 33.8214 110.8033 -1.0956 35.4695 -1.0947
-0 33.8346 110.8036 -1.096 35.4561 -1.0942
-0 33.8464 110.8038 -1.0963 35.444 -1.0938
-0 33.8568 110.804 -1.0966 35.4334 -1.0935
-0 33.8658 110.8041 -1.0968 35.4243 -1.0932
-0 33.8734 110.8043 -1.097 35.4165 -1.0929
-0 33.8797 110.8044 -1.0972 35.4101 -1.0927
-0 33.8846 110.8045 -1.0973 35.4052 -1.0926
-0 33.888 110.8045 -1.0974 35.4016 -1.0924
-0 33.8901 110.8046 -1.0975 35.3995 -1.0924
-0 33.8908 110.8046 -1.0975 35.3988 -1.0923
-0 33.8901 110.8046 -1.0975 35.3995 -1.0924
-0 33.888 110.8045 -1.0974 35.4016 -1.0924
-0 33.8846 110.8045 -1.0973 35.4052 -1.0926
-0 33.8797 110.8044 -1.0972 35.4101 -1.0927
-0 33.8734 110.8043 -1.097 35.4165 -1.0929
-0 33.8658 110.8041 -1.0968 35.4243 -1.0932
-0 33.8568 110.804 -1.0966 35.4334 -1.0935
-0 33.8464 110.8038 -1.0963 35.444 -1.0938
-0 33.8346 110.8036 -1.096 35.4561 -1.0942
-0 33.8214 110.8033 -1.0956 35.4695 -1.0947
-0 33.8068 110.8031 -1.0952 35.4844 -1.0952
-0 33.7908 110.8027 -1.0948 35.5006 -1.0957
-0 33.7735 110.8024 -1.0943 35.5183 -1.0963
-0 33.7548 110.802 -1.0938 35.5374 -1.0969
-0 33.7347 110.8016 -1.0932 35.5579 -1.0976
-0 33.7132 110.8011 -1.0927 35.5799 -1.0983
-0 33.6903 110.8006 -1.092 35.6032 -1.0991
-0 33.666 110.8001 -1.0914 35.628 -1.0999
-0 33.6404 110.7995 -1.0907 35.6542 -1.1007
-0 33.6134 110.7989 -1.0899 35.6819 -1.1016
-0 33.585 110.7982 -1.0892 35.7109 -1.1026
-0 33.5553 110.7974 -1.0884 35.7414 -1.1036
-0 33.5242 110.7966 -1.0875 35.7734 -1.1046
-0 33.4917 110.7958 -1.0866 35.8067 -1.1057
-0 33.4578 110.7948 -1.0857 35.8415 -1.1068
-0 33.4226 110.7938 -1.0848 35.8777 -1.108
-0 33.386 110.7927 -1.0838 35.9154 -1.1092
-0 33.3481 110.7916 -1.0828 35.9545 -1.1105
-0 33.3087 110.7904 -1.0817 35.995 -1.1118
-0 33.2681 110.7891 -1.0806 36.037 -1.1131
-0 33.226 110.7877 -1.0795 36.0804 -1.1145
-0 33.1827 110.7862 -1.0784 36.1252 -1.1159
-0 33.1379 110.7846 -1.0772 36.1716 -1.1174
-0 33.0919 110.7829 -1.0759 36.2193 -1.1189
-0 33.0444 110.7811 -1.0747 36.2685 -1.1205
-0 32.9957 110.7792 -1.0734 36.3192 -1.1221
-0 32.9456 110.7772 -1.0721 36.3713 -1.1238
-0 32.8941 110.775 -1.0707 36.4249 -1.1254
-0 32.8413 110.7728 -1.0693 36.4799 -1.1272
-0 32.7872 110.7704 -1.0679 36.5364 -1.1289
0.0002 32.7327 110.7679 -1.0667 36.5934 -1.1303
0.0008 32.6787 110.7655 -1.0662 36.6498 -1.1308
0.0019 32.6252 110.7631 -1.0661 36.7057 -1.1305
0.0033 32.5722 110.7607 -1.0667 36.761 -1.1293
0.0051 32.5196 110.7583 -1.0678 36.8158 -1.1273
0.0074 32.4676 110.7559 -1.0695 36.8701 -1.1244
0.01 32.4161 110.7536 -1.0717 36.9238 -1.1208
0.013 32.3651 110.7513 -1.0745 36.977 -1.1163
0.0164 32.3146 110.749 -1.0778 37.0296 -1.111
0.0202 32.2646 110.7467 -1.0816 37.0817 -1.1049
0.0243 32.2151 110.7444 -1.086 37.1333 -1.0981
0.0289 32.1661 110.7422 -1.0909 37.1843 -1.0904
0.0338 32.1176 110.74 -1.0963 37.2348 -1.082
0.0391 32.0696 110.7378 -1.1022 37.2847 -1.0728
0.0447 32.0221 110.7356 -1.1086 37.3341 -1.0629
0.0507 31.9751 110.7335 -1.1156 37.383 -1.0522
0.057 31.9286 110.7313 -1.123 37.4313 -1.0407
0.0637 31.8826 110.7292 -1.131 37.4791 -1.0285
0.0708 31.8371 110.7271 -1.1394 37.5264 -1.0156
0.0782 31.7921 110.725 -1.1483 37.5731 -1.002
0.0859 31.7476 110.723 -1.1577 37.6193 -0.9876
0.094 31.7036 110.721 -1.1676 37.6649 -0.9725
0.1024 31.6601 110.7189 -1.1779 37.71 -0.9568
0.1112 31.6171 110.7169 -1.1887 37.7546 -0.9403
0.1202 31.5746 110.715 -1.2 37.7986 -0.9232
0.1296 31.5326 110.713 -1.2117 37.8422 -0.9053
0.1393 31.4911 110.7111 -1.2239 37.8851 -0.8868
0.1493 31.4501 110.7092 -1.2365 37.9275 -0.8677
0.1596 31.4096 110.7073 -1.2496 37.9694 -0.8478
0.1703 31.3696 110.7054 -1.2631 38.0108 -0.8274
0.1812 31.3302 110.7036 -1.2771 38.0516 -0.8062
0.1924 31.2912 110.7017 -1.2914 38.0919 -0.7845
0.204 31.2527 110.6999 -1.3062 38.1317 -0.7621
0.2158 31.2147 110.6981 -1.3215 38.1709 -0.7391
0.2279 31.1772 110.6964 -1.3371 38.2096 -0.7155
0.2403 31.1402 110.6946 -1.3531 38.2477 -0.6913
0.253 31.1037 110.6929 -1.3696 38.2854 -0.6665
0.2659 31.0678 110.6912 -1.3864 38.3225 -0.6411
0.2791 31.0323 110.6895 -1.4036 38.359 -0.6151
0.2926 30.9973 110.6879 -1.4212 38.395 -0.5885
0.3064 30.9628 110.6862 -1.4392 38.4305 -0.5614
0.3204 30.9288 110.6846 -1.4576 38.4655 -0.5337
0.3347 30.8953 110.683 -1.4764 38.4999 -0.5054
0.3492 30.8624 110.6814 -1.4955 38.5338 -0.4766
0.364 30.8299 110.6798 -1.515 38.5672 -0.4473
0.379 30.7979 110.6783 -1.5349 38.6 -0.4174
0.3942 30.7664 110.6768 -1.5551 38.6323 -0.387
0.4097 30.7354 110.6753 -1.5756 38.664 -0.3561
0.4255 30.705 110.6738 -1.5965 38.6953 -0.3246
0.4414 30.675 110.6724 -1.6178 38.726 -0.2927
0.4576 30.6455 110.6709 -1.6393 38.7561 -0.2603
0.474 30.6165 110.6695 -1.6613 38.7858 -0.2274
0.4907 30.588 110.6681 -1.6835 38.8149 -0.194
0.5075 30.56 110.6668 -1.706 38.8435 -0.1601
0.5246 30.5326 110.6654 -1.7289 38.8715 -0.1258
0.5419 30.5056 110.6641 -1.7521 38.899 -0.091
0.5594 30.4791 110.6628 -1.7756 38.926 -0.0557
0.577 30.4531 110.6615 -1.7994 38.9525 -0.02
0.5949 30.4276 110.6602 -1.8235 38.9784 0.0161
0.613 30.4026 110.659 -1.8479 39.0038 0.0526
0.6312 30.3782 110.6578 -1.8725 39.0287 0.0896
0.6497 30.3542 110.6566 -1.8975 39.0531 0.127
0.6683 30.3307 110.6554 -1.9227 39.0769 0.1648
0.6871 30.3077 110.6542 -1.9482 39.1002 0.203
0.7061 30.2852 110.6531 -1.974 39.1229 0.2416
0.7252 30.2632 110.652 -2 39.1452 0.2806
0.7445 30.2417 110.6509 -2.0263 39.1669 0.32
0.764 30.2208 110.6498 -2.0528 39.188 0.3597
0.7836 30.2003 110.6487 -2.0796 39.2087 0.3998
0.8034 30.1803 110.6477 -2.1066 39.2288 0.4402
0.8234 30.1608 110.6467 -2.1339 39.2484 0.481
0.8434 30.1418 110.6457 -2.1614 39.2675 0.5222
0.8637 30.1233 110.6448 -2.1892 39.286 0.5637
0.884 30.1053 110.6438 -2.2171 39.3041 0.6055
0.9046 30.0878 110.6429 -2.2453 39.3215 0.6476
0.9252 30.0708 110.642 -2.2737 39.3385 0.69
0.946 30.0543 110.6411 -2.3023 39.355 0.7328
0.9669 30.0383 110.6402 -2.3311 39.3709 0.7758
0.9879 30.0228 110.6394 -2.3601 39.3863 0.8191
1.009 30.0078 110.6386 -2.3893 39.4011 0.8627
1.0302 29.9934 110.6378 -2.4187 39.4155 0.9066
1.0516 29.9794 110.637 -2.4482 39.4293 0.9508
1.0731 29.9658 110.6363 -2.478 39.4426 0.9952
1.0946 29.9528 110.6356 -2.5079 39.4553 1.0398
1.1163 29.9403 110.6348 -2.538 39.4676 1.0847
1.138 29.9283 110.6342 -2.5683 39.4793 1.1299
1.1599 29.9168 110.6335 -2.5987 39.4905 1.1753
1.1818 29.9058 110.6329 -2.6293 39.5012 1.2209
1.2038 29.8953 110.6322 -2.66 39.5113 1.2667
1.2259 29.8853 110.6316 -2.6909 39.521 1.3127
1.2481 29.8758 110.6311 -2.7219 39.5301 1.359
1.2704 29.8668 110.6305 -2.7531 39.5386 1.4054
1.2927 29.8583 110.63 -2.7844 39.5467 1.452
1.315 29.8503 110.6295 -2.8158 39.5542 1.4988
1.3375 29.8427 110.629 -2.8473 39.5612 1.5458
1.36 29.8357 110.6285 -2.879 39.5677 1.5929
1.3825 29.8292 110.6281 -2.9108 39.5737 1.6402
1.4051 29.8232 110.6277 -2.9426 39.5792 1.6876
1.4278 29.8177 110.6273 -2.9746 39.5841 1.7352
1.4504 29.8126 110.6269 -3.0067 39.5885 1.7829
1.4732 29.8081 110.6265 -3.0388 39.5924 1.8308
1.4959 29.8041 110.6262 -3.0711 39.5958 1.8787
1.5187 29.8005 110.6259 -3.1034 39.5986 1.9268
1.5415 29.7975 110.6256 -3.1359 39.6009 1.975
1.5643 29.795 110.6253 -3.1683 39.6027 2.0233
1.5872 29.7929 110.6251 -3.2009 39.604 2.0717
1.6101 29.7914 110.6249 -3.2335 39.6048 2.1201
1.6329 29.7904 110.6247 -3.2662 39.605 2.1687
1.6558 29.7898 110.6245 -3.2989 39.6048 2.2173
1.6787 29.7898 110.6243 -3.3317 39.604 2.266
1.7016 29.7902 110.6242 -3.3646 39.6027 2.3147
1.7245 29.7912 110.6241 -3.3974 39.6009 2.3635
1.7474 29.7926 110.624 -3.4303 39.5985 2.4123
1.7703 29.7946 110.6239 -3.4633 39.5956 2.4611
1.7931 29.797 110.6239 -3.4962 39.5923 2.51
1.8159 29.8 110.6239 -3.5292 39.5884 2.5589
1.8388 29.8034 110.6239 -3.5622 39.5839 2.6078
1.8615 29.8073 110.6239 -3.5952 39.579 2.6567
1.8843 29.8118 110.6239 -3.6282 39.5736 2.7056
1.907 29.8167 110.624 -3.6612 39.5676 2.7545
1.9297 29.8221 110.6241 -3.6942 39.5611 2.8034
1.9523 29.8281 110.6242 -3.7272 39.5541 2.8522
1.9749 29.8345 110.6243 -3.7602 39.5466 2.901
1.9975 29.8414 110.6245 -3.7931 39.5386 2.9498
2.02 29.8488 110.6247 -3.8261 39.53 2.9985
2.0424 29.8568 110.6249 -3.859 39.521 3.0472
2.0648 29.8652 110.6251 -3.8919 39.5114 3.0958
2.0871 29.8741 110.6254 -3.9247 39.5013 3.1444
2.1093 29.8835 110.6256 -3.9575 39.4907 3.1928
2.1315 29.8934 110.6259 -3.9902 39.4795 3.2412
2.1536 29.9038 110.6262 -4.0229 39.4679 3.2895
2.1756 29.9147 110.6266 -4.0556 39.4557 3.3377
2.1976 29.9261 110.6269 -4.0881 39.4431 3.3857
2.2194 29.938 110.6273 -4.1206 39.4299 3.4337
2.2412 29.9504 110.6277 -4.1531 39.4162 3.4816
2.2628 29.9633 110.6282 -4.1854 39.402 3.5293
2.2844 29.9767 110.6286 -4.2177 39.3873 3.5768
2.3059 29.9906 110.6291 -4.2499 39.372 3.6243
2.3272 30.005 110.6296 -4.282 39.3563 3.6716
2.3485 30.0198 110.6301 -4.314 39.34 3.7187
2.3696 30.0352 110.6307 -4.3459 39.3232 3.7656
2.3906 30.0511 110.6312 -4.3777 39.306 3.8124
2.4115 30.0675 110.6318 -4.4093 39.2882 3.859
2.4323 30.0843 110.6324 -4.4409 39.2698 3.9055
2.4529 30.1017 110.6331 -4.4723 39.251 3.9517
2.4734 30.1195 110.6337 -4.5037 39.2317 3.9977
2.4938 30.1379 110.6344 -4.5348 39.2118 4.0435
2.514 30.1568 110.6351 -4.5659 39.1915 4.0891
2.5341 30.1761 110.6359 -4.5968 39.1706 4.1345
2.554 30.1959 110.6366 -4.6276 39.1492 4.1796
2.5738 30.2163 110.6374 -4.6582 39.1273 4.2245
2.5935 30.2371 110.6382 -4.6886 39.1049 4.2692
2.6129 30.2585 110.639 -4.7189 39.082 4.3136
2.6322 30.2803 110.6399 -4.7491 39.0586 4.3577
2.6514 30.3026 110.6407 -4.779 39.0347 4.4016
2.6704 30.3255 110.6416 -4.8088 39.0102 4.4452
2.6892 30.3488 110.6425 -4.8384 38.9853 4.4885
2.7078 30.3726 110.6435 -4.8679 38.9598 4.5315
2.7262 30.3969 110.6444 -4.8971 38.9339 4.5743
2.7445 30.4217 110.6454 -4.9262 38.9074 4.6167
2.7626 30.447 110.6464 -4.955 38.8804 4.6588
2.7804 30.4728 110.6475 -4.9836 38.8529 4.7006
2.7981 30.4991 110.6485 -5.0121 38.8249 4.742
2.8156 30.5259 110.6496 -5.0403 38.7964 4.7832
2.8329 30.5532 110.6507 -5.0683 38.7674 4.8239
2.8499 30.581 110.6518 -5.0961 38.7378 4.8644
2.8668 30.6093 110.653 -5.1236 38.7078 4.9045
2.8834 30.6381 110.6542 -5.151 38.6773 4.9442
2.8998 30.6673 110.6554 -5.178 38.6462 4.9835
2.916 30.6971 110.6566 -5.2049 38.6147 5.0225
2.932 30.7274 110.6578 -5.2315 38.5826 5.0611
2.9477 30.7581 110.6591 -5.2578 38.55 5.0993
2.9632 30.7894 110.6604 -5.2839 38.517 5.137
2.9785 30.8212 110.6617 -5.3097 38.4834 5.1744
2.9935 30.8534 110.6631 -5.3353 38.4493 5.2114
3.0083 30.8861 110.6644 -5.3606 38.4147 5.2479
3.0228 30.9194 110.6658 -5.3856 38.3796 5.284
3.0371 30.9531 110.6672 -5.4103 38.344 5.3197
3.0511 30.9874 110.6687 -5.4347 38.3079 5.3549
3.0648 31.0221 110.6701 -5.4589 38.2713 5.3897
3.0783 31.0573 110.6716 -5.4828 38.2342 5.424
3.0916 31.093 110.6731 -5.5063 38.1966 5.4579
3.1045 31.1292 110.6746 -5.5296 38.1584 5.4913
3.1172 31.166 110.6762 -5.5525 38.1198 5.5242
3.1296 31.2032 110.6778 -5.5751 38.0807 5.5566
3.1417 31.2409 110.6794 -5.5974 38.041 5.5885
3.1535 31.2791 110.681 -5.6194 38.0009 5.6199
3.165 31.3177 110.6826 -5.641 37.9603 5.6508
3.1763 31.3569 110.6843 -5.6624 37.9191 5.6812
3.1872 31.3966 110.686 -5.6833 37.8775 5.711
3.1978 31.4368 110.6877 -5.704 37.8353 5.7403
3.2081 31.4775 110.6895 -5.7242 37.7927 5.7691
3.2182 31.5186 110.6913 -5.7442 37.7495 5.7973
3.2279 31.5603 110.693 -5.7637 37.7058 5.825
3.2372 31.6025 110.6949 -5.7829 37.6617 5.8521
3.2463 31.6451 110.6967 -5.8018 37.617 5.8787
3.255 31.6883 110.6986 -5.8202 37.5719 5.9046
3.2634 31.7319 110.7005 -5.8383 37.5262 5.93
3.2715 31.776 110.7024 -5.856 37.48 5.9548
3.2793 31.8207 110.7043 -5.8733 37.4334 5.979
3.2867 31.8658 110.7063 -5.8903 37.3862 6.0026
3.2937 31.9114 110.7083 -5.9068 37.3385 6.0256
3.3004 31.9575 110.7103 -5.9229 37.2904 6.0479
3.3068 32.0041 110.7123 -5.9386 37.2417 6.0697
3.3128 32.0513 110.7144 -5.9539 37.1925 6.0907
3.3184 32.0989 110.7165 -5.9688 37.1429 6.1112
3.3237 32.147 110.7186 -5.9833 37.0927 6.131
3.3286 32.1955 110.7207 -5.9973 37.0421 6.1501
3.3331 32.2446 110.7229 -6.0109 36.9909 6.1686
3.3373 32.2942 110.7251 -6.0241 36.9392 6.1864
3.3411 32.3443 110.7273 -6.0368 36.8871 6.2035
3.3445 32.3949 110.7295 -6.0491 36.8344 6.22
3.3475 32.4459 110.7318 -6.0609 36.7813 6.2357
3.3501 32.4975 110.734 -6.0723 36.7276 6.2507
3.3523 32.5495 110.7363 -6.0832 36.6735 6.2651
3.3542 32.6021 110.7387 -6.0936 36.6188 6.2787
3.3556 32.6551 110.741 -6.1036 36.5637 6.2916
3.3566 32.7086 110.7434 -6.1131 36.508 6.3037
3.3572 32.7627 110.7458 -6.1221 36.4519 6.3151
3.3575 32.8172 110.7482 -6.1306 36.3952 6.3258
3.3575 32.8713 110.7506 -6.1388 36.3391 6.336
3.3575 32.9241 110.7529 -6.1469 36.2844 6.3459
3.3575 32.9755 110.755 -6.1547 36.2311 6.3556
3.3575 33.0256 110.757 -6.1623 36.1793 6.3651
3.3575 33.0744 110.7589 -6.1698 36.129 6.3743
3.3575 33.1218 110.7606 -6.177 36.0801 6.3833
3.3575 33.1679 110.7623 -6.1841 36.0326 6.392
3.3575 33.2126 110.7639 -6.1909 35.9866 6.4005
3.3575 33.256 110.7653 -6.1976 35.942 6.4088
3.3575 33.298 110.7667 -6.2041 35.8989 6.4167
3.3575 33.3387 110.768 -6.2103 35.8571 6.4245
3.3575 33.378 110.7692 -6.2164 35.8169 6.432
3.3575 33.4159 110.7703 -6.2223 35.778 6.4392
3.3575 33.4525 110.7714 -6.228 35.7406 6.4462
3.3575 33.4877 110.7724 -6.2334 35.7046 6.4529
3.3575 33.5216 110.7733 -6.2387 35.67 6.4594
3.3575 33.5541 110.7742 -6.2437 35.6369 6.4656
3.3575 33.5852 110.775 -6.2486 35.6052 6.4716
3.3575 33.615 110.7757 -6.2532 35.5749 6.4773
3.3575 33.6433 110.7764 -6.2577 35.546 6.4827
3.3575 33.6703 110.777 -6.2619 35.5185 6.4879
3.3575 33.696 110.7776 -6.2659 35.4925 6.4928
3.3575 33.7202 110.7781 -6.2697 35.4678 6.4975
3.3575 33.7431 110.7786 -6.2733 35.4446 6.5019
3.3575 33.7646 110.779 -6.2766 35.4228 6.506
3.3575 33.7847 110.7795 -6.2798 35.4024 6.5099
3.3575 33.8034 110.7798 -6.2827 35.3834 6.5135
3.3575 33.8207 110.7802 -6.2854 35.3659 6.5169
3.3575 33.8367 110.7805 -6.288 35.3497 6.5199
3.3575 33.8513 110.7807 -6.2903 35.3349 6.5227
3.3575 33.8645 110.781 -6.2923 35.3216 6.5253
3.3575 33.8763 110.7812 -6.2942 35.3096 6.5276
3.3575 33.8867 110.7814 -6.2958 35.2991 6.5296
3.3575 33.8957 110.7815 -6.2972 35.29 6.5313
3.3575 33.9034 110.7817 -6.2985 35.2823 6.5328
3.3575 33.9096 110.7818 -6.2994 35.2759 6.534
3.3575 33.9145 110.7819 -6.3002 35.271 6.5349
3.3575 33.9179 110.7819 -6.3008 35.2675 6.5356
3.3575 33.92 110.7819 -6.3011 35.2654 6.536
3.3575 33.9207 110.782 -6.3012 35.2647 6.5362
3.3575 33.92 110.7819 -6.3011 35.2654 6.536
3.3575 33.9179 110.7819 -6.3008 35.2675 6.5356
3.3575 33.9145 110.7819 -6.3002 35.271 6.5349
3.3575 33.9096 110.7818 -6.2994 35.2759 6.534
3.3575 33.9034 110.7817 -6.2985 35.2823 6.5328
3.3575 33.8957 110.7815 -6.2972 35.29 6.5313
3.3575 33.8867 110.7814 -6.2958 35.2991 6.5296
3.3575 33.8763 110.7812 -6.2942 35.3096 6.5276
3.3575 33.8645 110.781 -6.2923 35.3216 6.5253
3.3575 33.8513 110.7807 -6.2903 35.3349 6.5227
3.3575 33.8367 110.7805 -6.288 35.3497 6.5199
3.3575 33.8207 110.7802 -6.2854 35.3659 6.5169
3.3575 33.8034 110.7798 -6.2827 35.3834 6.5135
3.3575 33.7847 110.7795 -6.2798 35.4024 6.5099
3.3575 33.7646 110.779 -6.2766 35.4228 6.506
3.3575 33.7431 110.7786 -6.2733 35.4446 6.5019
3.3575 33.7202 110.7781 -6.2697 35.4678 6.4975
3.3575 33.696 110.7776 -6.2659 35.4925 6.4928
3.3575 33.6703 110.777 -6.2619 35.5185 6.4879
3.3575 33.6433 110.7764 -6.2577 35.546 6.4827
3.3575 33.615 110.7757 -6.2532 35.5749 6.4773
3.3575 33.5852 110.775 -6.2486 35.6052 6.4716
3.3575 33.5541 110.7742 -6.2437 35.6369 6.4656
3.3575 33.5216 110.7733 -6.2387 35.67 6.4594
3.3575 33.4877 110.7724 -6.2334 35.7046 6.4529
3.3575 33.4525 110.7714 -6.228 35.7406 6.4462
3.3575 33.4159 110.7703 -6.2223 35.778 6.4392
3.3575 33.378 110.7692 -6.2164 35.8169 6.432
3.3575 33.3387 110.768 -6.2103 35.8571 6.4245
3.3575 33.298 110.7667 -6.2041 35.8989 6.4167
3.3575 33.256 110.7653 -6.1976 35.942 6.4088
3.3575 33.2126 110.7639 -6.1909 35.9866 6.4005
3.3575 33.1679 110.7623 -6.1841 36.0326 6.392
3.3575 33.1218 110.7606 -6.177 36.0801 6.3833
3.3575 33.0744 110.7589 -6.1698 36.129 6.3743
3.3575 33.0256 110.757 -6.1623 36.1793 6.3651
3.3575 32.9755 110.755 -6.1547 36.2311 6.3556
3.3575 32.9241 110.7529 -6.1469 36.2844 6.3459
3.3575 32.8713 110.7506 -6.1388 36.3391 6.336
3.3575 32.8172 110.7482 -6.1306 36.3952 6.3258
3.3575 32.7627 110.7458 -6.1224 36.4519 6.3156
3.3575 32.7087 110.7434 -6.1142 36.508 6.3054
3.3575 32.6551 110.741 -6.1061 36.5636 6.2953
3.3575 32.6021 110.7387 -6.0981 36.6186 6.2854
3.3575 32.5496 110.7363 -6.0901 36.6732 6.2755
3.3575 32.4975 110.734 -6.0823 36.7272 6.2657
3.3575 32.446 110.7317 -6.0745 36.7808 6.256
3.3575 32.395 110.7294 -6.0667 36.8338 6.2464
3.3575 32.3444 110.7272 -6.0591 36.8863 6.2369
3.3575 32.2944 110.7249 -6.0515 36.9382 6.2275
3.3575 32.2448 110.7227 -6.044 36.9897 6.2182
3.3575 32.1958 110.7205 -6.0366 37.0406 6.209
3.3575 32.1473 110.7184 -6.0293 37.0911 6.1999
3.3575 32.0992 110.7162 -6.022 37.141 6.1908
3.3575 32.0517 110.7141 -6.0148 37.1903 6.1819
3.3575 32.0046 110.712 -6.0077 37.2392 6.173
3.3575 31.958 110.7099 -6.0006 37.2876 6.1643
3.3575 31.912 110.7079 -5.9937 37.3354 6.1556
3.3575 31.8664 110.7059 -5.9868 37.3827 6.1471
3.3575 31.8214 110.7038 -5.9799 37.4295 6.1386
3.3575 31.7768 110.7019 -5.9732 37.4758 6.1302
3.3575 31.7327 110.6999 -5.9665 37.5216 6.1219
3.3575 31.6892 110.698 -5.9599 37.5668 6.1137
3.3575 31.6461 110.696 -5.9534 37.6115 6.1056
3.3575 31.6035 110.6941 -5.947 37.6558 6.0976
3.3575 31.5615 110.6923 -5.9406 37.6995 6.0897
3.3575 31.5199 110.6904 -5.9343 37.7426 6.0819
3.3575 31.4788 110.6886 -5.9281 37.7853 6.0742
3.3575 31.4382 110.6868 -5.922 37.8275 6.0665
3.3575 31.3981 110.685 -5.9159 37.8691 6.059
3.3575 31.3586 110.6832 -5.9099 37.9102 6.0516
3.3575 31.3195 110.6815 -5.904 37.9508 6.0442
3.3575 31.2809 110.6798 -5.8981 37.9909 6.037
3.3575 31.2428 110.6781 -5.8924 38.0304 6.0298
3.3575 31.2052 110.6764 -5.8867 38.0695 6.0227
3.3575 31.1681 110.6747 -5.8811 38.108 6.0158
3.3575 31.1315 110.6731 -5.8755 38.146 6.0089
3.3575 31.0954 110.6715 -5.8701 38.1835 6.0021
3.3575 31.0598 110.6699 -5.8647 38.2205 5.9954
3.3575 31.0247 110.6683 -5.8594 38.2569 5.9888
3.3575 30.9901 110.6668 -5.8541 38.2929 5.9823
3.3575 30.956 110.6653 -5.849 38.3283 5.9759
3.3575 30.9224 110.6638 -5.8439 38.3632 5.9696
3.3575 30.8893 110.6623 -5.8389 38.3976 5.9633
3.3575 30.8567 110.6608 -5.8339 38.4315 5.9572
3.3575 30.8246 110.6594 -5.8291 38.4648 5.9512
3.3575 30.7929 110.658 -5.8243 38.4977 5.9452
3.3575 30.7618 110.6566 -5.8196 38.53 5.9394
3.3575 30.7312 110.6552 -5.815 38.5618 5.9336
3.3575 30.7011 110.6539 -5.8104 38.5931 5.928
3.3575 30.6714 110.6526 -5.8059 38.6238 5.9224
3.3575 30.6423 110.6513 -5.8015 38.6541 5.9169
3.3575 30.6137 110.65 -5.7972 38.6838 5.9115
3.3575 30.5856 110.6488 -5.7929 38.7131 5.9062
3.3575 30.5579 110.6475 -5.7887 38.7418 5.901
3.3575 30.5308 110.6463 -5.7846 38.7699 5.8959
3.3575 30.5041 110.6451 -5.7806 38.7976 5.8909
3.3575 30.478 110.644 -5.7766 38.8248 5.886
3.3575 30.4524 110.6428 -5.7728 38.8514 5.8812
3.3575 30.4272 110.6417 -5.7689 38.8775 5.8765
3.3575 30.4026 110.6406 -5.7652 38.9031 5.8718
3.3575 30.3784 110.6395 -5.7616 38.9282 5.8673
3.3575 30.3548 110.6385 -5.758 38.9527 5.8628
3.3575 30.3316 110.6374 -5.7545 38.9768 5.8585
3.3575 30.309 110.6364 -5.7511 39.0003 5.8542
3.3575 30.2868 110.6354 -5.7477 39.0233 5.8501
3.3575 30.2651 110.6345 -5.7444 39.0458 5.846
3.3575 30.244 110.6335 -5.7412 39.0678 5.842
3.3575 30.2233 110.6326 -5.7381 39.0893 5.8381
3.3575 30.2032 110.6317 -5.735 39.1102 5.8343
3.3575 30.1835 110.6308 -5.7321 39.1306 5.8306
3.3575 30.1643 110.63 -5.7292 39.1505 5.827
3.3575 30.1456 110.6291 -5.7263 39.1699 5.8235
3.3575 30.1275 110.6283 -5.7236 39.1888 5.8201
3.3575 30.1098 110.6275 -5.7209 39.2072 5.8168
3.3575 30.0926 110.6268 -5.7183 39.225 5.8136
3.3575 30.0759 110.626 -5.7158 39.2423 5.8104
3.3575 30.0598 110.6253 -5.7133 39.2591 5.8074
3.3575 30.0441 110.6246 -5.711 39.2754 5.8044
3.3575 30.0289 110.6239 -5.7087 39.2912 5.8016
3.3575 30.0142 110.6233 -5.7064 39.3065 5.7988
3.3575 30 110.6226 -5.7043 39.3212 5.7961
3.3575 29.9863 110.622 -5.7022 39.3354 5.7936
3.3575 29.9731 110.6214 -5.7002 39.3491 5.7911
3.3575 29.9604 110.6209 -5.6983 39.3623 5.7887
3.3575 29.9482 110.6203 -5.6965 39.375 5.7864
3.3575 29.9365 110.6198 -5.6947 39.3871 5.7842
3.3575 29.9253 110.6193 -5.693 39.3988 5.7821
3.3575 29.9146 110.6188 -5.6914 39.4099 5.7801
3.3575 29.9044 110.6184 -5.6898 39.4205 5.7782
3.3575 29.8947 110.618 -5.6884 39.4306 5.7763
3.3575 29.8855 110.6175 -5.687 39.4401 5.7746
3.3575 29.8768 110.6172 -5.6856 39.4492 5.773
3.3575 29.8686 110.6168 -5.6844 39.4577 5.7714
3.3575 29.8608 110.6164 -5.6832 39.4657 5.77
3.3575 29.8536 110.6161 -5.6821 39.4732 5.7686
3.3575 29.8469 110.6158 -5.6811 39.4802 5.7674
3.3575 29.8407 110.6155 -5.6802 39.4867 5.7662
3.3575 29.8349 110.6153 -5.6793 39.4926 5.7651
3.3575 29.8297 110.6151 -5.6785 39.4981 5.7641
3.3575 29.825 110.6148 -5.6778 39.503 5.7632
3.3575 29.8208 110.6147 -5.6772 39.5074 5.7624
3.3575 29.817 110.6145 -5.6766 39.5113 5.7617
3.3575 29.8138 110.6143 -5.6761 39.5146 5.7611
3.3575 29.811 110.6142 -5.6757 39.5175 5.7606
3.3575 29.8088 110.6141 -5.6754 39.5198 5.7602
3.3575 29.8071 110.614 -5.6751 39.5216 5.7599
3.3575 29.8058 110.614 -5.6749 39.5229 5.7596
3.3575 29.8051 110.614 -5.6748 39.5237 5.7595
3.3575 29.8048 110.6139 -5.6748 39.5239 5.7594
3.3575 29.8051 110.614 -5.6748 39.5237 5.7595
3.3575 29.8058 110.614 -5.6749 39.5229 5.7596
3.3575 29.8071 110.614 -5.6751 39.5216 5.7599
3.3575 29.8088 110.6141 -5.6754 39.5198 5.7602
3.3575 29.811 110.6142 -5.6757 39.5175 5.7606
3.3575 29.8138 110.6143 -5.6761 39.5146 5.7611
3.3575 29.817 110.6145 -5.6766 39.5113 5.7617
3.3575 29.8208 110.6147 -5.6772 39.5074 5.7624
3.3575 29.825 110.6148 -5.6778 39.503 5.7632
3.3575 29.8297 110.6151 -5.6785 39.4981 5.7641
3.3575 29.8349 110.6153 -5.6793 39.4926 5.7651
3.3575 29.8407 110.6155 -5.6802 39.4867 5.7662
3.3575 29.8469 110.6158 -5.6811 39.4802 5.7674
3.3575 29.8536 110.6161 -5.6821 39.4732 5.7686
3.3575 29.8608 110.6164 -5.6832 39.4657 5.77
3.3575 29.8686 110.6168 -5.6844 39.4577 5.7714
3.3575 29.8768 110.6172 -5.6856 39.4492 5.773
3.3575 29.8855 110.6175 -5.687 39.4401 5.7746
3.3575 29.8947 110.618 -5.6884 39.4306 5.7763
3.3575 29.9044 110.6184 -5.6898 39.4205 5.7782
3.3575 29.9146 110.6188 -5.6914 39.4099 5.7801
3.3575 29.9253 110.6193 -5.693 39.3988 5.7821
3.3575 29.9365 110.6198 -5.6947 39.3871 5.7842
3.3575 29.9482 110.6203 -5.6965 39.375 5.7864
3.3575 29.9604 110.6209 -5.6983 39.3623 5.7887
3.3575 29.9731 110.6214 -5.7002 39.3491 5.7911
3.3575 29.9863 110.622 -5.7022 39.3354 5.7936
3.3575 30 110.6226 -5.7043 39.3212 5.7961
3.3575 30.0142 110.6233 -5.7064 39.3065 5.7988
3.3575 30.0289 110.6239 -5.7087 39.2912 5.8016
3.3575 30.0441 110.6246 -5.711 39.2754 5.8044
3.3575 30.0598 110.6253 -5.7133 39.2591 5.8074
3.3575 30.0759 110.626 -5.7158 39.2423 5.8104
3.3575 30.0926 110.6268 -5.7183 39.225 5.8136
3.3575 30.1098 110.6275 -5.7209 39.2072 5.8168
3.3575 30.1275 110.6283 -5.7236 39.1888 5.8201
3.3575 30.1456 110.6291 -5.7263 39.1699 5.8235
3.3575 30.1643 110.63 -5.7292 39.1505 5.827
3.3575 30.1835 110.6308 -5.7321 39.1306 5.8306
3.3575 30.2032 110.6317 -5.735 39.1102 5.8343
3.3575 30.2233 110.6326 -5.7381 39.0893 5.8381
3.3575 30.244 110.6335 -5.7412 39.0678 5.842
3.3575 30.2651 110.6345 -5.7444 39.0458 5.846
3.3575 30.2868 110.6354 -5.7477 39.0233 5.8501
3.3575 30.309 110.6364 -5.7511 39.0003 5.8542
3.3575 30.3316 110.6374 -5.7545 38.9768 5.8585
3.3575 30.3548 110.6385 -5.758 38.9527 5.8628
3.3575 30.3784 110.6395 -5.7616 38.9282 5.8673
3.3575 30.4026 110.6406 -5.7652 38.9031 5.8718
3.3575 30.4272 110.6417 -5.7689 38.8775 5.8765
3.3575 30.4524 110.6428 -5.7728 38.8514 5.8812
3.3575 30.478 110.644 -5.7766 38.8248 5.886
3.3575 30.5041 110.6451 -5.7806 38.7976 5.8909
3.3575 30.5308 110.6463 -5.7846 38.7699 5.8959
3.3575 30.5579 110.6475 -5.7887 38.7418 5.901
3.3575 30.5856 110.6488 -5.7929 38.7131 5.9062
3.3575 30.6137 110.65 -5.7972 38.6838 5.9115
3.3575 30.6423 110.6513 -5.8015 38.6541 5.9169
3.3575 30.6714 110.6526 -5.8059 38.6238 5.9224
3.3575 30.7011 110.6539 -5.8104 38.5931 5.928
3.3575 30.7312 110.6552 -5.815 38.5618 5.9336
3.3575 30.7618 110.6566 -5.8196 38.53 5.9394
3.3575 30.7929 110.658 -5.8243 38.4977 5.9452
3.3575 30.8246 110.6594 -5.8291 38.4648 5.9512
3.3575 30.8567 110.6608 -5.8339 38.4315 5.9572
3.3575 30.8893 110.6623 -5.8389 38.3976 5.9633
3.3575 30.9224 110.6638 -5.8439 38.3632 5.9696
3.3575 30.956 110.6653 -5.849 38.3283 5.9759
3.3575 30.9901 110.6668 -5.8541 38.2929 5.9823
3.3575 31.0247 110.6683 -5.8594 38.2569 5.9888
3.3575 31.0598 110.6699 -5.8647 38.2205 5.9954
3.3575 31.0954 110.6715 -5.8701 38.1835 6.0021
3.3575 31.1315 110.6731 -5.8755 38.146 6.0089
3.3575 31.1681 110.6747 -5.8811 38.108 6.0158
3.3575 31.2052 110.6764 -5.8867 38.0695 6.0227
3.3575 31.2428 110.6781 -5.8924 38.0304 6.0298
3.3575 31.2809 110.6798 -5.8981 37.9909 6.037
3.3575 31.3195 110.6815 -5.904 37.9508 6.0442
3.3575 31.3586 110.6832 -5.9099 37.9102 6.0516
3.3575 31.3981 110.685 -5.9159 37.8691 6.059
3.3575 31.4382 110.6868 -5.922 37.8275 6.0665
3.3575 31.4788 110.6886 -5.9281 37.7853 6.0742
3.3575 31.5199 110.6904 -5.9343 37.7426 6.0819
3.3575 31.5615 110.6923 -5.9406 37.6995 6.0897
3.3575 31.6035 110.6941 -5.947 37.6558 6.0976
3.3575 31.6461 110.696 -5.9534 37.6115 6.1056
3.3575 31.6892 110.698 -5.9599 37.5668 6.1137
3.3575 31.7327 110.6999 -5.9665 37.5216 6.1219
3.3575 31.7768 110.7019 -5.9732 37.4758 6.1302
3.3575 31.8214 110.7038 -5.9799 37.4295 6.1386
3.3575 31.8664 110.7059 -5.9868 37.3827 6.1471
3.3575 31.912 110.7079 -5.9937 37.3354 6.1556
3.3575 31.958 110.7099 -6.0006 37.2876 6.1643
3.3575 32.0046 110.712 -6.0077 37.2392 6.173
3.3575 32.0517 110.7141 -6.0148 37.1903 6.1819
3.3575 32.0992 110.7162 -6.022 37.141 6.1908
3.3575 32.1473 110.7184 -6.0293 37.0911 6.1999
3.3575 32.1958 110.7205 -6.0366 37.0406 6.209
3.3575 32.2448 110.7227 -6.044 36.9897 6.2182
3.3575 32.2944 110.7249 -6.0515 36.9382 6.2275
3.3575 32.3444 110.7272 -6.0591 36.8863 6.2369
3.3575 32.395 110.7294 -6.0667 36.8338 6.2464
3.3575 32.446 110.7317 -6.0745 36.7808 6.256
3.3575 32.4975 110.734 -6.0823 36.7272 6.2657
3.3575 32.5496 110.7363 -6.0901 36.6732 6.2755
3.3575 32.6021 110.7387 -6.0981 36.6186 6.2854
3.3575 32.6551 110.741 -6.1061 36.5636 6.2953
3.3575 32.7087 110.7434 -6.1142 36.508 6.3054
3.3575 32.7627 110.7458 -6.1224 36.4519 6.3156
3.3575 32.8172 110.7482 -6.1306 36.3952 6.3258
3.3575 32.8713 110.7506 -6.1388 36.3391 6.336
3.3575 32.9241 110.7529 -6.1469 36.2844 6.3459
3.3575 32.9755 110.755 -6.1547 36.2311 6.3556
3.3575 33.0256 110.757 -6.1623 36.1793 6.3651
3.3575 33.0744 110.7589 -6.1698 36.129 6.3743
3.3575 33.1218 110.7606 -6.177 36.0801 6.3833
3.3575 33.1679 110.7623 -6.1841 36.0326 6.392
3.3575 33.2126 110.7639 -6.1909 35.9866 6.4005
3.3575 33.256 110.7653 -6.1976 35.942 6.4088
3.3575 33.298 110.7667 -6.2041 35.8989 6.4167
3.3575 33.3387 110.768 -6.2103 35.8571 6.4245
3.3575 33.378 110.7692 -6.2164 35.8169 6.432
3.3575 33.4159 110.7703 -6.2223 35.778 6.4392
3.3575 33.4525 110.7714 -6.228 35.7406 6.4462
3.3575 33.4877 110.7724 -6.2334 35.7046 6.4529
3.3575 33.5216 110.7733 -6.2387 35.67 6.4594
3.3575 33.5541 110.7742 -6.2437 35.6369 6.4656
3.3575 33.5852 110.775 -6.2486 35.6052 6.4716
3.3575 33.615 110.7757 -6.2532 35.5749 6.4773
3.3575 33.6433 110.7764 -6.2577 35.546 6.4827
3.3575 33.6703 110.777 -6.2619 35.5185 6.4879
3.3575 33.696 110.7776 -6.2659 35.4925 6.4928
3.3575 33.7202 110.7781 -6.2697 35.4678 6.4975
3.3575 33.7431 110.7786 -6.2733 35.4446 6.5019
3.3575 33.7646 110.779 -6.2766 35.4228 6.506
3.3575 33.7847 110.7795 -6.2798 35.4024 6.5099
3.3575 33.8034 110.7798 -6.2827 35.3834 6.5135
3.3575 33.8207 110.7802 -6.2854 35.3659 6.5169
3.3575 33.8367 110.7805 -6.288 35.3497 6.5199
3.3575 33.8513 110.7807 -6.2903 35.3349 6.5227
3.3575 33.8645 110.781 -6.2923 35.3216 6.5253
3.3575 33.8763 110.7812 -6.2942 35.3096 6.5276
3.3575 33.8867 110.7814 -6.2958 35.2991 6.5296
3.3575 33.8957 110.7815 -6.2972 35.29 6.5313
3.3575 33.9034 110.7817 -6.2985 35.2823 6.5328
3.3575 33.9096 110.7818 -6.2994 35.2759 6.534
3.3575 33.9145 110.7819 -6.3002 35.271 6.5349
3.3575 33.9179 110.7819 -6.3008 35.2675 6.5356
3.3575 33.92 110.7819 -6.3011 35.2654 6.536
3.3575 33.9207 110.782 -6.3012 35.2647 6.5362
3.3575 33.92 110.7819 -6.3011 35.2654 6.536
3.3575 33.9179 110.7819 -6.3008 35.2675 6.5356
3.3575 33.9145 110.7819 -6.3002 35.271 6.5349
3.3575 33.9096 110.7818 -6.2994 35.2759 6.534
3.3575 33.9034 110.7817 -6.2985 35.2823 6.5328
3.3575 33.8957 110.7815 -6.2972 35.29 6.5313
3.3575 33.8867 110.7814 -6.2958 35.2991 6.5296
3.3575 33.8763 110.7812 -6.2942 35.3096 6.5276
3.3575 33.8645 110.781 -6.2923 35.3216 6.5253
3.3575 33.8513 110.7807 -6.2903 35.3349 6.5227
3.3575 33.8367 110.7805 -6.288 35.3497 6.5199
3.3575 33.8207 110.7802 -6.2854 35.3659 6.5169
3.3575 33.8034 110.7798 -6.2827 35.3834 6.5135
3.3575 33.7847 110.7795 -6.2798 35.4024 6.5099
3.3575 33.7646 110.779 -6.2766 35.4228 6.506
3.3575 33.7431 110.7786 -6.2733 35.4446 6.5019
3.3575 33.7202 110.7781 -6.2697 35.4678 6.4975
3.3575 33.696 110.7776 -6.2659 35.4925 6.4928
3.3575 33.6703 110.777 -6.2619 35.5185 6.4879
3.3575 33.6433 110.7764 -6.2577 35.546 6.4827
3.3575 33.615 110.7757 -6.2532 35.5749 6.4773
3.3575 33.5852 110.775 -6.2486 35.6052 6.4716
3.3575 33.5541 110.7742 -6.2437 35.6369 6.4656
3.3575 33.5216 110.7733 -6.2387 35.67 6.4594
3.3575 33.4877 110.7724 -6.2334 35.7046 6.4529
3.3575 33.4525 110.7714 -6.228 35.7406 6.4462
3.3575 33.4159 110.7703 -6.2223 35.778 6.4392
3.3575 33.378 110.7692 -6.2164 35.8169 6.432
3.3575 33.3387 110.768 -6.2103 35.8571 6.4245
3.3575 33.298 110.7667 -6.2041 35.8989 6.4167
3.3575 33.256 110.7653 -6.1976 35.942 6.4088
3.3575 33.2126 110.7639 -6.1909 35.9866 6.4005
3.3575 33.1679 110.7623 -6.1841 36.0326 6.392
3.3575 33.1218 110.7606 -6.177 36.0801 6.3833
3.3575 33.0744 110.7589 -6.1698 36.129 6.3743
3.3575 33.0256 110.757 -6.1623 36.1793 6.3651
3.3575 32.9755 110.755 -6.1547 36.2311 6.3556
3.3575 32.9241 110.7529 -6.1469 36.2844 6.3459
3.3575 32.8713 110.7506 -6.1388 36.3391 6.336
3.3575 32.8172 110.7482 -6.1306 36.3952 6.3258
3.3576 32.7627 110.7458 -6.1217 36.4519 6.3151
3.3579 32.7087 110.7433 -6.1115 36.508 6.3037
3.3584 32.6552 110.7409 -6.1 36.5635 6.2916
3.3591 32.6022 110.7384 -6.0873 36.6186 6.2788
3.36 32.5498 110.7359 -6.0734 36.6731 6.2652
3.3611 32.4979 110.7334 -6.0582 36.7271 6.2509
3.3624 32.4464 110.7309 -6.0418 36.7806 6.236
3.3639 32.3955 110.7284 -6.0241 36.8336 6.2203
3.3656 32.3451 110.7259 -6.0053 36.886 6.204
3.3675 32.2953 110.7234 -5.9854 36.9379 6.187
3.3696 32.2459 110.7209 -5.9642 36.9893 6.1693
3.3718 32.197 110.7184 -5.9419 37.0402 6.1509
3.3742 32.1487 110.7158 -5.9184 37.0905 6.1319
3.3769 32.1009 110.7133 -5.8938 37.1403 6.1122
3.3797 32.0536 110.7108 -5.8681 37.1896 6.0919
3.3826 32.0068 110.7082 -5.8413 37.2384 6.0709
3.3858 31.9605 110.7056 -5.8133 37.2866 6.0493
3.3891 31.9147 110.7031 -5.7843 37.3344 6.0271
3.3926 31.8695 110.7005 -5.7542 37.3816 6.0043
3.3963 31.8247 110.698 -5.7231 37.4283 5.9808
3.4002 31.7805 110.6954 -5.6908 37.4744 5.9568
3.4042 31.7368 110.6928 -5.6576 37.5201 5.9321
3.4083 31.6936 110.6902 -5.6233 37.5652 5.9069
3.4127 31.6509 110.6877 -5.588 37.6098 5.881
3.4172 31.6087 110.6851 -5.5517 37.6538 5.8546
3.4218 31.567 110.6825 -5.5144 37.6974 5.8276
3.4267 31.5259 110.6799 -5.4761 37.7404 5.8001
3.4316 31.4852 110.6773 -5.4368 37.7829 5.772
3.4368 31.4451 110.6748 -5.3966 37.8249 5.7433
3.4421 31.4055 110.6722 -5.3555 37.8663 5.7141
3.4475 31.3663 110.6696 -5.3134 37.9073 5.6844
3.4531 31.3277 110.667 -5.2703 37.9477 5.6541
3.4588 31.2896 110.6644 -5.2264 37.9876 5.6233
3.4647 31.2521 110.6618 -5.1816 38.027 5.592
3.4707 31.215 110.6592 -5.1358 38.0658 5.5602
3.4768 31.1784 110.6566 -5.0892 38.1041 5.5279
3.4831 31.1424 110.6541 -5.0418 38.142 5.4951
3.4896 31.1068 110.6515 -4.9934 38.1792 5.4617
3.4961 31.0718 110.6489 -4.9443 38.216 5.4279
3.5028 31.0373 110.6463 -4.8943 38.2522 5.3937
3.5097 31.0032 110.6437 -4.8435 38.288 5.3589
3.5166 30.9697 110.6412 -4.7918 38.3232 5.3237
3.5237 30.9367 110.6386 -4.7394 38.3579 5.288
3.5309 30.9042 110.636 -4.6862 38.392 5.2519
3.5383 30.8723 110.6334 -4.6322 38.4257 5.2153
3.5457 30.8408 110.6309 -4.5775 38.4588 5.1783
3.5533 30.8098 110.6283 -4.522 38.4914 5.1409
3.561 30.7794 110.6258 -4.4658 38.5234 5.103
3.5688 30.7494 110.6232 -4.4088 38.555 5.0648
3.5768 30.72 110.6207 -4.3512 38.586 5.0261
3.5848 30.691 110.6181 -4.2928 38.6166 4.987
3.593 30.6626 110.6156 -4.2338 38.6465 4.9475
3.6012 30.6347 110.6131 -4.174 38.676 4.9077
3.6096 30.6073 110.6105 -4.1136 38.705 4.8674
3.6181 30.5804 110.608 -4.0526 38.7334 4.8268
3.6267 30.554 110.6055 -3.9909 38.7613 4.7858
3.6354 30.5281 110.603 -3.9286 38.7887 4.7444
3.6441 30.5027 110.6005 -3.8656 38.8156 4.7027
3.653 30.4778 110.598 -3.8021 38.8419 4.6606
3.662 30.4534 110.5956 -3.7379 38.8678 4.6182
3.6711 30.4295 110.5931 -3.6732 38.8931 4.5754
3.6802 30.4062 110.5906 -3.6079 38.9179 4.5324
3.6895 30.3833 110.5882 -3.542 38.9422 4.489
3.6988 30.361 110.5857 -3.4756 38.9659 4.4452
3.7083 30.3391 110.5833 -3.4086 38.9892 4.4012
3.7178 30.3178 110.5808 -3.3411 39.0119 4.3569
3.7274 30.2969 110.5784 -3.2731 39.0341 4.3123
3.737 30.2766 110.576 -3.2046 39.0557 4.2673
3.7468 30.2567 110.5736 -3.1356 39.0769 4.2221
3.7566 30.2374 110.5712 -3.0662 39.0975 4.1767
3.7665 30.2186 110.5688 -2.9962 39.1177 4.1309
3.7765 30.2003 110.5665 -2.9258 39.1373 4.0849
3.7866 30.1824 110.5641 -2.855 39.1563 4.0387
3.7967 30.1651 110.5618 -2.7837 39.1749 3.9922
3.8069 30.1483 110.5594 -2.712 39.193 3.9454
3.8171 30.132 110.5571 -2.6399 39.2105 3.8984
3.8274 30.1162 110.5548 -2.5674 39.2275 3.8512
3.8378 30.1009 110.5525 -2.4945 39.244 3.8038
3.8483 30.0861 110.5502 -2.4213 39.2599 3.7561
3.8588 30.0718 110.548 -2.3477 39.2754 3.7083
3.8693 30.058 110.5457 -2.2737 39.2903 3.6602
3.8799 30.0447 110.5435 -2.1994 39.3047 3.612
3.8906 30.0319 110.5413 -2.1247 39.3186 3.5635
3.9013 30.0196 110.539 -2.0498 39.332 3.5149
3.9121 30.0079 110.5368 -1.9745 39.3449 3.4661
3.9229 29.9966 110.5347 -1.899 39.3572 3.4171
3.9337 29.9858 110.5325 -1.8231 39.369 3.368
3.9446 29.9755 110.5303 -1.747 39.3803 3.3187
3.9556 29.9657 110.5282 -1.6707 39.3911 3.2693
3.9665 29.9564 110.5261 -1.5941 39.4014 3.2197
3.9776 29.9476 110.524 -1.5172 39.4112 3.17
3.9886 29.9394 110.5219 -1.4402 39.4204 3.1202
3.9997 29.9316 110.5198 -1.3629 39.4291 3.0703
4.0108 29.9243 110.5178 -1.2854 39.4373 3.0202
4.022 29.9175 110.5158 -1.2078 39.445 2.97
4.0331 29.9112 110.5137 -1.1299 39.4522 2.9198
4.0443 29.9055 110.5117 -1.0519 39.4588 2.8694
4.0556 29.9002 110.5098 -0.9738 39.4649 2.8189
4.0668 29.8954 110.5078 -0.8955 39.4705 2.7684
4.0781 29.8911 110.5059 -0.8171 39.4756 2.7178
4.0894 29.8873 110.5039 -0.7386 39.4802 2.6671
4.1007 29.884 110.502 -0.6599 39.4843 2.6164
4.112 29.8812 110.5002 -0.5812 39.4878 2.5656
4.1233 29.8789 110.4983 -0.5024 39.4909 2.5148
4.1347 29.8772 110.4964 -0.4235 39.4934 2.4639
4.146 29.8759 110.4946 -0.3446 39.4954 2.413
4.1574 29.8751 110.4928 -0.2656 39.4968 2.3621
4.1688 29.8748 110.491 -0.1866 39.4978 2.3111
4.1801 29.875 110.4893 -0.1075 39.4983 2.2602
4.1915 29.8757 110.4876 -0.0285 39.4982 2.2092
4.2029 29.8768 110.4858 0.0506 39.4976 2.1582
4.2142 29.8785 110.4842 0.1296 39.4965 2.1073
4.2256 29.8807 110.4825 0.2086 39.4949 2.0563
4.237 29.8834 110.4808 0.2876 39.4927 2.0054
4.2483 29.8866 110.4792 0.3665 39.4901 1.9545
4.2597 29.8903 110.4776 0.4454 39.4869 1.9036
4.271 29.8944 110.476 0.5242 39.4832 1.8528
4.2823 29.8991 110.4745 0.6029 39.479 1.802
4.2936 29.9043 110.473 0.6816 39.4743 1.7513
4.3049 29.9099 110.4715 0.7601 39.4691 1.7006
4.3162 29.9161 110.47 0.8385 39.4633 1.65
4.3274 29.9227 110.4685 0.9168 39.4571 1.5995
4.3387 29.9299 110.4671 0.9949 39.4503 1.5491
4.3499 29.9375 110.4657 1.0729 39.443 1.4987
4.361 29.9456 110.4644 1.1507 39.4352 1.4485
4.3722 29.9543 110.463 1.2283 39.4269 1.3983
4.3833 29.9634 110.4617 1.3058 39.418 1.3483
4.3944 29.973 110.4604 1.383 39.4087 1.2983
4.4054 29.9831 110.4591 1.4601 39.3988 1.2485
4.4165 29.9937 110.4579 1.5369 39.3884 1.1989
4.4274 30.0048 110.4567 1.6135 39.3775 1.1493
4.4384 30.0164 110.4555 1.6898 39.3661 1.0999
4.4493 30.0285 110.4544 1.7659 39.3542 1.0507
4.4601 30.0411 110.4532 1.8417 39.3417 1.0016
4.4709 30.0542 110.4521 1.9173 39.3288 0.9526
4.4817 30.0677 110.4511 1.9925 39.3153 0.9039
4.4924 30.0818 110.45 2.0674 39.3013 0.8553
4.5031 30.0963 110.449 2.142 39.2868 0.8069
4.5137 30.1114 110.448 2.2163 39.2718 0.7586
4.5242 30.1269 110.4471 2.2903 39.2562 0.7106
4.5347 30.1429 110.4462 2.3639 39.2402 0.6628
4.5452 30.1594 110.4453 2.4371 39.2236 0.6152
4.5556 30.1765 110.4445 2.51 39.2066 0.5678
4.5659 30.194 110.4436 2.5824 39.189 0.5206
4.5761 30.2119 110.4428 2.6545 39.1709 0.4737
4.5863 30.2304 110.4421 2.7262 39.1523 0.427
4.5964 30.2494 110.4414 2.7974 39.1331 0.3805
4.6065 30.2689 110.4407 2.8682 39.1135 0.3343
4.6165 30.2888 110.44 2.9386 39.0933 0.2883
4.6264 30.3093 110.4394 3.0085 39.0727 0.2426
4.6362 30.3302 110.4388 3.0779 39.0515 0.1972
4.646 30.3516 110.4382 3.1469 39.0298 0.152
4.6556 30.3736 110.4377 3.2154 39.0076 0.1072
4.6652 30.396 110.4372 3.2833 38.9848 0.0626
4.6747 30.4189 110.4368 3.3508 38.9616 0.0183
4.6842 30.4422 110.4363 3.4177 38.9378 -0.0256
4.6935 30.4661 110.436 3.4841 38.9136 -0.0693
4.7028 30.4905 110.4356 3.5499 38.8888 -0.1127
4.7119 30.5153 110.4353 3.6152 38.8635 -0.1557
4.721 30.5407 110.435 3.6798 38.8377 -0.1984
4.73 30.5665 110.4348 3.744 38.8114 -0.2407
4.7389 30.5928 110.4346 3.8075 38.7845 -0.2827
4.7476 30.6196 110.4344 3.8704 38.7572 -0.3244
4.7563 30.6469 110.4343 3.9326 38.7293 -0.3657
4.7649 30.6747 110.4342 3.9943 38.701 -0.4067
4.7734 30.703 110.4341 4.0553 38.6721 -0.4472
4.7818 30.7317 110.4341 4.1156 38.6427 -0.4874
4.79 30.761 110.4341 4.1753 38.6128 -0.5272
4.7982 30.7907 110.4342 4.2343 38.5824 -0.5666
4.8062 30.8209 110.4343 4.2926 38.5514 -0.6057
4.8142 30.8516 110.4344 4.3502 38.52 -0.6443
4.822 30.8828 110.4346 4.4071 38.4881 -0.6825
4.8297 30.9145 110.4348 4.4633 38.4556 -0.7203
4.8373 30.9467 110.4351 4.5187 38.4226 -0.7576
4.8447 30.9793 110.4354 4.5734 38.3891 -0.7945
4.8521 31.0125 110.4357 4.6273 38.3551 -0.831
4.8593 31.0461 110.4361 4.6805 38.3206 -0.8671
4.8664 31.0802 110.4365 4.7328 38.2856 -0.9027
4.8733 31.1148 110.437 4.7844 38.25 -0.9378
4.8802 31.1499 110.4375 4.8351 38.214 -0.9725
4.8869 31.1855 110.438 4.8851 38.1774 -1.0067
4.8934 31.2215 110.4386 4.9342 38.1403 -1.0404
4.8999 31.258 110.4393 4.9824 38.1028 -1.0736
4.9062 31.2951 110.4399 5.0298 38.0647 -1.1064
4.9123 31.3326 110.4407 5.0764 38.0261 -1.1386
4.9183 31.3706 110.4414 5.122 37.9869 -1.1703
4.9242 31.409 110.4422 5.1668 37.9473 -1.2016
4.9299 31.448 110.4431 5.2107 37.9072 -1.2323
4.9355 31.4874 110.444 5.2536 37.8665 -1.2624
4.9409 31.5274 110.4449 5.2957 37.8254 -1.2921
4.9462 31.5678 110.4459 5.3368 37.7837 -1.3212
4.9514 31.6087 110.4469 5.3769 37.7415 -1.3498
4.9563 31.65 110.448 5.4161 37.6988 -1.3778
4.9612 31.6919 110.4491 5.4543 37.6556 -1.4052
4.9658 31.7342 110.4503 5.4915 37.6119 -1.4321
4.9703 31.7771 110.4515 5.5278 37.5677 -1.4584
4.9747 31.8204 110.4528 5.563 37.5229 -1.4841
4.9788 31.8642 110.4541 5.5972 37.4777 -1.5093
4.9828 31.9084 110.4554 5.6304 37.4319 -1.5338
4.9867 31.9532 110.4568 5.6625 37.3856 -1.5578
4.9904 31.9984 110.4583 5.6936 37.3389 -1.5811
4.9939 32.0441 110.4598 5.7236 37.2916 -1.6039
4.9972 32.0903 110.4613 5.7525 37.2438 -1.626
5.0004 32.137 110.4629 5.7804 37.1955 -1.6475
5.0033 32.1842 110.4646 5.8071 37.1467 -1.6683
5.0061 32.2318 110.4662 5.8328 37.0973 -1.6885
5.0088 32.2799 110.468 5.8573 37.0475 -1.7081
5.0112 32.3285 110.4698 5.8807 36.9971 -1.727
5.0134 32.3776 110.4716 5.9029 36.9463 -1.7453
5.0155 32.4272 110.4735 5.924 36.8949 -1.7628
5.0174 32.4772 110.4755 5.9439 36.843 -1.7797
5.0191 32.5277 110.4774 5.9626 36.7907 -1.796
5.0206 32.5787 110.4795 5.9801 36.7378 -1.8115
5.0219 32.6302 110.4816 5.9964 36.6844 -1.8264
5.023 32.6822 110.4837 6.0115 36.6304 -1.8405
5.0239 32.7346 110.4859 6.0254 36.576 -1.8539
5.0246 32.7875 110.4882 6.038 36.5211 -1.8667
5.0251 32.8409 110.4905 6.0494 36.4656 -1.8787
5.0254 32.8948 110.4929 6.0595 36.4097 -1.89
5.0255 32.9492 110.4953 6.0683 36.3532 -1.9005
5.0255 33.0031 110.4976 6.0764 36.2973 -1.9105
5.0255 33.0557 110.4999 6.0843 36.2427 -1.9204
5.0255 33.107 110.502 6.0921 36.1896 -1.9299
5.0255 33.1569 110.504 6.0996 36.138 -1.9393
5.0255 33.2055 110.5059 6.107 36.0878 -1.9484
5.0255 33.2528 110.5076 6.1141 36.039 -1.9573
5.0255 33.2987 110.5093 6.1211 35.9917 -1.9659
5.0255 33.3433 110.5109 6.1279 35.9458 -1.9743
5.0255 33.3865 110.5123 6.1345 35.9014 -1.9824
5.0255 33.4284 110.5137 6.1409 35.8584 -1.9903
5.0255 33.469 110.515 6.1471 35.8168 -1.998
5.0255 33.5081 110.5162 6.1531 35.7766 -2.0054
5.0255 33.546 110.5173 6.1589 35.7379 -2.0125
5.0255 33.5824 110.5184 6.1645 35.7006 -2.0194
5.0255 33.6175 110.5194 6.1699 35.6647 -2.026
5.0255 33.6513 110.5203 6.1751 35.6302 -2.0324
5.0255 33.6837 110.5211 6.1801 35.5972 -2.0386
5.0255 33.7147 110.5219 6.1849 35.5656 -2.0445
5.0255 33.7444 110.5227 6.1895 35.5353 -2.0501
5.0255 33.7726 110.5233 6.1938 35.5065 -2.0555
5.0255 33.7996 110.524 6.198 35.4792 -2.0606
5.0255 33.8251 110.5246 6.202 35.4532 -2.0655
5.0255 33.8493 110.5251 6.2057 35.4286 -2.0701
5.0255 33.8721 110.5256 6.2093 35.4055 -2.0744
5.0255 33.8935 110.526 6.2126 35.3838 -2.0785
5.0255 33.9135 110.5264 6.2157 35.3634 -2.0823
5.0255 33.9322 110.5268 6.2186 35.3445 -2.0859
5.0255 33.9495 110.5271 6.2213 35.327 -2.0892
5.0255 33.9654 110.5274 6.2238 35.3109 -2.0922
5.0255 33.9799 110.5277 6.226 35.2961 -2.095
5.0255 33.9931 110.528 6.2281 35.2828 -2.0975
5.0255 34.0048 110.5282 6.2299 35.2709 -2.0998
5.0255 34.0152 110.5283 6.2316 35.2604 -2.1018
5.0255 34.0242 110.5285 6.233 35.2513 -2.1035
5.0255 34.0318 110.5286 6.2342 35.2436 -2.1049
5.0255 34.0381 110.5287 6.2351 35.2373 -2.1061
5.0255 34.0429 110.5288 6.2359 35.2324 -2.1071
5.0255 34.0464 110.5289 6.2364 35.2289 -2.1077
5.0255 34.0484 110.5289 6.2368 35.2268 -2.1081
5.0255 34.0491 110.5289 6.2369 35.2261 -2.1082
5.0255 34.0484 110.5289 6.2368 35.2268 -2.1081
5.0255 34.0464 110.5289 6.2364 35.2289 -2.1077
5.0255 34.0429 110.5288 6.2359 35.2324 -2.1071
5.0255 34.0381 110.5287 6.2351 35.2373 -2.1061
5.0255 34.0318 110.5286 6.2342 35.2436 -2.1049
5.0255 34.0242 110.5285 6.233 35.2513 -2.1035
5.0255 34.0152 110.5283 6.2316 35.2604 -2.1018
5.0255 34.0048 110.5282 6.2299 35.2709 -2.0998
5.0255 33.9931 110.528 6.2281 35.2828 -2.0975
5.0255 33.9799 110.5277 6.226 35.2961 -2.095
5.0255 33.9654 110.5274 6.2238 35.3109 -2.0922
5.0255 33.9495 110.5271 6.2213 35.327 -2.0892
5.0255 33.9322 110.5268 6.2186 35.3445 -2.0859
5.0255 33.9135 110.5264 6.2157 35.3634 -2.0823
5.0255 33.8935 110.526 6.2126 35.3838 -2.0785
5.0255 33.8721 110.5256 6.2093 35.4055 -2.0744
5.0255 33.8493 110.5251 6.2057 35.4286 -2.0701
5.0255 33.8251 110.5246 6.202 35.4532 -2.0655
5.0255 33.7996 110.524 6.198 35.4792 -2.0606
5.0255 33.7726 110.5233 6.1938 35.5065 -2.0555
5.0255 33.7444 110.5227 6.1895 35.5353 -2.0501
5.0255 33.7147 110.5219 6.1849 35.5656 -2.0445
5.0255 33.6837 110.5211 6.1801 35.5972 -2.0386
5.0255 33.6513 110.5203 6.1751 35.6302 -2.0324
5.0255 33.6175 110.5194 6.1699 35.6647 -2.026
5.0255 33.5824 110.5184 6.1645 35.7006 -2.0194
5.0255 33.546 110.5173 6.1589 35.7379 -2.0125
5.0255 33.5081 110.5162 6.1531 35.7766 -2.0054
5.0255 33.469 110.515 6.1471 35.8168 -1.998
5.0255 33.4284 110.5137 6.1409 35.8584 -1.9903
5.0255 33.3865 110.5123 6.1345 35.9014 -1.9824
5.0255 33.3433 110.5109 6.1279 35.9458 -1.9743
5.0255 33.2987 110.5093 6.1211 35.9917 -1.9659
5.0255 33.2528 110.5076 6.1141 36.039 -1.9573
5.0255 33.2055 110.5059 6.107 36.0878 -1.9484
5.0255 33.1569 110.504 6.0996 36.138 -1.9393
5.0255 33.107 110.502 6.0921 36.1896 -1.9299
5.0255 33.0557 110.4999 6.0843 36.2427 -1.9204
5.0255 33.0031 110.4976 6.0764 36.2973 -1.9105
5.0255 32.9492 110.4953 6.0683 36.3532 -1.9005
5.0255 32.8948 110.4928 6.0602 36.4097 -1.8904
5.0255 32.841 110.4904 6.0521 36.4656 -1.8803
5.0255 32.7876 110.4881 6.0441 36.5211 -1.8704
5.0255 32.7348 110.4857 6.0362 36.576 -1.8605
5.0255 32.6824 110.4834 6.0283 36.6304 -1.8508
5.0255 32.6305 110.481 6.0205 36.6842 -1.8411
5.0255 32.5792 110.4787 6.0128 36.7376 -1.8316
5.0255 32.5283 110.4765 6.0052 36.7904 -1.8221
5.0255 32.4779 110.4742 5.9976 36.8428 -1.8127
5.0255 32.428 110.472 5.9901 36.8946 -1.8034
5.0255 32.3787 110.4698 5.9827 36.9459 -1.7942
5.0255 32.3298 110.4676 5.9754 36.9967 -1.7851
5.0255 32.2814 110.4654 5.9681 37.0469 -1.7761
5.0255 32.2335 110.4633 5.9609 37.0967 -1.7672
5.0255 32.1861 110.4612 5.9538 37.1459 -1.7583
5.0255 32.1392 110.4591 5.9468 37.1947 -1.7496
5.0255 32.0928 110.457 5.9398 37.2429 -1.7409
5.0255 32.0469 110.455 5.9329 37.2905 -1.7324
5.0255 32.0015 110.4529 5.9261 37.3377 -1.7239
5.0255 31.9565 110.4509 5.9194 37.3844 -1.7156
5.0255 31.9121 110.449 5.9127 37.4305 -1.7073
5.0255 31.8682 110.447 5.9061 37.4762 -1.6991
5.0255 31.8248 110.4451 5.8996 37.5213 -1.691
5.0255 31.7818 110.4431 5.8932 37.5659 -1.683
5.0255 31.7394 110.4412 5.8868 37.6099 -1.6751
5.0255 31.6975 110.4394 5.8805 37.6535 -1.6673
5.0255 31.656 110.4375 5.8743 37.6966 -1.6596
5.0255 31.6151 110.4357 5.8682 37.7391 -1.6519
5.0255 31.5746 110.4339 5.8621 37.7811 -1.6444
5.0255 31.5347 110.4321 5.8561 37.8226 -1.637
5.0255 31.4952 110.4303 5.8502 37.8636 -1.6296
5.0255 31.4563 110.4286 5.8443 37.9041 -1.6224
5.0255 31.4178 110.4269 5.8386 37.944 -1.6152
5.0255 31.3798 110.4252 5.8329 37.9835 -1.6081
5.0255 31.3424 110.4235 5.8272 38.0224 -1.6011
5.0255 31.3054 110.4219 5.8217 38.0608 -1.5942
5.0255 31.2689 110.4202 5.8162 38.0987 -1.5874
5.0255 31.2329 110.4186 5.8108 38.1361 -1.5807
5.0255 31.1974 110.417 5.8055 38.1729 -1.5741
5.0255 31.1624 110.4155 5.8002 38.2093 -1.5676
5.0255 31.1279 110.4139 5.7951 38.2451 -1.5612
5.0255 31.094 110.4124 5.79 38.2804 -1.5549
5.0255 31.0605 110.4109 5.7849 38.3152 -1.5486
5.0255 31.0274 110.4094 5.78 38.3495 -1.5425
5.0255 30.9949 110.408 5.7751 38.3833 -1.5364
5.0255 30.9629 110.4066 5.7703 38.4166 -1.5304
5.0255 30.9314 110.4052 5.7656 38.4493 -1.5246
5.0255 30.9004 110.4038 5.7609 38.4815 -1.5188
5.0255 30.8699 110.4024 5.7563 38.5132 -1.5131
5.0255 30.8398 110.4011 5.7518 38.5444 -1.5075
5.0255 30.8103 110.3997 5.7474 38.5751 -1.502
5.0255 30.7813 110.3984 5.743 38.6053 -1.4966
5.0255 30.7527 110.3972 5.7388 38.6349 -1.4913
5.0255 30.7247 110.3959 5.7346 38.664 -1.4861
5.0255 30.6972 110.3947 5.7304 38.6926 -1.4809
5.0255 30.6701 110.3935 5.7264 38.7207 -1.4759
5.0255 30.6436 110.3923 5.7224 38.7483 -1.4709
5.0255 30.6175 110.3911 5.7185 38.7754 -1.4661
5.0255 30.5919 110.39 5.7146 38.8019 -1.4613
5.0255 30.5669 110.3889 5.7109 38.828 -1.4567
5.0255 30.5423 110.3878 5.7072 38.8535 -1.4521
5.0255 30.5182 110.3867 5.7036 38.8785 -1.4476
5.0255 30.4947 110.3856 5.7 38.903 -1.4432
5.0255 30.4716 110.3846 5.6966 38.927 -1.4389
5.0255 30.449 110.3836 5.6932 38.9504 -1.4347
5.0255 30.4269 110.3826 5.6899 38.9734 -1.4306
5.0255 30.4053 110.3817 5.6866 38.9958 -1.4266
5.0255 30.3842 110.3807 5.6835 39.0177 -1.4226
5.0255 30.3636 110.3798 5.6804 39.0391 -1.4188
5.0255 30.3435 110.3789 5.6774 39.06 -1.415
5.0255 30.3239 110.378 5.6744 39.0803 -1.4114
5.0255 30.3048 110.3772 5.6716 39.1002 -1.4078
5.0255 30.2862 110.3763 5.6688 39.1195 -1.4044
5.0255 30.2681 110.3755 5.666 39.1383 -1.401
5.0255 30.2505 110.3747 5.6634 39.1567 -1.3977
5.0255 30.2333 110.374 5.6608 39.1744 -1.3945
5.0255 30.2167 110.3732 5.6583 39.1917 -1.3914
5.0255 30.2006 110.3725 5.6559 39.2085 -1.3884
5.0255 30.185 110.3718 5.6536 39.2247 -1.3855
5.0255 30.1698 110.3711 5.6513 39.2404 -1.3827
5.0255 30.1552 110.3705 5.6491 39.2556 -1.38
5.0255 30.141 110.3699 5.647 39.2703 -1.3773
5.0255 30.1274 110.3692 5.6449 39.2845 -1.3748
5.0255 30.1142 110.3687 5.643 39.2982 -1.3723
5.0255 30.1016 110.3681 5.6411 39.3113 -1.37
5.0255 30.0894 110.3676 5.6392 39.324 -1.3677
5.0255 30.0778 110.367 5.6375 39.3361 -1.3655
5.0255 30.0666 110.3665 5.6358 39.3477 -1.3634
5.0255 30.0559 110.3661 5.6342 39.3588 -1.3615
5.0255 30.0457 110.3656 5.6327 39.3693 -1.3596
5.0255 30.0361 110.3652 5.6312 39.3794 -1.3578
5.0255 30.0269 110.3648 5.6298 39.3889 -1.3561
5.0255 30.0182 110.3644 5.6285 39.3979 -1.3544
5.0255 30.01 110.364 5.6273 39.4064 -1.3529
5.0255 30.0023 110.3637 5.6262 39.4144 -1.3515
5.0255 29.9951 110.3633 5.6251 39.4219 -1.3501
5.0255 29.9884 110.363 5.6241 39.4289 -1.3489
5.0255 29.9822 110.3628 5.6231 39.4353 -1.3477
5.0255 29.9765 110.3625 5.6223 39.4412 -1.3467
5.0255 29.9713 110.3623 5.6215 39.4467 -1.3457
5.0255 29.9666 110.3621 5.6208 39.4516 -1.3448
5.0255 29.9624 110.3619 5.6202 39.4559 -1.344
5.0255 29.9586 110.3617 5.6196 39.4598 -1.3433
5.0255 29.9554 110.3616 5.6191 39.4632 -1.3427
5.0255 29.9527 110.3614 5.6187 39.466 -1.3422
5.0255 29.9505 110.3613 5.6184 39.4683 -1.3418
5.0255 29.9487 110.3613 5.6181 39.4701 -1.3415
5.0255 29.9475 110.3612 5.6179 39.4714 -1.3413
5.0255 29.9467 110.3612 5.6178 39.4722 -1.3411
5.0255 29.9465 110.3612 5.6178 39.4724 -1.3411
5.0255 29.9467 110.3612 5.6178 39.4722 -1.3411
5.0255 29.9475 110.3612 5.6179 39.4714 -1.3413
5.0255 29.9487 110.3613 5.6181 39.4701 -1.3415
5.0255 29.9505 110.3613 5.6184 39.4683 -1.3418
5.0255 29.9527 110.3614 5.6187 39.466 -1.3422
5.0255 29.9554 110.3616 5.6191 39.4632 -1.3427
5.0255 29.9586 110.3617 5.6196 39.4598 -1.3433
5.0255 29.9624 110.3619 5.6202 39.4559 -1.344
5.0255 29.9666 110.3621 5.6208 39.4516 -1.3448
5.0255 29.9713 110.3623 5.6215 39.4467 -1.3457
5.0255 29.9765 110.3625 5.6223 39.4412 -1.3467
5.0255 29.9822 110.3628 5.6231 39.4353 -1.3477
5.0255 29.9884 110.363 5.6241 39.4289 -1.3489
5.0255 29.9951 110.3633 5.6251 39.4219 -1.3501
5.0255 30.0023 110.3637 5.6262 39.4144 -1.3515
5.0255 30.01 110.364 5.6273 39.4064 -1.3529
5.0255 30.0182 110.3644 5.6285 39.3979 -1.3544
5.0255 30.0269 110.3648 5.6298 39.3889 -1.3561
5.0255 30.0361 110.3652 5.6312 39.3794 -1.3578
5.0255 30.0457 110.3656 5.6327 39.3693 -1.3596
5.0255 30.0559 110.3661 5.6342 39.3588 -1.3615
5.0255 30.0666 110.3665 5.6358 39.3477 -1.3634
5.0255 30.0778 110.367 5.6375 39.3361 -1.3655
5.0255 30.0894 110.3676 5.6392 39.324 -1.3677
5.0255 30.1016 110.3681 5.6411 39.3113 -1.37
5.0255 30.1142 110.3687 5.643 39.2982 -1.3723
5.0255 30.1274 110.3692 5.6449 39.2845 -1.3748
5.0255 30.141 110.3699 5.647 39.2703 -1.3773
5.0255 30.1552 110.3705 5.6491 39.2556 -1.38
5.0255 30.1698 110.3711 5.6513 39.2404 -1.3827
5.0255 30.185 110.3718 5.6536 39.2247 -1.3855
5.0255 30.2006 110.3725 5.6559 39.2085 -1.3884
5.0255 30.2167 110.3732 5.6583 39.1917 -1.3914
5.0255 30.2333 110.374 5.6608 39.1744 -1.3945
5.0255 30.2505 110.3747 5.6634 39.1567 -1.3977
5.0255 30.2681 110.3755 5.666 39.1383 -1.401
5.0255 30.2862 110.3763 5.6688 39.1195 -1.4044
5.0255 30.3048 110.3772 5.6716 39.1002 -1.4078
5.0255 30.3239 110.378 5.6744 39.0803 -1.4114
5.0255 30.3435 110.3789 5.6774 39.06 -1.415
5.0255 30.3636 110.3798 5.6804 39.0391 -1.4188
5.0255 30.3842 110.3807 5.6835 39.0177 -1.4226
5.0255 30.4053 110.3817 5.6866 38.9958 -1.4266
5.0255 30.4269 110.3826 5.6899 38.9734 -1.4306
5.0255 30.449 110.3836 5.6932 38.9504 -1.4347
5.0255 30.4716 110.3846 5.6966 38.927 -1.4389
5.0255 30.4947 110.3856 5.7 38.903 -1.4432
5.0255 30.5182 110.3867 5.7036 38.8785 -1.4476
5.0255 30.5423 110.3878 5.7072 38.8535 -1.4521
5.0255 30.5669 110.3889 5.7109 38.828 -1.4567
5.0255 30.5919 110.39 5.7146 38.8019 -1.4613
5.0255 30.6175 110.3911 5.7185 38.7754 -1.4661
5.0255 30.6436 110.3923 5.7224 38.7483 -1.4709
5.0255 30.6701 110.3935 5.7264 38.7207 -1.4759
5.0255 30.6972 110.3947 5.7304 38.6926 -1.4809
5.0255 30.7247 110.3959 5.7346 38.664 -1.4861
5.0255 30.7527 110.3972 5.7388 38.6349 -1.4913
5.0255 30.7813 110.3984 5.743 38.6053 -1.4966
5.0255 30.8103 110.3997 5.7474 38.5751 -1.502
5.0255 30.8398 110.4011 5.7518 38.5444 -1.5075
5.0255 30.8699 110.4024 5.7563 38.5132 -1.5131
5.0255 30.9004 110.4038 5.7609 38.4815 -1.5188
5.0255 30.9314 110.4052 5.7656 38.4493 -1.5246
5.0255 30.9629 110.4066 5.7703 38.4166 -1.5304
5.0255 30.9949 110.408 5.7751 38.3833 -1.5364
5.0255 31.0274 110.4094 5.78 38.3495 -1.5425
5.0255 31.0605 110.4109 5.7849 38.3152 -1.5486
5.0255 31.094 110.4124 5.79 38.2804 -1.5549
5.0255 31.1279 110.4139 5.7951 38.2451 -1.5612
5.0255 31.1624 110.4155 5.8002 38.2093 -1.5676
5.0255 31.1974 110.417 5.8055 38.1729 -1.5741
5.0255 31.2329 110.4186 5.8108 38.1361 -1.5807
5.0255 31.2689 110.4202 5.8162 38.0987 -1.5874
5.0255 31.3054 110.4219 5.8217 38.0608 -1.5942
5.0255 31.3424 110.4235 5.8272 38.0224 -1.6011
5.0255 31.3798 110.4252 5.8329 37.9835 -1.6081
5.0255 31.4178 110.4269 5.8386 37.944 -1.6152
5.0255 31.4563 110.4286 5.8443 37.9041 -1.6224
5.0255 31.4952 110.4303 5.8502 37.8636 -1.6296
5.0255 31.5347 110.4321 5.8561 37.8226 -1.637
5.0255 31.5746 110.4339 5.8621 37.7811 -1.6444
5.0255 31.6151 110.4357 5.8682 37.7391 -1.6519
5.0255 31.656 110.4375 5.8743 37.6966 -1.6596
5.0255 31.6975 110.4394 5.8805 37.6535 -1.6673
5.0255 31.7394 110.4412 5.8868 37.6099 -1.6751
5.0255 31.7818 110.4431 5.8932 37.5659 -1.683
5.0255 31.8248 110.4451 5.8996 37.5213 -1.691
5.0255 31.8682 110.447 5.9061 37.4762 -1.6991
5.0255 31.9121 110.449 5.9127 37.4305 -1.7073
5.0255 31.9565 110.4509 5.9194 37.3844 -1.7156
5.0255 32.0015 110.4529 5.9261 37.3377 -1.7239
5.0255 32.0469 110.455 5.9329 37.2905 -1.7324
5.0255 32.0928 110.457 5.9398 37.2429 -1.7409
5.0255 32.1392 110.4591 5.9468 37.1947 -1.7496
5.0255 32.1861 110.4612 5.9538 37.1459 -1.7583
5.0255 32.2335 110.4633 5.9609 37.0967 -1.7672
5.0255 32.2814 110.4654 5.9681 37.0469 -1.7761
5.0255 32.3298 110.4676 5.9754 36.9967 -1.7851
5.0255 32.3787 110.4698 5.9827 36.9459 -1.7942
5.0255 32.428 110.472 5.9901 36.8946 -1.8034
5.0255 32.4779 110.4742 5.9976 36.8428 -1.8127
5.0255 32.5283 110.4765 6.0052 36.7904 -1.8221
5.0255 32.5792 110.4787 6.0128 36.7376 -1.8316
5.0255 32.6305 110.481 6.0205 36.6842 -1.8411
5.0255 32.6824 110.4834 6.0283 36.6304 -1.8508
5.0255 32.7348 110.4857 6.0362 36.576 -1.8605
5.0255 32.7876 110.4881 6.0441 36.5211 -1.8704
5.0255 32.841 110.4904 6.0521 36.4656 -1.8803
5.0255 32.8948 110.4928 6.0602 36.4097 -1.8904
5.0255 32.9492 110.4953 6.0683 36.3532 -1.9005
5.0255 33.0031 110.4976 6.0764 36.2973 -1.9105
5.0255 33.0557 110.4999 6.0843 36.2427 -1.9204
5.0255 33.107 110.502 6.0921 36.1896 -1.9299
5.0255 33.1569 110.504 6.0996 36.138 -1.9393
5.0255 33.2055 110.5059 6.107 36.0878 -1.9484
5.0255 33.2528 110.5076 6.1141 36.039 -1.9573
5.0255 33.2987 110.5093 6.1211 35.9917 -1.9659
5.0255 33.3433 110.5109 6.1279 35.9458 -1.9743
5.0255 33.3865 110.5123 6.1345 35.9014 -1.9824
5.0255 33.4284 110.5137 6.1409 35.8584 -1.9903
5.0255 33.469 110.515 6.1471 35.8168 -1.998
5.0255 33.5081 110.5162 6.1531 35.7766 -2.0054
5.0255 33.546 110.5173 6.1589 35.7379 -2.0125
5.0255 33.5824 110.5184 6.1645 35.7006 -2.0194
5.0255 33.6175 110.5194 6.1699 35.6647 -2.026
5.0255 33.6513 110.5203 6.1751 35.6302 -2.0324
5.0255 33.6837 110.5211 6.1801 35.5972 -2.0386
5.0255 33.7147 110.5219 6.1849 35.5656 -2.0445
5.0255 33.7444 110.5227 6.1895 35.5353 -2.0501
5.0255 33.7726 110.5233 6.1938 35.5065 -2.0555
5.0255 33.7996 110.524 6.198 35.4792 -2.0606
5.0255 33.8251 110.5246 6.202 35.4532 -2.0655
5.0255 33.8493 110.5251 6.2057 35.4286 -2.0701
5.0255 33.8721 110.5256 6.2093 35.4055 -2.0744
5.0255 33.8935 110.526 6.2126 35.3838 -2.0785
5.0255 33.9135 110.5264 6.2157 35.3634 -2.0823
5.0255 33.9322 110.5268 6.2186 35.3445 -2.0859
5.0255 33.9495 110.5271 6.2213 35.327 -2.0892
5.0255 33.9654 110.5274 6.2238 35.3109 -2.0922
5.0255 33.9799 110.5277 6.226 35.2961 -2.095
5.0255 33.9931 110.528 6.2281 35.2828 -2.0975
5.0255 34.0048 110.5282 6.2299 35.2709 -2.0998
5.0255 34.0152 110.5283 6.2316 35.2604 -2.1018
5.0255 34.0242 110.5285 6.233 35.2513 -2.1035
5.0255 34.0318 110.5286 6.2342 35.2436 -2.1049
5.0255 34.0381 110.5287 6.2351 35.2373 -2.1061
5.0255 34.0429 110.5288 6.2359 35.2324 -2.1071
5.0255 34.0464 110.5289 6.2364 35.2289 -2.1077
5.0255 34.0484 110.5289 6.2368 35.2268 -2.1081
5.0255 34.0491 110.5289 6.2369 35.2261 -2.1082
5.0255 34.0484 110.5289 6.2368 35.2268 -2.1081
5.0255 34.0464 110.5289 6.2364 35.2289 -2.1077
5.0255 34.0429 110.5288 6.2359 35.2324 -2.1071
5.0255 34.0381 110.5287 6.2351 35.2373 -2.1061
5.0255 34.0318 110.5286 6.2342 35.2436 -2.1049
5.0255 34.0242 110.5285 6.233 35.2513 -2.1035
5.0255 34.0152 110.5283 6.2316 35.2604 -2.1018
5.0255 34.0048 110.5282 6.2299 35.2709 -2.0998
5.0255 33.9931 110.528 6.2281 35.2828 -2.0975
5.0255 33.9799 110.5277 6.226 35.2961 -2.095
5.0255 33.9654 110.5274 6.2238 35.3109 -2.0922
5.0255 33.9495 110.5271 6.2213 35.327 -2.0892
5.0255 33.9322 110.5268 6.2186 35.3445 -2.0859
5.0255 33.9135 110.5264 6.2157 35.3634 -2.0823
5.0255 33.8935 110.526 6.2126 35.3838 -2.0785
5.0255 33.8721 110.5256 6.2093 35.4055 -2.0744
5.0255 33.8493 110.5251 6.2057 35.4286 -2.0701
5.0255 33.8251 110.5246 6.202 35.4532 -2.0655
5.0255 33.7996 110.524 6.198 35.4792 -2.0606
5.0255 33.7726 110.5233 6.1938 35.5065 -2.0555
5.0255 33.7444 110.5227 6.1895 35.5353 -2.0501
5.0255 33.7147 110.5219 6.1849 35.5656 -2.0445
5.0255 33.6837 110.5211 6.1801 35.5972 -2.0386
5.0255 33.6513 110.5203 6.1751 35.6302 -2.0324
5.0255 33.6175 110.5194 6.1699 35.6647 -2.026
5.0255 33.5824 110.5184 6.1645 35.7006 -2.0194
5.0255 33.546 110.5173 6.1589 35.7379 -2.0125
5.0255 33.5081 110.5162 6.1531 35.7766 -2.0054
5.0255 33.469 110.515 6.1471 35.8168 -1.998
5.0255 33.4284 110.5137 6.1409 35.8584 -1.9903
5.0255 33.3865 110.5123 6.1345 35.9014 -1.9824
5.0255 33.3433 110.5109 6.1279 35.9458 -1.9743
5.0255 33.2987 110.5093 6.1211 35.9917 -1.9659
5.0255 33.2528 110.5076 6.1141 36.039 -1.9573
5.0255 33.2055 110.5059 6.107 36.0878 -1.9484
5.0255 33.1569 110.504 6.0996 36.138 -1.9393
5.0255 33.107 110.502 6.0921 36.1896 -1.9299
5.0255 33.0557 110.4999 6.0843 36.2427 -1.9204
5.0255 33.0031 110.4976 6.0764 36.2973 -1.9105
5.0255 32.9492 110.4953 6.0683 36.3532 -1.9005
5.0257 32.8948 110.4928 6.0602 36.4097 -1.8902
5.0262 32.841 110.4903 6.0521 36.4657 -1.8796
5.0271 32.7878 110.4878 6.0441 36.5212 -1.8689
5.0283 32.735 110.4852 6.0362 36.5762 -1.8578
5.0299 32.6828 110.4826 6.0283 36.6306 -1.8465
5.0317 32.6311 110.48 6.0205 36.6846 -1.835
5.0339 32.58 110.4773 6.0128 36.7382 -1.8233
5.0365 32.5294 110.4746 6.0052 36.7912 -1.8113
5.0393 32.4793 110.4719 5.9976 36.8437 -1.7991
5.0425 32.4297 110.4691 5.9901 36.8957 -1.7867
5.046 32.3806 110.4663 5.9827 36.9473 -1.774
5.0499 32.3321 110.4635 5.9753 36.9983 -1.7612
5.054 32.2841 110.4606 5.9681 37.0488 -1.7481
5.0584 32.2367 110.4577 5.9609 37.0989 -1.7348
5.0632 32.1897 110.4548 5.9538 37.1484 -1.7213
5.0682 32.1433 110.4518 5.9467 37.1975 -1.7076
5.0736 32.0975 110.4488 5.9397 37.2461 -1.6937
5.0792 32.0521 110.4458 5.9328 37.2941 -1.6796
5.0851 32.0073 110.4428 5.926 37.3417 -1.6653
5.0914 31.9629 110.4397 5.9193 37.3888 -1.6508
5.0979 31.9192 110.4366 5.9126 37.4354 -1.6361
5.1047 31.8759 110.4335 5.906 37.4814 -1.6212
5.1118 31.8332 110.4304 5.8994 37.527 -1.6061
5.1191 31.7909 110.4272 5.893 37.5721 -1.5909
5.1267 31.7492 110.424 5.8866 37.6167 -1.5755
5.1346 31.7081 110.4208 5.8803 37.6608 -1.5599
5.1428 31.6674 110.4176 5.874 37.7044 -1.5441
5.1512 31.6273 110.4143 5.8679 37.7475 -1.5282
5.1599 31.5877 110.411 5.8618 37.7901 -1.5121
5.1689 31.5486 110.4077 5.8558 37.8322 -1.4959
5.1781 31.51 110.4044 5.8498 37.8738 -1.4794
5.1875 31.472 110.401 5.844 37.9149 -1.4629
5.1972 31.4345 110.3977 5.8382 37.9555 -1.4462
5.2072 31.3975 110.3943 5.8325 37.9957 -1.4293
5.2174 31.361 110.3909 5.8268 38.0353 -1.4123
5.2278 31.325 110.3874 5.8212 38.0744 -1.3951
5.2385 31.2896 110.384 5.8157 38.113 -1.3778
5.2494 31.2547 110.3805 5.8103 38.1511 -1.3604
5.2605 31.2202 110.3771 5.805 38.1887 -1.3428
5.2719 31.1863 110.3736 5.7997 38.2258 -1.3251
5.2834 31.153 110.37 5.7945 38.2624 -1.3073
5.2952 31.1201 110.3665 5.7894 38.2986 -1.2893
5.3073 31.0878 110.363 5.7843 38.3342 -1.2713
5.3195 31.056 110.3594 5.7793 38.3693 -1.2531
5.3319 31.0246 110.3559 5.7744 38.4039 -1.2348
5.3446 30.9939 110.3523 5.7696 38.438 -1.2164
5.3574 30.9636 110.3487 5.7648 38.4716 -1.1978
5.3705 30.9338 110.3451 5.7601 38.5047 -1.1792
5.3837 30.9046 110.3415 5.7555 38.5373 -1.1605
5.3972 30.8758 110.3378 5.751 38.5694 -1.1416
5.4108 30.8476 110.3342 5.7465 38.601 -1.1227
5.4246 30.8199 110.3305 5.7421 38.6321 -1.1037
5.4386 30.7927 110.3269 5.7378 38.6627 -1.0846
5.4528 30.7661 110.3232 5.7336 38.6928 -1.0654
5.4672 30.7399 110.3195 5.7294 38.7224 -1.0461
5.4817 30.7142 110.3159 5.7253 38.7515 -1.0268
5.4964 30.6891 110.3122 5.7213 38.7801 -1.0073
5.5113 30.6645 110.3085 5.7173 38.8082 -0.9878
5.5263 30.6404 110.3048 5.7135 38.8357 -0.9682
5.5416 30.6168 110.3011 5.7097 38.8628 -0.9486
5.5569 30.5937 110.2974 5.7059 38.8894 -0.9289
5.5725 30.5711 110.2936 5.7023 38.9154 -0.9091
5.5881 30.549 110.2899 5.6987 38.941 -0.8893
5.604 30.5275 110.2862 5.6952 38.9661 -0.8694
5.6199 30.5064 110.2825 5.6918 38.9906 -0.8494
5.636 30.4859 110.2787 5.6884 39.0147 -0.8294
5.6523 30.4658 110.275 5.6851 39.0382 -0.8094
5.6687 30.4463 110.2713 5.6819 39.0612 -0.7893
5.6852 30.4273 110.2675 5.6788 39.0838 -0.7692
5.7019 30.4088 110.2638 5.6757 39.1058 -0.7491
5.7187 30.3908 110.2601 5.6727 39.1273 -0.7289
5.7356 30.3733 110.2563 5.6698 39.1483 -0.7087
5.7526 30.3563 110.2526 5.667 39.1688 -0.6884
5.7698 30.3398 110.2489 5.6642 39.1888 -0.6681
5.787 30.3239 110.2452 5.6615 39.2083 -0.6478
5.8044 30.3084 110.2414 5.6589 39.2273 -0.6275
5.8219 30.2934 110.2377 5.6563 39.2458 -0.6072
5.8395 30.279 110.234 5.6539 39.2637 -0.5869
5.8572 30.265 110.2303 5.6515 39.2812 -0.5665
5.875 30.2516 110.2266 5.6491 39.2981 -0.5462
5.8928 30.2387 110.2229 5.6469 39.3146 -0.5259
5.9108 30.2262 110.2192 5.6447 39.3305 -0.5055
5.9289 30.2143 110.2155 5.6426 39.3459 -0.4852
5.947 30.2029 110.2118 5.6406 39.3609 -0.4648
5.9653 30.1919 110.2082 5.6386 39.3753 -0.4445
5.9836 30.1815 110.2045 5.6368 39.3892 -0.4242
6.002 30.1716 110.2009 5.6349 39.4026 -0.4039
6.0204 30.1622 110.1972 5.6332 39.4154 -0.3836
6.039 30.1533 110.1936 5.6316 39.4278 -0.3634
6.0576 30.1449 110.19 5.63 39.4397 -0.3431
6.0762 30.1369 110.1864 5.6285 39.451 -0.3229
6.095 30.1295 110.1828 5.627 39.4619 -0.3028
6.1137 30.1226 110.1792 5.6257 39.4722 -0.2826
6.1326 30.1162 110.1756 5.6244 39.482 -0.2626
6.1515 30.1103 110.172 5.6232 39.4913 -0.2425
6.1704 30.1049 110.1685 5.622 39.5001 -0.2225
6.1894 30.1 110.165 5.6209 39.5084 -0.2026
6.2084 30.0956 110.1615 5.6199 39.5162 -0.1826
6.2275 30.0917 110.158 5.619 39.5235 -0.1628
6.2466 30.0882 110.1545 5.6182 39.5302 -0.143
6.2657 30.0853 110.151 5.6174 39.5365 -0.1233
6.2849 30.0829 110.1476 5.6167 39.5422 -0.1036
6.304 30.081 110.1441 5.6161 39.5474 -0.084
6.3232 30.0796 110.1407 5.6155 39.5521 -0.0645
6.3425 30.0786 110.1373 5.6151 39.5563 -0.045
6.3617 30.0782 110.1339 5.6146 39.56 -0.0256
6.3809 30.0783 110.1306 5.6143 39.5631 -0.0063
6.4002 30.0788 110.1273 5.6141 39.5658 0.0129
6.4195 30.0799 110.1239 5.6139 39.5679 0.032
6.4387 30.0814 110.1206 5.6138 39.5695 0.0511
6.458 30.0835 110.1174 5.6137 39.5707 0.07
6.4773 30.086 110.1141 5.6138 39.5712 0.0889
6.4965 30.0891 110.1109 5.6139 39.5713 0.1077
6.5158 30.0926 110.1077 5.6141 39.5709 0.1263
6.535 30.0966 110.1045 5.6143 39.5699 0.1449
6.5543 30.1011 110.1014 5.6147 39.5685 0.1633
6.5735 30.1061 110.0983 5.6151 39.5665 0.1817
6.5926 30.1116 110.0952 5.6156 39.564 0.1999
6.6118 30.1176 110.0921 5.6161 39.561 0.218
6.6309 30.1241 110.089 5.6168 39.5575 0.236
6.65 30.1311 110.086 5.6175 39.5534 0.2538
6.6691 30.1386 110.083 5.6182 39.5489 0.2716
6.6881 30.1465 110.0801 5.6191 39.5438 0.2892
6.7071 30.155 110.0771 5.62 39.5382 0.3067
6.726 30.1639 110.0742 5.621 39.5321 0.324
6.7449 30.1733 110.0714 5.6221 39.5255 0.3412
6.7637 30.1832 110.0685 5.6232 39.5183 0.3583
6.7825 30.1937 110.0657 5.6245 39.5107 0.3752
6.8013 30.2046 110.0629 5.6258 39.5025 0.3919
6.8199 30.2159 110.0602 5.6271 39.4938 0.4086
6.8385 30.2278 110.0575 5.6286 39.4846 0.425
6.8571 30.2402 110.0548 5.6301 39.4748 0.4413
6.8755 30.253 110.0521 5.6317 39.4646 0.4575
6.8939 30.2664 110.0495 5.6333 39.4538 0.4734
6.9122 30.2802 110.047 5.6351 39.4425 0.4892
6.9305 30.2945 110.0444 5.6369 39.4307 0.5049
6.9486 30.3093 110.0419 5.6388 39.4184 0.5204
6.9667 30.3246 110.0394 5.6407 39.4056 0.5356
6.9847 30.3403 110.037 5.6428 39.3922 0.5508
7.0025 30.3566 110.0346 5.6449 39.3783 0.5657
7.0203 30.3733 110.0323 5.6471 39.3639 0.5804
7.038 30.3906 110.03 5.6493 39.349 0.595
7.0556 30.4083 110.0277 5.6517 39.3335 0.6094
7.0731 30.4265 110.0254 5.6541 39.3176 0.6235
7.0905 30.4451 110.0232 5.6565 39.3011 0.6375
7.1077 30.4643 110.0211 5.6591 39.2841 0.6513
7.1249 30.4839 110.019 5.6617 39.2666 0.6648
7.1419 30.5041 110.0169 5.6644 39.2485 0.6782
7.1588 30.5247 110.0149 5.6672 39.2299 0.6913
7.1756 30.5458 110.0129 5.67 39.2108 0.7043
7.1923 30.5673 110.011 5.673 39.1912 0.717
7.2088 30.5894 110.0091 5.6759 39.1711 0.7295
7.2252 30.6119 110.0072 5.679 39.1504 0.7417
7.2414 30.6349 110.0054 5.6822 39.1292 0.7538
7.2576 30.6584 110.0036 5.6854 39.1075 0.7656
7.2735 30.6824 110.0019 5.6887 39.0853 0.7772
7.2894 30.7069 110.0003 5.692 39.0626 0.7885
7.305 30.7318 109.9986 5.6955 39.0393 0.7996
7.3206 30.7572 109.9971 5.699 39.0155 0.8105
7.3359 30.7831 109.9956 5.7026 38.9912 0.8211
7.3511 30.8095 109.9941 5.7062 38.9663 0.8315
7.3662 30.8363 109.9927 5.71 38.9409 0.8416
7.3811 30.8637 109.9913 5.7138 38.9151 0.8515
7.3958 30.8915 109.99 5.7177 38.8886 0.8611
7.4103 30.9198 109.9887 5.7216 38.8617 0.8704
7.4247 30.9485 109.9875 5.7256 38.8342 0.8795
7.4389 30.9778 109.9863 5.7297 38.8062 0.8883
7.4529 31.0075 109.9852 5.7339 38.7777 0.8969
7.4667 31.0377 109.9841 5.7382 38.7487 0.9052
7.4803 31.0683 109.9831 5.7425 38.7191 0.9131
7.4938 31.0995 109.9822 5.7469 38.689 0.9209
7.507 31.1311 109.9813 5.7514 38.6584 0.9283
7.5201 31.1632 109.9804 5.7559 38.6272 0.9354
7.5329 31.1957 109.9797 5.7605 38.5956 0.9423
7.5456 31.2288 109.9789 5.7652 38.5634 0.9489
7.558 31.2623 109.9783 5.77 38.5306 0.9551
7.5702 31.2963 109.9777 5.7748 38.4974 0.9611
7.5822 31.3307 109.9771 5.7798 38.4636 0.9668
7.594 31.3657 109.9766 5.7848 38.4293 0.9722
7.6056 31.4011 109.9762 5.7898 38.3944 0.9772
7.617 31.4369 109.9758 5.795 38.3591 0.982
7.6281 31.4733 109.9755 5.8002 38.3232 0.9864
7.639 31.5101 109.9752 5.8055 38.2868 0.9905
7.6497 31.5474 109.975 5.8108 38.2498 0.9943
7.6601 31.5852 109.9749 5.8163 38.2123 0.9978
7.6703 31.6234 109.9748 5.8218 38.1743 1.0009
7.6802 31.6621 109.9748 5.8273 38.1358 1.0038
7.69 31.7013 109.9749 5.833 38.0967 1.0062
7.6994 31.7409 109.975 5.8387 38.0571 1.0084
7.7086 31.781 109.9752 5.8445 38.017 1.0102
7.7176 31.8216 109.9755 5.8504 37.9763 1.0117
7.7263 31.8626 109.9758 5.8564 37.9351 1.0128
7.7347 31.9041 109.9762 5.8624 37.8934 1.0136
7.7429 31.9461 109.9766 5.8685 37.8512 1.014
7.7508 31.9886 109.9772 5.8747 37.8084 1.0141
7.7584 32.0315 109.9778 5.8809 37.7651 1.0138
7.7657 32.0749 109.9784 5.8872 37.7213 1.0131
7.7728 32.1187 109.9791 5.8936 37.6769 1.0121
7.7796 32.1631 109.9799 5.9001 37.632 1.0107
7.7861 32.2078 109.9808 5.9066 37.5865 1.009
7.7924 32.2531 109.9818 5.9133 37.5406 1.0068
7.7983 32.2988 109.9828 5.92 37.4941 1.0043
7.8039 32.345 109.9838 5.9267 37.447 1.0014
7.8093 32.3916 109.985 5.9336 37.3995 0.9982
7.8143 32.4387 109.9862 5.9405 37.3514 0.9945
7.8191 32.4863 109.9875 5.9475 37.3028 0.9905
7.8235 32.5343 109.9889 5.9545 37.2536 0.9861
7.8276 32.5828 109.9904 5.9617 37.2039 0.9812
7.8315 32.6318 109.9919 5.9689 37.1537 0.976
7.835 32.6812 109.9935 5.9762 37.1029 0.9704
7.8381 32.7311 109.9952 5.9835 37.0516 0.9643
7.841 32.7815 109.9969 5.9909 36.9998 0.9579
7.8436 32.8323 109.9988 5.9984 36.9474 0.951
7.8458 32.8835 110.0007 6.006 36.8945 0.9438
7.8476 32.9353 110.0027 6.0137 36.8411 0.9361
7.8492 32.9875 110.0047 6.0214 36.7871 0.928
7.8504 33.0401 110.0069 6.0292 36.7326 0.9195
7.8513 33.0932 110.0091 6.0371 36.6776 0.9105
7.8518 33.1468 110.0114 6.045 36.622 0.9011
7.852 33.2008 110.0138 6.053 36.5659 0.8913
7.852 33.2544 110.0162 6.061 36.5102 0.8814
7.852 33.3067 110.0184 6.0688 36.456 0.8717
7.852 33.3577 110.0205 6.0764 36.4033 0.8622
7.852 33.4073 110.0225 6.0838 36.3519 0.853
7.852 33.4556 110.0244 6.0911 36.302 0.844
7.852 33.5026 110.0261 6.0981 36.2535 0.8353
7.852 33.5483 110.0278 6.105 36.2065 0.8268
7.852 33.5926 110.0293 6.1117 36.1609 0.8185
7.852 33.6356 110.0308 6.1181 36.1167 0.8105
7.852 33.6772 110.0322 6.1244 36.0739 0.8027
7.852 33.7175 110.0335 6.1305 36.0326 0.7952
7.852 33.7564 110.0347 6.1364 35.9927 0.7879
7.852 33.794 110.0358 6.1421 35.9542 0.7808
7.852 33.8303 110.0369 6.1476 35.9171 0.774
7.852 33.8652 110.0378 6.153 35.8814 0.7675
7.852 33.8987 110.0387 6.1581 35.8472 0.7612
7.852 33.9309 110.0396 6.163 35.8143 0.7551
7.852 33.9618 110.0404 6.1677 35.7829 0.7493
7.852 33.9912 110.0411 6.1722 35.7529 0.7437
7.852 34.0193 110.0418 6.1765 35.7242 0.7384
7.852 34.0461 110.0424 6.1806 35.697 0.7334
7.852 34.0715 110.043 6.1845 35.6712 0.7286
7.852 34.0955 110.0435 6.1882 35.6468 0.7241
7.852 34.1182 110.044 6.1917 35.6238 0.7198
7.852 34.1395 110.0445 6.1949 35.6022 0.7157
7.852 34.1594 110.0449 6.198 35.582 0.712
7.852 34.1779 110.0452 6.2009 35.5631 0.7085
7.852 34.1951 110.0456 6.2035 35.5457 0.7052
7.852 34.2109 110.0459 6.2059 35.5297 0.7022
7.852 34.2254 110.0461 6.2082 35.5151 0.6995
7.852 34.2384 110.0464 6.2102 35.5019 0.697
7.852 34.2501 110.0466 6.212 35.49 0.6948
7.852 34.2604 110.0468 6.2136 35.4796 0.6928
7.852 34.2694 110.0469 6.215 35.4705 0.6911
7.852 34.277 110.0471 6.2161 35.4629 0.6897
7.852 34.2831 110.0472 6.2171 35.4566 0.6885
7.852 34.288 110.0473 6.2178 35.4517 0.6876
7.852 34.2914 110.0473 6.2184 35.4483 0.6869
7.852 34.2935 110.0473 6.2187 35.4462 0.6865
7.852 34.2942 110.0474 6.2188 35.4455 0.6864
7.852 34.2935 110.0473 6.2187 35.4462 0.6865
7.852 34.2914 110.0473 6.2184 35.4483 0.6869
7.852 34.288 110.0473 6.2178 35.4517 0.6876
7.852 34.2831 110.0472 6.2171 35.4566 0.6885
7.852 34.277 110.0471 6.2161 35.4629 0.6897
7.852 34.2694 110.0469 6.215 35.4705 0.6911
7.852 34.2604 110.0468 6.2136 35.4796 0.6928
7.852 34.2501 110.0466 6.212 35.49 0.6948
7.852 34.2384 110.0464 6.2102 35.5019 0.697
7.852 34.2254 110.0461 6.2082 35.5151 0.6995
7.852 34.2109 110.0459 6.2059 35.5297 0.7022
7.852 34.1951 110.0456 6.2035 35.5457 0.7052
7.852 34.1779 110.0452 6.2009 35.5631 0.7085
7.852 34.1594 110.0449 6.198 35.582 0.712
7.852 34.1395 110.0445 6.1949 35.6022 0.7157
7.852 34.1182 110.044 6.1917 35.6238 0.7198
7.852 34.0955 110.0435 6.1882 35.6468 0.7241
7.852 34.0715 110.043 6.1845 35.6712 0.7286
7.852 34.0461 110.0424 6.1806 35.697 0.7334
7.852 34.0193 110.0418 6.1765 35.7242 0.7384
7.852 33.9912 110.0411 6.1722 35.7529 0.7437
7.852 33.9618 110.0404 6.1677 35.7829 0.7493
7.852 33.9309 110.0396 6.163 35.8143 0.7551
7.852 33.8987 110.0387 6.1581 35.8472 0.7612
7.852 33.8652 110.0378 6.153 35.8814 0.7675
7.852 33.8303 110.0369 6.1476 35.9171 0.774
7.852 33.794 110.0358 6.1421 35.9542 0.7808
7.852 33.7564 110.0347 6.1364 35.9927 0.7879
7.852 33.7175 110.0335 6.1305 36.0326 0.7952
7.852 33.6772 110.0322 6.1244 36.0739 0.8027
7.852 33.6356 110.0308 6.1181 36.1167 0.8105
7.852 33.5926 110.0293 6.1117 36.1609 0.8185
7.852 33.5483 110.0278 6.105 36.2065 0.8268
7.852 33.5026 110.0261 6.0981 36.2535 0.8353
7.852 33.4556 110.0244 6.0911 36.302 0.844
7.852 33.4073 110.0225 6.0838 36.3519 0.853
7.852 33.3577 110.0205 6.0764 36.4033 0.8622
7.852 33.3067 110.0184 6.0688 36.456 0.8717
7.852 33.2544 110.0162 6.061 36.5102 0.8814
7.852 33.2008 110.0138 6.053 36.5659 0.8913
7.8519 33.1467 110.0114 6.0449 36.6222 0.9013
7.8516 33.0927 110.009 6.0367 36.6782 0.9111
7.8512 33.0389 110.0066 6.0285 36.7341 0.9208
7.8506 32.9854 110.0043 6.0201 36.7897 0.9304
7.8498 32.932 110.002 6.0116 36.8451 0.9399
7.8488 32.8788 109.9997 6.0031 36.9003 0.9492
7.8477 32.8258 109.9974 5.9944 36.9553 0.9584
7.8464 32.7731 109.9952 5.9857 37.0101 0.9675
7.845 32.7205 109.993 5.9769 37.0646 0.9765
7.8434 32.6681 109.9908 5.968 37.119 0.9853
7.8416 32.6159 109.9886 5.959 37.1731 0.994
7.8396 32.5639 109.9865 5.9499 37.227 1.0026
7.8375 32.5121 109.9844 5.9408 37.2807 1.011
7.8352 32.4605 109.9823 5.9315 37.3342 1.0194
7.8327 32.4092 109.9802 5.9222 37.3875 1.0276
7.8301 32.358 109.9782 5.9128 37.4405 1.0357
7.8273 32.307 109.9762 5.9033 37.4933 1.0436
7.8244 32.2562 109.9742 5.8937 37.546 1.0515
7.8213 32.2056 109.9722 5.884 37.5984 1.0592
7.818 32.1552 109.9703 5.8743 37.6506 1.0668
7.8146 32.105 109.9684 5.8645 37.7026 1.0743
7.811 32.055 109.9665 5.8545 37.7543 1.0816
7.8072 32.0051 109.9646 5.8446 37.8059 1.0889
7.8033 31.9555 109.9628 5.8345 37.8572 1.096
7.7993 31.9061 109.961 5.8243 37.9083 1.103
7.795 31.8569 109.9592 5.8141 37.9593 1.1099
7.7906 31.8079 109.9574 5.8038 38.01 1.1167
7.7861 31.7591 109.9557 5.7934 38.0604 1.1233
7.7814 31.7105 109.954 5.7829 38.1107 1.1299
7.7766 31.6621 109.9523 5.7723 38.1607 1.1363
7.7716 31.6139 109.9506 5.7617 38.2106 1.1426
7.7664 31.5658 109.949 5.751 38.2602 1.1488
7.7611 31.518 109.9474 5.7402 38.3096 1.1549
7.7556 31.4704 109.9458 5.7293 38.3588 1.1608
7.75 31.423 109.9442 5.7184 38.4078 1.1667
7.7443 31.3758 109.9427 5.7074 38.4565 1.1724
7.7383 31.3287 109.9411 5.6963 38.5051 1.178
7.7323 31.2819 109.9396 5.6851 38.5534 1.1835
7.7261 31.2353 109.9382 5.6738 38.6015 1.1889
7.7197 31.1889 109.9367 5.6625 38.6494 1.1942
7.7132 31.1427 109.9353 5.6511 38.6971 1.1994
7.7066 31.0966 109.9339 5.6396 38.7446 1.2044
7.6998 31.0508 109.9325 5.6281 38.7919 1.2094
7.6928 31.0052 109.9311 5.6165 38.8389 1.2142
7.6857 30.9598 109.9298 5.6048 38.8857 1.219
7.6785 30.9145 109.9285 5.593 38.9324 1.2236
7.6711 30.8695 109.9272 5.5812 38.9787 1.2281
7.6636 30.8247 109.9259 5.5693 39.0249 1.2325
7.6559 30.7801 109.9247 5.5573 39.0709 1.2368
7.6481 30.7356 109.9234 5.5452 39.1167 1.241
7.6402 30.6914 109.9222 5.5331 39.1622 1.245
7.6321 30.6474 109.9211 5.5209 39.2075 1.249
7.6239 30.6035 109.9199 5.5087 39.2526 1.2529
7.6155 30.5599 109.9188 5.4963 39.2975 1.2566
7.607 30.5165 109.9177 5.4839 39.3422 1.2603
7.5984 30.4733 109.9166 5.4715 39.3867 1.2639
7.5896 30.4302 109.9155 5.4589 39.4309 1.2673
7.5807 30.3874 109.9145 5.4463 39.4749 1.2706
7.5716 30.3448 109.9135 5.4336 39.5188 1.2739
7.5625 30.3024 109.9125 5.4209 39.5624 1.277
7.5531 30.2601 109.9115 5.4081 39.6058 1.28
7.5437 30.2181 109.9105 5.3952 39.6489 1.283
7.5341 30.1763 109.9096 5.3823 39.6919 1.2858
7.5244 30.1347 109.9087 5.3693 39.7346 1.2885
7.5146 30.0932 109.9078 5.3562 39.7771 1.2912
7.5046 30.052 109.907 5.3431 39.8195 1.2937
7.4945 30.011 109.9061 5.3299 39.8616 1.2961
7.4843 29.9702 109.9053 5.3166 39.9034 1.2984
7.4739 29.9296 109.9045 5.3033 39.9451 1.3006
7.4634 29.8891 109.9037 5.2899 39.9866 1.3028
7.4528 29.8489 109.903 5.2764 40.0278 1.3048
7.442 29.8089 109.9022 5.2629 40.0688 1.3067
7.4312 29.7691 109.9015 5.2494 40.1096 1.3086
7.4202 29.7295 109.9008 5.2357 40.1502 1.3103
7.409 29.6901 109.9001 5.222 40.1906 1.3119
7.3978 29.6508 109.8995 5.2083 40.2307 1.3135
7.3864 29.6118 109.8989 5.1944 40.2707 1.3149
7.3749 29.573 109.8983 5.1806 40.3104 1.3163
7.3633 29.5344 109.8977 5.1666 40.3499 1.3175
7.3516 29.496 109.8971 5.1526 40.3892 1.3187
7.3397 29.4578 109.8966 5.1386 40.4283 1.3198
7.3278 29.4198 109.896 5.1245 40.4671 1.3207
7.3157 29.382 109.8955 5.1103 40.5058 1.3216
7.3035 29.3444 109.8951 5.0961 40.5442 1.3224
7.2911 29.307 109.8946 5.0818 40.5824 1.3231
7.2787 29.2698 109.8942 5.0674 40.6205 1.3237
7.2661 29.2328 109.8937 5.053 40.6582 1.3242
7.2534 29.196 109.8933 5.0386 40.6958 1.3246
7.2407 29.1594 109.893 5.0241 40.7332 1.3249
7.2277 29.123 109.8926 5.0095 40.7703 1.3252
7.2147 29.0868 109.8923 4.9949 40.8072 1.3253
7.2016 29.0508 109.8919 4.9802 40.8439 1.3254
7.1883 29.015 109.8916 4.9655 40.8804 1.3254
7.175 28.9794 109.8914 4.9507 40.9167 1.3253
7.1615 28.944 109.8911 4.9358 40.9528 1.325
7.1479 28.9089 109.8909 4.9209 40.9886 1.3248
7.1342 28.8739 109.8906 4.906 41.0242 1.3244
7.1204 28.8391 109.8904 4.891 41.0597 1.3239
7.1065 28.8045 109.8903 4.876 41.0949 1.3234
7.0925 28.7702 109.8901 4.8609 41.1298 1.3227
7.0784 28.736 109.89 4.8457 41.1646 1.322
7.0641 28.702 109.8898 4.8305 41.1992 1.3212
7.0498 28.6682 109.8897 4.8153 41.2335 1.3203
7.0353 28.6347 109.8897 4.8 41.2676 1.3193
7.0208 28.6013 109.8896 4.7846 41.3015 1.3182
7.0061 28.5682 109.8896 4.7692 41.3352 1.3171
6.9914 28.5352 109.8895 4.7538 41.3687 1.3159
6.9765 28.5024 109.8895 4.7383 41.4019 1.3146
6.9616 28.4699 109.8895 4.7228 41.435 1.3132
6.9465 28.4375 109.8896 4.7072 41.4678 1.3117
6.9314 28.4054 109.8896 4.6915 41.5004 1.3101
6.9161 28.3734 109.8897 4.6759 41.5328 1.3085
6.9007 28.3417 109.8898 4.6601 41.565 1.3068
6.8853 28.3102 109.8899 4.6444 41.5969 1.305
6.8697 28.2788 109.89 4.6285 41.6287 1.3031
6.8541 28.2477 109.8902 4.6127 41.6602 1.3012
6.8383 28.2168 109.8903 4.5968 41.6915 1.2991
6.8225 28.186 109.8905 4.5808 41.7226 1.297
6.8065 28.1555 109.8907 4.5648 41.7535 1.2948
6.7905 28.1252 109.8909 4.5488 41.7841 1.2926
6.7744 28.0951 109.8912 4.5327 41.8146 1.2902
6.7581 28.0652 109.8914 4.5166 41.8448 1.2878
6.7418 28.0354 109.8917 4.5004 41.8748 1.2853
6.7254 28.0059 109.892 4.4842 41.9046 1.2827
6.7089 27.9766 109.8923 4.468 41.9342 1.2801
6.6923 27.9475 109.8927 4.4517 41.9636 1.2774
6.6757 27.9186 109.893 4.4354 41.9927 1.2746
6.6589 27.8899 109.8934 4.419 42.0216 1.2717
6.642 27.8614 109.8938 4.4026 42.0504 1.2688
6.6251 27.8332 109.8942 4.3861 42.0789 1.2658
6.6081 27.8051 109.8946 4.3696 42.1071 1.2627
6.5909 27.7772 109.895 4.3531 42.1352 1.2595
6.5737 27.7495 109.8955 4.3366 42.1631 1.2563
6.5564 27.722 109.8959 4.32 42.1907 1.253
6.5391 27.6948 109.8964 4.3033 42.2181 1.2496
6.5216 27.6677 109.8969 4.2866 42.2453 1.2462
6.5041 27.6409 109.8975 4.2699 42.2723 1.2427
6.4865 27.6142 109.898 4.2532 42.2991 1.2391
6.4688 27.5877 109.8986 4.2364 42.3256 1.2354
6.451 27.5615 109.8991 4.2196 42.3519 1.2317
6.4331 27.5354 109.8997 4.2027 42.3781 1.2279
6.4152 27.5096 109.9003 4.1858 42.404 1.2241
6.3971 27.484 109.901 4.1689 42.4297 1.2202
6.379 27.4585 109.9016 4.152 42.4551 1.2162
6.3609 27.4333 109.9023 4.135 42.4804 1.2121
6.3426 27.4083 109.9029 4.1179 42.5054 1.208
6.3243 27.3835 109.9036 4.1009 42.5302 1.2038
6.3059 27.3589 109.9043 4.0838 42.5548 1.1996
6.2874 27.3344 109.9051 4.0667 42.5792 1.1953
6.2688 27.3102 109.9058 4.0495 42.6034 1.1909
6.2502 27.2862 109.9066 4.0324 42.6273 1.1864
6.2315 27.2624 109.9074 4.0151 42.6511 1.1819
6.2127 27.2388 109.9081 3.9979 42.6746 1.1774
6.1938 27.2155 109.909 3.9806 42.6979 1.1727
6.1749 27.1923 109.9098 3.9633 42.721 1.168
6.1559 27.1693 109.9106 3.946 42.7439 1.1633
6.1369 27.1465 109.9115 3.9286 42.7665 1.1585
6.1177 27.124 109.9123 3.9113 42.7889 1.1536
6.0985 27.1016 109.9132 3.8938 42.8112 1.1487
6.0793 27.0794 109.9141 3.8764 42.8332 1.1437
6.0599 27.0575 109.9151 3.8589 42.8549 1.1386
6.0405 27.0357 109.916 3.8414 42.8765 1.1335
6.0211 27.0142 109.917 3.8239 42.8979 1.1283
6.0016 26.9928 109.9179 3.8064 42.919 1.1231
5.982 26.9717 109.9189 3.7888 42.9399 1.1178
5.9623 26.9508 109.9199 3.7712 42.9606 1.1125
5.9426 26.9301 109.9209 3.7536 42.9811 1.1071
5.9228 26.9095 109.9219 3.7359 43.0014 1.1016
5.903 26.8892 109.923 3.7183 43.0214 1.0961
5.883 26.8691 109.924 3.7006 43.0413 1.0905
5.8631 26.8492 109.9251 3.6829 43.0609 1.0849
5.8431 26.8295 109.9262 3.6651 43.0803 1.0792
5.823 26.81 109.9273 3.6474 43.0995 1.0735
5.8028 26.7908 109.9284 3.6296 43.1184 1.0677
5.7826 26.7717 109.9296 3.6118 43.1372 1.0619
5.7624 26.7528 109.9307 3.594 43.1557 1.056
5.7421 26.7341 109.9319 3.5761 43.174 1.05
5.7217 26.7157 109.9331 3.5582 43.1921 1.044
5.7013 26.6974 109.9343 3.5404 43.21 1.038
5.6808 26.6794 109.9355 3.5225 43.2276 1.0319
5.6603 26.6615 109.9367 3.5045 43.2451 1.0257
5.6397 26.6439 109.9379 3.4866 43.2623 1.0195
5.619 26.6265 109.9392 3.4686 43.2793 1.0133
5.5983 26.6092 109.9404 3.4506 43.2961 1.007
5.5776 26.5922 109.9417 3.4327 43.3127 1.0006
5.5568 26.5754 109.943 3.4146 43.3291 0.9942
5.536 26.5588 109.9443 3.3966 43.3452 0.9878
5.5151 26.5424 109.9457 3.3786 43.3611 0.9813
5.4941 26.5262 109.947 3.3605 43.3768 0.9748
5.4732 26.5102 109.9483 3.3424 43.3923 0.9682
5.4521 26.4944 109.9497 3.3243 43.4076 0.9616
5.431 26.4789 109.9511 3.3062 43.4226 0.9549
5.4099 26.4635 109.9525 3.2881 43.4375 0.9481
5.3888 26.4483 109.9539 3.27 43.4521 0.9414
5.3675 26.4334 109.9553 3.2518 43.4665 0.9346
5.3463 26.4186 109.9567 3.2337 43.4807 0.9277
5.325 26.4041 109.9582 3.2155 43.4947 0.9208
5.3037 26.3898 109.9596 3.1973 43.5084 0.9139
5.2823 26.3756 109.9611 3.1791 43.5219 0.9069
5.2608 26.3617 109.9626 3.1609 43.5353 0.8998
5.2394 26.348 109.9641 3.1427 43.5484 0.8928
5.2179 26.3345 109.9656 3.1244 43.5612 0.8857
5.1963 26.3212 109.9671 3.1062 43.5739 0.8785
5.1748 26.3081 109.9687 3.0879 43.5864 0.8713
5.1531 26.2952 109.9702 3.0697 43.5986 0.8641
5.1315 26.2825 109.9718 3.0514 43.6106 0.8568
5.1098 26.2701 109.9734 3.0331 43.6224 0.8495
5.0881 26.2578 109.975 3.0148 43.634 0.8421
5.0663 26.2457 109.9766 2.9965 43.6453 0.8347
5.0445 26.2339 109.9782 2.9782 43.6565 0.8273
5.0227 26.2222 109.9798 2.9599 43.6674 0.8199
5.0008 26.2108 109.9815 2.9416 43.6781 0.8123
4.9789 26.1996 109.9831 2.9233 43.6886 0.8048
4.957 26.1886 109.9848 2.905 43.6988 0.7972
4.935 26.1777 109.9865 2.8866 43.7089 0.7896
4.9131 26.1671 109.9882 2.8683 43.7187 0.782
4.891 26.1567 109.9899 2.8499 43.7283 0.7743
4.869 26.1466 109.9916 2.8316 43.7377 0.7666
4.8469 26.1366 109.9933 2.8132 43.7469 0.7588
4.8248 26.1268 109.995 2.7949 43.7559 0.751
4.8027 26.1172 109.9968 2.7765 43.7646 0.7432
4.7805 26.1079 109.9986 2.7582 43.7732 0.7354
4.7584 26.0987 110.0003 2.7398 43.7815 0.7275
4.7362 26.0898 110.0021 2.7214 43.7896 0.7196
4.7139 26.081 110.0039 2.7031 43.7974 0.7116
4.6917 26.0725 110.0057 2.6847 43.8051 0.7036
4.6694 26.0642 110.0075 2.6663 43.8125 0.6956
4.6471 26.0561 110.0094 2.648 43.8197 0.6876
4.6248 26.0482 110.0112 2.6296 43.8267 0.6795
4.6025 26.0405 110.0131 2.6112 43.8335 0.6714
4.5801 26.033 110.0149 2.5928 43.8401 0.6633
4.5577 26.0257 110.0168 2.5745 43.8464 0.6551
4.5353 26.0187 110.0187 2.5561 43.8526 0.6469
4.5129 26.0118 110.0206 2.5377 43.8585 0.6387
4.4905 26.0051 110.0225 2.5194 43.8642 0.6305
4.468 25.9987 110.0245 2.501 43.8697 0.6222
4.4456 25.9925 110.0264 2.4827 43.8749 0.6139
4.4231 25.9864 110.0283 2.4643 43.88 0.6056
4.4006 25.9806 110.0303 2.446 43.8848 0.5973
4.3781 25.975 110.0323 2.4276 43.8894 0.5889
4.3556 25.9696 110.0342 2.4093 43.8938 0.5805
4.333 25.9644 110.0362 2.391 43.8979 0.5721
4.3105 25.9594 110.0382 2.3726 43.9019 0.5637
4.2879 25.9547 110.0402 2.3543 43.9056 0.5552
4.2653 25.9501 110.0422 2.336 43.9091 0.5467
4.2428 25.9457 110.0443 2.3177 43.9124 0.5382
4.2202 25.9416 110.0463 2.2994 43.9155 0.5297
4.1976 25.9377 110.0484 2.2811 43.9184 0.5211
4.175 25.9339 110.0504 2.2628 43.921 0.5125
4.1524 25.9304 110.0525 2.2445 43.9234 0.504
4.1297 25.9271 110.0546 2.2262 43.9256 0.4953
4.1071 25.924 110.0567 2.208 43.9276 0.4867
4.0845 25.9211 110.0588 2.1897 43.9294 0.4781
4.0619 25.9184 110.0609 2.1715 43.9309 0.4694
4.0392 25.9159 110.063 2.1533 43.9322 0.4607
4.0166 25.9137 110.0651 2.135 43.9334 0.452
3.9939 25.9116 110.0673 2.1168 43.9342 0.4433
3.9713 25.9098 110.0694 2.0986 43.9349 0.4345
3.9486 25.9081 110.0716 2.0805 43.9354 0.4258
3.926 25.9067 110.0738 2.0623 43.9356 0.417
3.9033 25.9055 110.0759 2.0441 43.9356 0.4082
3.8807 25.9045 110.0781 2.026 43.9354 0.3994
3.858 25.9037 110.0803 2.0078 43.935 0.3906
3.8354 25.9031 110.0825 1.9897 43.9344 0.3817
3.8127 25.9027 110.0847 1.9716 43.9335 0.3729
3.7901 25.9026 110.087 1.9535 43.9325 0.364
3.7675 25.9026 110.0892 1.9355 43.9312 0.3551
3.7448 25.9029 110.0914 1.9174 43.9296 0.3462
3.7222 25.9033 110.0937 1.8994 43.9279 0.3373
3.6996 25.904 110.0959 1.8813 43.926 0.3284
3.677 25.9049 110.0982 1.8633 43.9238 0.3195
3.6544 25.906 110.1005 1.8453 43.9214 0.3105
3.6318 25.9073 110.1028 1.8273 43.9188 0.3016
3.6092 25.9088 110.1051 1.8094 43.916 0.2926
3.5866 25.9105 110.1074 1.7914 43.913 0.2837
3.564 25.9125 110.1097 1.7735 43.9097 0.2747
3.5415 25.9146 110.112 1.7556 43.9062 0.2657
3.5189 25.917 110.1143 1.7377 43.9025 0.2567
3.4964 25.9195 110.1167 1.7199 43.8986 0.2477
3.4739 25.9223 110.119 1.702 43.8945 0.2387
3.4514 25.9253 110.1214 1.6842 43.8901 0.2297
3.4289 25.9285 110.1237 1.6664 43.8855 0.2207
3.4064 25.9319 110.1261 1.6486 43.8807 0.2116
3.3839 25.9355 110.1285 1.6309 43.8757 0.2026
3.3615 25.9394 110.1309 1.6131 43.8705 0.1935
3.339 25.9434 110.1333 1.5954 43.8651 0.1845
3.3166 25.9476 110.1357 1.5777 43.8594 0.1754
3.2942 25.9521 110.1381 1.5601 43.8535 0.1664
3.2719 25.9568 110.1405 1.5424 43.8474 0.1573
3.2495 25.9617 110.1429 1.5248 43.8411 0.1483
3.2272 25.9668 110.1453 1.5072 43.8345 0.1392
3.2048 25.9721 110.1478 1.4896 43.8278 0.1301
3.1825 25.9776 110.1502 1.4721 43.8208 0.1211
3.1603 25.9833 110.1527 1.4546 43.8136 0.112
3.138 25.9893 110.1551 1.4371 43.8062 0.1029
3.1158 25.9954 110.1576 1.4196 43.7985 0.0938
3.0936 26.0018 110.1601 1.4022 43.7907 0.0848
3.0714 26.0084 110.1626 1.3848 43.7826 0.0757
3.0493 26.0151 110.165 1.3674 43.7743 0.0666
3.0271 26.0221 110.1675 1.3501 43.7658 0.0576
3.005 26.0293 110.17 1.3327 43.7571 0.0485
2.983 26.0368 110.1726 1.3154 43.7481 0.0394
2.9609 26.0444 110.1751 1.2982 43.7389 0.0304
2.9389 26.0522 110.1776 1.2809 43.7295 0.0213
2.9169 26.0603 110.1801 1.2637 43.7199 0.0122
2.895 26.0686 110.1827 1.2465 43.7101 0.0032
2.873 26.0771 110.1852 1.2294 43.7 -0.0059
2.8511 26.0857 110.1877 1.2123 43.6898 -0.0149
2.8293 26.0946 110.1903 1.1952 43.6793 -0.024
2.8074 26.1038 110.1929 1.1782 43.6686 -0.033
2.7856 26.1131 110.1954 1.1611 43.6577 -0.042
2.7639 26.1226 110.198 1.1442 43.6465 -0.0511
2.7422 26.1324 110.2006 1.1272 43.6352 -0.0601
2.7205 26.1423 110.2032 1.1103 43.6236 -0.0691
2.6988 26.1525 110.2058 1.0934 43.6118 -0.0781
2.6772 26.1629 110.2084 1.0766 43.5997 -0.0871
2.6556 26.1735 110.211 1.0597 43.5875 -0.0961
2.6341 26.1843 110.2136 1.043 43.575 -0.105
2.6126 26.1954 110.2162 1.0262 43.5624 -0.114
2.5911 26.2066 110.2188 1.0095 43.5495 -0.123
2.5697 26.218 110.2214 0.9928 43.5363 -0.1319
2.5483 26.2297 110.2241 0.9762 43.523 -0.1408
2.527 26.2416 110.2267 0.9596 43.5094 -0.1498
2.5057 26.2537 110.2293 0.9431 43.4957 -0.1587
2.4844 26.266 110.232 0.9265 43.4817 -0.1676
2.4632 26.2785 110.2346 0.9101 43.4674 -0.1765
2.442 26.2912 110.2373 0.8936 43.453 -0.1854
2.4209 26.3042 110.24 0.8772 43.4384 -0.1942
2.3998 26.3173 110.2426 0.8608 43.4235 -0.2031
2.3788 26.3307 110.2453 0.8445 43.4084 -0.2119
2.3578 26.3442 110.248 0.8282 43.3931 -0.2207
2.3369 26.358 110.2507 0.812 43.3775 -0.2295
2.316 26.372 110.2534 0.7958 43.3618 -0.2383
2.2951 26.3863 110.2561 0.7796 43.3458 -0.2471
2.2744 26.4007 110.2588 0.7635 43.3296 -0.2559
2.2536 26.4153 110.2615 0.7475 43.3132 -0.2646
2.2329 26.4302 110.2642 0.7314 43.2966 -0.2733
2.2123 26.4453 110.2669 0.7154 43.2797 -0.282
2.1917 26.4605 110.2696 0.6995 43.2626 -0.2907
2.1712 26.476 110.2723 0.6836 43.2453 -0.2994
2.1507 26.4917 110.275 0.6677 43.2278 -0.308
2.1303 26.5077 110.2778 0.6519 43.2101 -0.3167
2.1099 26.5238 110.2805 0.6362 43.1921 -0.3253
2.0896 26.5402 110.2832 0.6204 43.174 -0.3339
2.0693 26.5567 110.286 0.6048 43.1556 -0.3425
2.0491 26.5735 110.2887 0.5891 43.137 -0.351
2.029 26.5905 110.2915 0.5736 43.1181 -0.3595
2.0089 26.6077 110.2942 0.558 43.0991 -0.368
1.9889 26.6251 110.297 0.5425 43.0798 -0.3765
1.9689 26.6427 110.2997 0.5271 43.0603 -0.385
1.949 26.6606 110.3025 0.5117 43.0406 -0.3934
1.9292 26.6787 110.3053 0.4964 43.0207 -0.4018
1.9094 26.6969 110.308 0.4811 43.0005 -0.4102
1.8897 26.7154 110.3108 0.4658 42.9802 -0.4186
1.87 26.7341 110.3136 0.4507 42.9596 -0.4269
1.8504 26.753 110.3164 0.4355 42.9388 -0.4352
1.8309 26.7722 110.3192 0.4204 42.9177 -0.4435
1.8114 26.7915 110.322 0.4054 42.8965 -0.4518
1.792 26.8111 110.3248 0.3904 42.875 -0.46
1.7727 26.8308 110.3275 0.3755 42.8533 -0.4682
1.7534 26.8508 110.3303 0.3606 42.8314 -0.4764
1.7342 26.871 110.3331 0.3458 42.8093 -0.4846
1.7151 26.8915 110.3359 0.331 42.7869 -0.4927
1.696 26.9121 110.3388 0.3163 42.7644 -0.5008
1.677 26.9329 110.3416 0.3016 42.7416 -0.5089
1.6581 26.954 110.3444 0.287 42.7185 -0.5169
1.6393 26.9753 110.3472 0.2724 42.6953 -0.5249
1.6205 26.9968 110.35 0.2579 42.6719 -0.5329
1.6018 27.0185 110.3528 0.2435 42.6482 -0.5408
1.5831 27.0404 110.3556 0.2291 42.6243 -0.5487
1.5646 27.0625 110.3585 0.2147 42.6002 -0.5566
1.5461 27.0849 110.3613 0.2005 42.5758 -0.5645
1.5277 27.1074 110.3641 0.1862 42.5513 -0.5723
1.5094 27.1302 110.367 0.1721 42.5265 -0.5801
1.4911 27.1532 110.3698 0.158 42.5015 -0.5878
1.4729 27.1764 110.3726 0.1439 42.4763 -0.5955
1.4548 27.1998 110.3755 0.1299 42.4509 -0.6032
1.4368 27.2235 110.3783 0.116 42.4252 -0.6109
1.4189 27.2473 110.3812 0.1021 42.3993 -0.6185
1.401 27.2714 110.384 0.0883 42.3732 -0.626
1.3832 27.2957 110.3868 0.0746 42.3469 -0.6336
1.3655 27.3202 110.3897 0.0609 42.3204 -0.6411
1.3479 27.3449 110.3925 0.0472 42.2936 -0.6485
1.3303 27.3698 110.3954 0.0337 42.2667 -0.656
1.3129 27.395 110.3982 0.0202 42.2395 -0.6634
1.2955 27.4203 110.4011 0.0067 42.212 -0.6707
1.2782 27.4459 110.4039 -0.0067 42.1844 -0.678
1.261 27.4717 110.4068 -0.02 42.1565 -0.6853
1.2439 27.4977 110.4097 -0.0332 42.1285 -0.6925
1.2269 27.5239 110.4125 -0.0464 42.1001 -0.6997
1.2099 27.5504 110.4154 -0.0595 42.0716 -0.7069
1.1931 27.577 110.4182 -0.0726 42.0429 -0.714
1.1763 27.6039 110.4211 -0.0856 42.0139 -0.721
1.1596 27.631 110.424 -0.0985 41.9847 -0.7281
1.143 27.6583 110.4268 -0.1114 41.9553 -0.735
1.1265 27.6858 110.4297 -0.1242 41.9257 -0.742
1.1101 27.7136 110.4326 -0.1369 41.8959 -0.7489
1.0938 27.7415 110.4354 -0.1496 41.8658 -0.7557
1.0776 27.7697 110.4383 -0.1622 41.8355 -0.7625
1.0615 27.7981 110.4412 -0.1747 41.805 -0.7693
1.0454 27.8267 110.444 -0.1872 41.7743 -0.776
1.0295 27.8555 110.4469 -0.1996 41.7433 -0.7827
1.0136 27.8845 110.4498 -0.2119 41.7121 -0.7893
0.9979 27.9138 110.4526 -0.2241 41.6807 -0.7959
0.9822 27.9432 110.4555 -0.2363 41.6491 -0.8025
0.9667 27.9729 110.4584 -0.2484 41.6173 -0.8089
0.9512 28.0028 110.4612 -0.2605 41.5852 -0.8154
0.9359 28.0329 110.4641 -0.2724 41.553 -0.8218
0.9206 28.0632 110.467 -0.2843 41.5205 -0.8281
0.9054 28.0938 110.4698 -0.2962 41.4878 -0.8344
0.8904 28.1246 110.4727 -0.3079 41.4548 -0.8407
0.8754 28.1555 110.4756 -0.3196 41.4217 -0.8469
0.8606 28.1867 110.4784 -0.3312 41.3883 -0.853
0.8458 28.2182 110.4813 -0.3427 41.3547 -0.8591
0.8312 28.2498 110.4842 -0.3542 41.3209 -0.8651
0.8166 28.2816 110.487 -0.3656 41.2868 -0.8711
0.8022 28.3137 110.4899 -0.3769 41.2526 -0.8771
0.7878 28.346 110.4928 -0.3881 41.2181 -0.883
0.7736 28.3785 110.4956 -0.3993 41.1834 -0.8888
0.7595 28.4112 110.4985 -0.4104 41.1484 -0.8946
0.7454 28.4441 110.5014 -0.4214 41.1133 -0.9003
0.7315 28.4773 110.5042 -0.4323 41.0779 -0.906
0.7177 28.5107 110.5071 -0.4432 41.0423 -0.9116
0.704 28.5442 110.51 -0.454 41.0065 -0.9172
0.6905 28.578 110.5128 -0.4647 40.9705 -0.9227
0.677 28.6121 110.5157 -0.4753 40.9342 -0.9281
0.6636 28.6463 110.5185 -0.4858 40.8977 -0.9335
0.6504 28.6808 110.5214 -0.4963 40.8611 -0.9389
0.6372 28.7154 110.5242 -0.5067 40.8241 -0.9441
0.6242 28.7503 110.5271 -0.517 40.787 -0.9494
0.6113 28.7854 110.5299 -0.5272 40.7496 -0.9545
0.5985 28.8208 110.5328 -0.5374 40.7121 -0.9596
0.5858 28.8563 110.5356 -0.5474 40.6743 -0.9647
0.5733 28.8921 110.5385 -0.5574 40.6362 -0.9697
0.5608 28.928 110.5413 -0.5673 40.598 -0.9746
0.5485 28.9642 110.5442 -0.5771 40.5595 -0.9795
0.5363 29.0007 110.547 -0.5869 40.5208 -0.9843
0.5242 29.0373 110.5499 -0.5965 40.4819 -0.989
0.5122 29.0741 110.5527 -0.6061 40.4428 -0.9937
0.5004 29.1112 110.5555 -0.6156 40.4034 -0.9983
0.4886 29.1485 110.5584 -0.625 40.3639 -1.0029
0.477 29.186 110.5612 -0.6343 40.3241 -1.0074
0.4655 29.2237 110.564 -0.6435 40.284 -1.0118
0.4541 29.2617 110.5669 -0.6527 40.2438 -1.0162
0.4429 29.2998 110.5697 -0.6617 40.2033 -1.0205
0.4318 29.3382 110.5725 -0.6707 40.1627 -1.0248
0.4208 29.3768 110.5753 -0.6796 40.1218 -1.0289
0.4099 29.4156 110.5782 -0.6884 40.0806 -1.0331
0.3992 29.4546 110.581 -0.6971 40.0393 -1.0371
0.3886 29.4939 110.5838 -0.7058 39.9977 -1.0411
0.3781 29.5334 110.5866 -0.7143 39.9559 -1.045
0.3677 29.573 110.5894 -0.7227 39.9139 -1.0488
0.3575 29.613 110.5922 -0.7311 39.8717 -1.0526
0.3474 29.6531 110.595 -0.7394 39.8292 -1.0563
0.3374 29.6934 110.5978 -0.7476 39.7866 -1.06
0.3275 29.734 110.6006 -0.7556 39.7437 -1.0635
0.3178 29.7748 110.6034 -0.7636 39.7005 -1.067
0.3083 29.8158 110.6062 -0.7716 39.6572 -1.0705
0.2988 29.857 110.609 -0.7794 39.6136 -1.0738
0.2895 29.8984 110.6118 -0.7871 39.5699 -1.0771
0.2803 29.9401 110.6145 -0.7947 39.5259 -1.0804
0.2713 29.982 110.6173 -0.8023 39.4816 -1.0835
0.2624 30.0241 110.6201 -0.8097 39.4372 -1.0866
0.2536 30.0664 110.6229 -0.8171 39.3925 -1.0896
0.2449 30.1089 110.6256 -0.8244 39.3476 -1.0925
0.2364 30.1517 110.6284 -0.8315 39.3025 -1.0954
0.2281 30.1946 110.6311 -0.8386 39.2572 -1.0982
0.2199 30.2378 110.6339 -0.8456 39.2116 -1.1009
0.2118 30.2812 110.6367 -0.8525 39.1658 -1.1035
0.2038 30.3249 110.6394 -0.8592 39.1198 -1.1061
0.196 30.3687 110.6421 -0.8659 39.0736 -1.1086
0.1884 30.4128 110.6449 -0.8725 39.0271 -1.111
0.1808 30.4571 110.6476 -0.879 38.9805 -1.1133
0.1735 30.5016 110.6503 -0.8854 38.9336 -1.1156
0.1662 30.5463 110.6531 -0.8917 38.8865 -1.1178
0.1591 30.5913 110.6558 -0.8979 38.8391 -1.1199
0.1522 30.6364 110.6585 -0.9041 38.7916 -1.1219
0.1454 30.6818 110.6612 -0.9101 38.7438 -1.1238
0.1387 30.7274 110.6639 -0.916 38.6958 -1.1257
0.1322 30.7733 110.6666 -0.9218 38.6476 -1.1275
0.1259 30.8193 110.6693 -0.9275 38.5991 -1.1292
0.1197 30.8656 110.672 -0.9331 38.5505 -1.1308
0.1136 30.9121 110.6747 -0.9386 38.5016 -1.1324
0.1077 30.9588 110.6774 -0.944 38.4525 -1.1338
0.1019 31.0057 110.6801 -0.9493 38.4031 -1.1352
0.0963 31.0529 110.6828 -0.9545 38.3536 -1.1365
0.0909 31.1002 110.6854 -0.9596 38.3038 -1.1378
0.0855 31.1478 110.6881 -0.9646 38.2538 -1.1389
0.0804 31.1956 110.6908 -0.9695 38.2036 -1.1399
0.0754 31.2437 110.6934 -0.9743 38.1531 -1.1409
0.0705 31.2919 110.6961 -0.979 38.1025 -1.1418
0.0658 31.3404 110.6987 -0.9836 38.0516 -1.1426
0.0613 31.3891 110.7014 -0.9881 38.0005 -1.1433
0.0569 31.438 110.704 -0.9924 37.9491 -1.144
0.0527 31.4871 110.7066 -0.9967 37.8976 -1.1445
0.0486 31.5365 110.7092 -1.0009 37.8458 -1.145
0.0447 31.586 110.7119 -1.0049 37.7938 -1.1453
0.041 31.6358 110.7145 -1.0089 37.7416 -1.1456
0.0374 31.6858 110.7171 -1.0127 37.6891 -1.1458
0.034 31.7361 110.7197 -1.0164 37.6365 -1.1459
0.0307 31.7865 110.7223 -1.0201 37.5836 -1.1459
0.0276 31.8372 110.7249 -1.0236 37.5305 -1.1459
0.0246 31.8881 110.7274 -1.027 37.4771 -1.1457
0.0218 31.9392 110.73 -1.0303 37.4236 -1.1455
0.0192 31.9906 110.7326 -1.0335 37.3698 -1.1451
0.0168 32.0421 110.7352 -1.0365 37.3158 -1.1447
0.0145 32.0939 110.7377 -1.0395 37.2616 -1.1442
0.0124 32.1459 110.7403 -1.0424 37.2071 -1.1436
0.0104 32.1981 110.7428 -1.0451 37.1525 -1.1429
0.0086 32.2506 110.7454 -1.0478 37.0976 -1.1421
0.007 32.3033 110.7479 -1.0503 37.0425 -1.1412
0.0055 32.3561 110.7504 -1.0527 36.9871 -1.1402
0.0042 32.4093 110.7529 -1.055 36.9316 -1.1391
0.0031 32.4626 110.7554 -1.0572 36.8758 -1.138
0.0022 32.5161 110.7579 -1.0592 36.8198 -1.1367
0.0014 32.5699 110.7604 -1.0612 36.7635 -1.1353
0.0008 32.6239 110.7629 -1.063 36.7071 -1.1339
0.0003 32.6781 110.7654 -1.0648 36.6504 -1.1323
0.0001 32.7326 110.7679 -1.0664 36.5935 -1.1307
-0 32.7872 110.7704 -1.0679 36.5364 -1.1289
-0 32.8413 110.7728 -1.0693 36.4799 -1.1272
-0 32.8941 110.775 -1.0707 36.4249 -1.1254
-0 32.9456 110.7772 -1.0721 36.3713 -1.1238
-0 32.9957 110.7792 -1.0734 36.3192 -1.1221
-0 33.0444 110.7811 -1.0747 36.2685 -1.1205
-0 33.0919 110.7829 -1.0759 36.2193 -1.1189
-0 33.1379 110.7846 -1.0772 36.1716 -1.1174
-0 33.1827 110.7862 -1.0784 36.1252 -1.1159
-0 33.226 110.7877 -1.0795 36.0804 -1.1145
-0 33.2681 110.7891 -1.0806 36.037 -1.1131
-0 33.3087 110.7904 -1.0817 35.995 -1.1118
-0 33.3481 110.7916 -1.0828 35.9545 -1.1105
-0 33.386 110.7927 -1.0838 35.9154 -1.1092
-0 33.4226 110.7938 -1.0848 35.8777 -1.108
-0 33.4578 110.7948 -1.0857 35.8415 -1.1068
-0 33.4917 110.7958 -1.0866 35.8067 -1.1057
-0 33.5242 110.7966 -1.0875 35.7734 -1.1046
-0 33.5553 110.7974 -1.0884 35.7414 -1.1036
-0 33.585 110.7982 -1.0892 35.7109 -1.1026
-0 33.6134 110.7989 -1.0899 35.6819 -1.1016
-0 33.6404 110.7995 -1.0907 35.6542 -1.1007
-0 33.666 110.8001 -1.0914 35.628 -1.0999
-0 33.6903 110.8006 -1.092 35.6032 -1.0991
-0 33.7132 110.8011 -1.0927 35.5799 -1.0983
-0 33.7347 110.8016 -1.0932 35.5579 -1.0976
-0 33.7548 110.802 -1.0938 35.5374 -1.0969
-0 33.7735 110.8024 -1.0943 35.5183 -1.0963
-0 33.7908 110.8027 -1.0948 35.5006 -1.0957
-0 33.8068 110.8031 -1.0952 35.4844 -1.0952
-0 33.8214 110.8033 -1.0956 35.4695 -1.0947
-0 33.8346 110.8036 -1.096 35.4561 -1.0942
-0 33.8464 110.8038 -1.0963 35.444 -1.0938
-0 33.8568 110.804 -1.0966 35.4334 -1.0935
-0 33.8658 110.8041 -1.0968 35.4243 -1.0932
-0 33.8734 110.8043 -1.097 35.4165 -1.0929
-0 33.8797 110.8044 -1.0972 35.4101 -1.0927
-0 33.8846 110.8045 -1.0973 35.4052 -1.0926
-0 33.888 110.8045 -1.0974 35.4016 -1.0924
-0 33.8901 110.8046 -1.0975 35.3995 -1.0924
-0 33.8908 110.8046 -1.0975 35.3988 -1.0923
-0 33.8901 110.8046 -1.0975 35.3995 -1.0924
-0 33.888 110.8045 -1.0974 35.4016 -1.0924
-0 33.8846 110.8045 -1.0973 35.4052 -1.0926
-0 33.8797 110.8044 -1.0972 35.4101 -1.0927
-0 33.8734 110.8043 -1.097 35.4165 -1.0929
-0 33.8658 110.8041 -1.0968 35.4243 -1.0932
-0 33.8568 110.804 -1.0966 35.4334 -1.0935
-0 33.8464 110.8038 -1.0963 35.444 -1.0938
-0 33.8346 110.8036 -1.096 35.4561 -1.0942
-0 33.8214 110.8033 -1.0956 35.4695 -1.0947
-0 33.8068 110.8031 -1.0952 35.4844 -1.0952
-0 33.7908 110.8027 -1.0948 35.5006 -1.0957
-0 33.7735 110.8024 -1.0943 35.5183 -1.0963
-0 33.7548 110.802 -1.0938 35.5374 -1.0969
-0 33.7347 110.8016 -1.0932 35.5579 -1.0976
-0 33.7132 110.8011 -1.0927 35.5799 -1.0983
-0 33.6903 110.8006 -1.092 35.6032 -1.0991
-0 33.666 110.8001 -1.0914 35.628 -1.0999
-0 33.6404 110.7995 -1.0907 35.6542 -1.1007
-0 33.6134 110.7989 -1.0899 35.6819 -1.1016
-0 33.585 110.7982 -1.0892 35.7109 -1.1026
-0 33.5553 110.7974 -1.0884 35.7414 -1.1036
-0 33.5242 110.7966 -1.0875 35.7734 -1.1046
-0 33.4917 110.7958 -1.0866 35.8067 -1.1057
-0 33.4578 110.7948 -1.0857 35.8415 -1.1068
-0 33.4226 110.7938 -1.0848 35.8777 -1.108
-0 33.386 110.7927 -1.0838 35.9154 -1.1092
-0 33.3481 110.7916 -1.0828 35.9545 -1.1105
-0 33.3087 110.7904 -1.0817 35.995 -1.1118
-0 33.2681 110.7891 -1.0806 36.037 -1.1131
-0 33.226 110.7877 -1.0795 36.0804 -1.1145
-0 33.1827 110.7862 -1.0784 36.1252 -1.1159
-0 33.1379 110.7846 -1.0772 36.1716 -1.1174
-0 33.0919 110.7829 -1.0759 36.2193 -1.1189
-0 33.0444 110.7811 -1.0747 36.2685 -1.1205
-0 32.9957 110.7792 -1.0734 36.3192 -1.1221
-0 32.9456 110.7772 -1.0721 36.3713 -1.1238
-0 32.8941 110.775 -1.0707 36.4249 -1.1254
-0 32.8413 110.7728 -1.0693 36.4799 -1.1272
-0 32.7872 110.7704 -1.0679 36.5364 -1.1289
-0 32.7327 110.7679 -1.0664 36.5934 -1.1307
-0 32.6787 110.7655 -1.065 36.6498 -1.1325
-0 32.6252 110.7631 -1.0636 36.7058 -1.1342
-0 32.5721 110.7607 -1.0622 36.7612 -1.136
-0 32.5196 110.7583 -1.0608 36.8161 -1.1377
-0 32.4676 110.756 -1.0595 36.8704 -1.1394
-0 32.416 110.7537 -1.0581 36.9243 -1.1411
-0 32.365 110.7514 -1.0568 36.9776 -1.1428
-0 32.3144 110.7491 -1.0555 37.0304 -1.1444
-0 32.2644 110.7468 -1.0541 37.0827 -1.1461
-0 32.2149 110.7446 -1.0528 37.1345 -1.1477
-0 32.1658 110.7424 -1.0515 37.1857 -1.1493
-0 32.1173 110.7402 -1.0503 37.2364 -1.1509
-0 32.0692 110.738 -1.049 37.2866 -1.1524
-0 32.0217 110.7359 -1.0478 37.3363 -1.154
-0 31.9746 110.7338 -1.0465 37.3855 -1.1555
-0 31.928 110.7317 -1.0453 37.4341 -1.1571
-0 31.882 110.7296 -1.0441 37.4823 -1.1586
-0 31.8364 110.7275 -1.0429 37.5299 -1.1601
-0 31.7914 110.7255 -1.0417 37.577 -1.1615
-0 31.7468 110.7235 -1.0405 37.6235 -1.163
-0 31.7027 110.7215 -1.0394 37.6696 -1.1644
-0 31.6592 110.7196 -1.0382 37.7151 -1.1659
-0 31.6161 110.7176 -1.0371 37.7601 -1.1673
-0 31.5735 110.7157 -1.036 37.8046 -1.1687
-0 31.5314 110.7138 -1.0349 37.8485 -1.17
-0 31.4899 110.7119 -1.0338 37.892 -1.1714
-0 31.4488 110.7101 -1.0327 37.9349 -1.1727
-0 31.4082 110.7083 -1.0316 37.9773 -1.1741
-0 31.3681 110.7065 -1.0306 38.0192 -1.1754
-0 31.3285 110.7047 -1.0295 38.0605 -1.1767
-0 31.2894 110.7029 -1.0285 38.1014 -1.1779
-0 31.2509 110.7012 -1.0275 38.1417 -1.1792
-0 31.2128 110.6995 -1.0265 38.1815 -1.1805
-0 31.1752 110.6978 -1.0255 38.2208 -1.1817
-0 31.1381 110.6961 -1.0245 38.2595 -1.1829
-0 31.1015 110.6944 -1.0236 38.2978 -1.1841
-0 31.0654 110.6928 -1.0226 38.3355 -1.1853
-0 31.0298 110.6912 -1.0217 38.3727 -1.1864
-0 30.9947 110.6896 -1.0208 38.4094 -1.1876
-0 30.9601 110.6881 -1.0199 38.4455 -1.1887
-0 30.926 110.6865 -1.019 38.4812 -1.1898
-0 30.8923 110.685 -1.0181 38.5163 -1.1909
-0 30.8592 110.6835 -1.0172 38.5509 -1.192
-0 30.8266 110.6821 -1.0163 38.585 -1.1931
-0 30.7945 110.6806 -1.0155 38.6185 -1.1941
-0 30.7629 110.6792 -1.0147 38.6516 -1.1952
-0 30.7318 110.6778 -1.0139 38.6841 -1.1962
-0 30.7011 110.6764 -1.013 38.7161 -1.1972
-0 30.671 110.6751 -1.0123 38.7476 -1.1982
-0 30.6414 110.6737 -1.0115 38.7785 -1.1991
-0 30.6123 110.6724 -1.0107 38.809 -1.2001
-0 30.5836 110.6711 -1.01 38.8389 -1.201
-0 30.5555 110.6699 -1.0092 38.8683 -1.202
-0 30.5279 110.6686 -1.0085 38.8971 -1.2029
-0 30.5007 110.6674 -1.0078 38.9255 -1.2037
-0 30.4741 110.6662 -1.0071 38.9533 -1.2046
-0 30.4479 110.665 -1.0064 38.9806 -1.2055
-0 30.4223 110.6639 -1.0057 39.0074 -1.2063
-0 30.3971 110.6627 -1.0051 39.0337 -1.2071
-0 30.3725 110.6616 -1.0044 39.0595 -1.2079
-0 30.3483 110.6605 -1.0038 39.0847 -1.2087
-0 30.3247 110.6595 -1.0032 39.1094 -1.2095
-0 30.3015 110.6584 -1.0025 39.1336 -1.2103
-0 30.2789 110.6574 -1.0019 39.1573 -1.211
-0 30.2567 110.6564 -1.0014 39.1804 -1.2117
-0 30.2351 110.6554 -1.0008 39.2031 -1.2124
-0 30.2139 110.6545 -1.0002 39.2252 -1.2131
-0 30.1932 110.6535 -0.9997 39.2468 -1.2138
-0 30.1731 110.6526 -0.9992 39.2678 -1.2145
-0 30.1534 110.6517 -0.9986 39.2884 -1.2151
-0 30.1342 110.6509 -0.9981 39.3084 -1.2157
-0 30.1156 110.65 -0.9977 39.3279 -1.2163
-0 30.0974 110.6492 -0.9972 39.3469 -1.2169
-0 30.0797 110.6484 -0.9967 39.3654 -1.2175
-0 30.0625 110.6476 -0.9963 39.3833 -1.2181
-0 30.0459 110.6469 -0.9958 39.4008 -1.2186
-0 30.0297 110.6462 -0.9954 39.4177 -1.2192
-0 30.014 110.6455 -0.995 39.4341 -1.2197
-0 29.9988 110.6448 -0.9946 39.4499 -1.2202
-0 29.9841 110.6441 -0.9942 39.4653 -1.2207
-0 29.9699 110.6435 -0.9938 39.4801 -1.2211
-0 29.9562 110.6429 -0.9935 39.4944 -1.2216
-0 29.943 110.6423 -0.9931 39.5082 -1.222
-0 29.9303 110.6417 -0.9928 39.5215 -1.2224
-0 29.9181 110.6411 -0.9925 39.5342 -1.2228
-0 29.9064 110.6406 -0.9922 39.5464 -1.2232
-0 29.8952 110.6401 -0.9919 39.5581 -1.2236
-0 29.8845 110.6396 -0.9916 39.5693 -1.2239
-0 29.8743 110.6392 -0.9913 39.58 -1.2242
-0 29.8646 110.6387 -0.9911 39.5901 -1.2246
-0 29.8554 110.6383 -0.9908 39.5998 -1.2249
-0 29.8467 110.6379 -0.9906 39.6089 -1.2251
-0 29.8385 110.6376 -0.9904 39.6175 -1.2254
-0 29.8307 110.6372 -0.9902 39.6255 -1.2257
-0 29.8235 110.6369 -0.99 39.6331 -1.2259
-0 29.8168 110.6366 -0.9898 39.6401 -1.2261
-0 29.8106 110.6363 -0.9896 39.6466 -1.2263
-0 29.8049 110.636 -0.9895 39.6526 -1.2265
-0 29.7996 110.6358 -0.9894 39.658 -1.2267
-0 29.7949 110.6356 -0.9892 39.663 -1.2268
-0 29.7907 110.6354 -0.9891 39.6674 -1.227
-0 29.7869 110.6352 -0.989 39.6713 -1.2271
-0 29.7837 110.6351 -0.9889 39.6747 -1.2272
-0 29.781 110.635 -0.9889 39.6776 -1.2273
-0 29.7787 110.6349 -0.9888 39.6799 -1.2274
-0 29.777 110.6348 -0.9888 39.6817 -1.2274
-0 29.7757 110.6347 -0.9887 39.683 -1.2275
-0 29.775 110.6347 -0.9887 39.6838 -1.2275
-0 29.7747 110.6347 -0.9887 39.6841 -1.2275
-0 29.775 110.6347 -0.9887 39.6838 -1.2275
-0 29.7757 110.6347 -0.9887 39.683 -1.2275
-0 29.777 110.6348 -0.9888 39.6817 -1.2274
-0 29.7787 110.6349 -0.9888 39.6799 -1.2274
-0 29.781 110.635 -0.9889 39.6776 -1.2273
-0 29.7837 110.6351 -0.9889 39.6747 -1.2272
-0 29.7869 110.6352 -0.989 39.6713 -1.2271
-0 29.7907 110.6354 -0.9891 39.6674 -1.227
-0 29.7949 110.6356 -0.9892 39.663 -1.2268
-0 29.7996 110.6358 -0.9894 39.658 -1.2267
-0 29.8049 110.636 -0.9895 39.6526 -1.2265
-0 29.8106 110.6363 -0.9896 39.6466 -1.2263
-0 29.8168 110.6366 -0.9898 39.6401 -1.2261
-0 29.8235 110.6369 -0.99 39.6331 -1.2259
-0 29.8307 110.6372 -0.9902 39.6255 -1.2257
-0 29.8385 110.6376 -0.9904 39.6175 -1.2254
-0 29.8467 110.6379 -0.9906 39.6089 -1.2251
-0 29.8554 110.6383 -0.9908 39.5998 -1.2249
-0 29.8646 110.6387 -0.9911 39.5901 -1.2246
-0 29.8743 110.6392 -0.9913 39.58 -1.2242
-0 29.8845 110.6396 -0.9916 39.5693 -1.2239
-0 29.8952 110.6401 -0.9919 39.5581 -1.2236
-0 29.9064 110.6406 -0.9922 39.5464 -1.2232
-0 29.9181 110.6411 -0.9925 39.5342 -1.2228
-0 29.9303 110.6417 -0.9928 39.5215 -1.2224
-0 29.943 110.6423 -0.9931 39.5082 -1.222
-0 29.9562 110.6429 -0.9935 39.4944 -1.2216
-0 29.9699 110.6435 -0.9938 39.4801 -1.2211
-0 29.9841 110.6441 -0.9942 39.4653 -1.2207
-0 29.9988 110.6448 -0.9946 39.4499 -1.2202
-0 30.014 110.6455 -0.995 39.4341 -1.2197
-0 30.0297 110.6462 -0.9954 39.4177 -1.2192
-0 30.0459 110.6469 -0.9958 39.4008 -1.2186
-0 30.0625 110.6476 -0.9963 39.3833 -1.2181
-0 30.0797 110.6484 -0.9967 39.3654 -1.2175
-0 30.0974 110.6492 -0.9972 39.3469 -1.2169
-0 30.1156 110.65 -0.9977 39.3279 -1.2163
-0 30.1342 110.6509 -0.9981 39.3084 -1.2157
-0 30.1534 110.6517 -0.9986 39.2884 -1.2151
-0 30.1731 110.6526 -0.9992 39.2678 -1.2145
-0 30.1932 110.6535 -0.9997 39.2468 -1.2138
-0 30.2139 110.6545 -1.0002 39.2252 -1.2131
-0 30.2351 110.6554 -1.0008 39.2031 -1.2124
-0 30.2567 110.6564 -1.0014 39.1804 -1.2117
-0 30.2789 110.6574 -1.0019 39.1573 -1.211
-0 30.3015 110.6584 -1.0025 39.1336 -1.2103
-0 30.3247 110.6595 -1.0032 39.1094 -1.2095
-0 30.3483 110.6605 -1.0038 39.0847 -1.2087
-0 30.3725 110.6616 -1.0044 39.0595 -1.2079
-0 30.3971 110.6627 -1.0051 39.0337 -1.2071
-0 30.4223 110.6639 -1.0057 39.0074 -1.2063
-0 30.4479 110.665 -1.0064 38.9806 -1.2055
-0 30.4741 110.6662 -1.0071 38.9533 -1.2046
-0 30.5007 110.6674 -1.0078 38.9255 -1.2037
-0 30.5279 110.6686 -1.0085 38.8971 -1.2029
-0 30.5555 110.6699 -1.0092 38.8683 -1.202
-0 30.5836 110.6711 -1.01 38.8389 -1.201
-0 30.6123 110.6724 -1.0107 38.809 -1.2001
-0 30.6414 110.6737 -1.0115 38.7785 -1.1991
-0 30.671 110.6751 -1.0123 38.7476 -1.1982
-0 30.7011 110.6764 -1.013 38.7161 -1.1972
-0 30.7318 110.6778 -1.0139 38.6841 -1.1962
-0 30.7629 110.6792 -1.0147 38.6516 -1.1952
-0 30.7945 110.6806 -1.0155 38.6185 -1.1941
-0 30.8266 110.6821 -1.0163 38.585 -1.1931
-0 30.8592 110.6835 -1.0172 38.5509 -1.192
-0 30.8923 110.685 -1.0181 38.5163 -1.1909
-0 30.926 110.6865 -1.019 38.4812 -1.1898
-0 30.9601 110.6881 -1.0199 38.4455 -1.1887
-0 30.9947 110.6896 -1.0208 38.4094 -1.1876
-0 31.0298 110.6912 -1.0217 38.3727 -1.1864
-0 31.0654 110.6928 -1.0226 38.3355 -1.1853
-0 31.1015 110.6944 -1.0236 38.2978 -1.1841
-0 31.1381 110.6961 -1.0245 38.2595 -1.1829
-0 31.1752 110.6978 -1.0255 38.2208 -1.1817
-0 31.2128 110.6995 -1.0265 38.1815 -1.1805
-0 31.2509 110.7012 -1.0275 38.1417 -1.1792
-0 31.2894 110.7029 -1.0285 38.1014 -1.1779
-0 31.3285 110.7047 -1.0295 38.0605 -1.1767
-0 31.3681 110.7065 -1.0306 38.0192 -1.1754
-0 31.4082 110.7083 -1.0316 37.9773 -1.1741
-0 31.4488 110.7101 -1.0327 37.9349 -1.1727
-0 31.4899 110.7119 -1.0338 37.892 -1.1714
-0 31.5314 110.7138 -1.0349 37.8485 -1.17
-0 31.5735 110.7157 -1.036 37.8046 -1.1687
-0 31.6161 110.7176 -1.0371 37.7601 -1.1673
-0 31.6592 110.7196 -1.0382 37.7151 -1.1659
-0 31.7027 110.7215 -1.0394 37.6696 -1.1644
-0 31.7468 110.7235 -1.0405 37.6235 -1.163
-0 31.7914 110.7255 -1.0417 37.577 -1.1615
-0 31.8364 110.7275 -1.0429 37.5299 -1.1601
-0 31.882 110.7296 -1.0441 37.4823 -1.1586
-0 31.928 110.7317 -1.0453 37.4341 -1.1571
-0 31.9746 110.7338 -1.0465 37.3855 -1.1555
-0 32.0217 110.7359 -1.0478 37.3363 -1.154
-0 32.0692 110.738 -1.049 37.2866 -1.1524
-0 32.1173 110.7402 -1.0503 37.2364 -1.1509
-0 32.1658 110.7424 -1.0515 37.1857 -1.1493
-0 32.2149 110.7446 -1.0528 37.1345 -1.1477
-0 32.2644 110.7468 -1.0541 37.0827 -1.1461
-0 32.3144 110.7491 -1.0555 37.0304 -1.1444
-0 32.365 110.7514 -1.0568 36.9776 -1.1428
-0 32.416 110.7537 -1.0581 36.9243 -1.1411
-0 32.4676 110.756 -1.0595 36.8704 -1.1394
-0 32.5196 110.7583 -1.0608 36.8161 -1.1377
-0 32.5721 110.7607 -1.0622 36.7612 -1.136
-0 32.6252 110.7631 -1.0636 36.7058 -1.1342
-0 32.6787 110.7655 -1.065 36.6498 -1.1325
-0 32.7327 110.7679 -1.0664 36.5934 -1.1307
-0 32.7872 110.7704 -1.0679 36.5364 -1.1289
-0 32.8413 110.7728 -1.0693 36.4799 -1.1272
-0 32.8941 110.775 -1.0707 36.4249 -1.1254
-0 32.9456 110.7772 -1.0721 36.3713 -1.1238
-0 32.9957 110.7792 -1.0734 36.3192 -1.1221
-0 33.0444 110.7811 -1.0747 36.2685 -1.1205
-0 33.0919 110.7829 -1.0759 36.2193 -1.1189
-0 33.1379 110.7846 -1.0772 36.1716 -1.1174
-0 33.1827 110.7862 -1.0784 36.1252 -1.1159
-0 33.226 110.7877 -1.0795 36.0804 -1.1145
-0 33.2681 110.7891 -1.0806 36.037 -1.1131
-0 33.3087 110.7904 -1.0817 35.995 -1.1118
-0 33.3481 110.7916 -1.0828 35.9545 -1.1105
-0 33.386 110.7927 -1.0838 35.9154 -1.1092
-0 33.4226 110.7938 -1.0848 35.8777 -1.108
-0 33.4578 110.7948 -1.0857 35.8415 -1.1068
-0 33.4917 110.7958 -1.0866 35.8067 -1.1057
-0 33.5242 110.7966 -1.0875 35.7734 -1.1046
-0 33.5553 110.7974 -1.0884 35.7414 -1.1036
-0 33.585 110.7982 -1.0892 35.7109 -1.1026
-0 33.6134 110.7989 -1.0899 35.6819 -1.1016
-0 33.6404 110.7995 -1.0907 35.6542 -1.1007
-0 33.666 110.8001 -1.0914 35.628 -1.0999
-0 33.6903 110.8006 -1.092 35.6032 -1.0991
-0 33.7132 110.8011 -1.0927 35.5799 -1.0983
-0 33.7347 110.8016 -1.0932 35.5579 -1.0976
-0 33.7548 110.802 -1.0938 35.5374 -1.0969
-0 33.7735 110.8024 -1.0943 35.5183 -1.0963
-0 33.7908 110.8027 -1.0948 35.5006 -1.0957
-0 33.8068 110.8031 -1.0952 35.4844 -1.0952
-0 33.8214 110.8033 -1.0956 35.4695 -1.0947
-0 33.8346 110.8036 -1.096 35.4561 -1.0942
-0 33.8464 110.8038 -1.0963 35.444 -1.0938
-0 33.8568 110.804 -1.0966 35.4334 -1.0935
-0 33.8658 110.8041 -1.0968 35.4243 -1.0932
-0 33.8734 110.8043 -1.097 35.4165 -1.0929
-0 33.8797 110.8044 -1.0972 35.4101 -1.0927
-0 33.8846 110.8045 -1.0973 35.4052 -1.0926
-0 33.888 110.8045 -1.0974 35.4016 -1.0924
-0 33.8901 110.8046 -1.0975 35.3995 -1.0924
-0 33.8908 110.8046 -1.0975 35.3988 -1.0923
-0 33.8901 110.8046 -1.0975 35.3995 -1.0924
-0 33.888 110.8045 -1.0974 35.4016 -1.0924
-0 33.8846 110.8045 -1.0973 35.4052 -1.0926
-0 33.8797 110.8044 -1.0972 35.4101 -1.0927
-0 33.8734 110.8043 -1.097 35.4165 -1.0929
-0 33.8658 110.8041 -1.0968 35.4243 -1.0932
-0 33.8568 110.804 -1.0966 35.4334 -1.0935
-0 33.8464 110.8038 -1.0963 35.444 -1.0938
-0 33.8346 110.8036 -1.096 35.4561 -1.0942
-0 33.8214 110.8033 -1.0956 35.4695 -1.0947
-0 33.8068 110.8031 -1.0952 35.4844 -1.0952
-0 33.7908 110.8027 -1.0948 35.5006 -1.0957
-0 33.7735 110.8024 -1.0943 35.5183 -1.0963
-0 33.7548 110.802 -1.0938 35.5374 -1.0969
-0 33.7347 110.8016 -1.0932 35.5579 -1.0976
-0 33.7132 110.8011 -1.0927 35.5799 -1.0983
-0 33.6903 110.8006 -1.092 35.6032 -1.0991
-0 33.666 110.8001 -1.0914 35.628 -1.0999
-0 33.6404 110.7995 -1.0907 35.6542 -1.1007
-0 33.6134 110.7989 -1.0899 35.6819 -1.1016
-0 33.585 110.7982 -1.0892 35.7109 -1.1026
-0 33.5553 110.7974 -1.0884 35.7414 -1.1036
-0 33.5242 110.7966 -1.0875 35.7734 -1.1046
-0 33.4917 110.7958 -1.0866 35.8067 -1.1057
-0 33.4578 110.7948 -1.0857 35.8415 -1.1068
-0 33.4226 110.7938 -1.0848 35.8777 -1.108
-0 33.386 110.7927 -1.0838 35.9154 -1.1092
-0 33.3481 110.7916 -1.0828 35.9545 -1.1105
-0 33.3087 110.7904 -1.0817 35.995 -1.1118
-0 33.2681 110.7891 -1.0806 36.037 -1.1131
-0 33.226 110.7877 -1.0795 36.0804 -1.1145
-0 33.1827 110.7862 -1.0784 36.1252 -1.1159
-0 33.1379 110.7846 -1.0772 36.1716 -1.1174
-0 33.0919 110.7829 -1.0759 36.2193 -1.1189
-0 33.0444 110.7811 -1.0747 36.2685 -1.1205
-0 32.9957 110.7792 -1.0734 36.3192 -1.1221
-0 32.9456 110.7772 -1.0721 36.3713 -1.1238
-0 32.8941 110.775 -1.0707 36.4249 -1.1254
-0 32.8413 110.7728 -1.0693 36.4799 -1.1272
-0 32.7872 110.7704 -1.0679 36.5364 -1.1289
0.0002 32.7327 110.7679 -1.0667 36.5934 -1.1303
0.0008 32.6787 110.7655 -1.0662 36.6498 -1.1308
0.0019 32.6252 110.7631 -1.0661 36.7057 -1.1305
0.0033 32.5722 110.7607 -1.0667 36.761 -1.1293
0.0051 32.5196 110.7583 -1.0678 36.8158 -1.1273
0.0074 32.4676 110.7559 -1.0695 36.8701 -1.1244
0.01 32.4161 110.7536 -1.0717 36.9238 -1.1208
0.013 32.3651 110.7513 -1.0745 36.977 -1.1163
0.0164 32.3146 110.749 -1.0778 37.0296 -1.111
0.0202 32.2646 110.7467 -1.0816 37.0817 -1.1049
0.0243 32.2151 110.7444 -1.086 37.1333 -1.0981
0.0289 32.1661 110.7422 -1.0909 37.1843 -1.0904
0.0338 32.1176 110.74 -1.0963 37.2348 -1.082
0.0391 32.0696 110.7378 -1.1022 37.2847 -1.0728
0.0447 32.0221 110.7356 -1.1086 37.3341 -1.0629
0.0507 31.9751 110.7335 -1.1156 37.383 -1.0522
0.057 31.9286 110.7313 -1.123 37.4313 -1.0407
0.0637 31.8826 110.7292 -1.131 37.4791 -1.0285
0.0708 31.8371 110.7271 -1.1394 37.5264 -1.0156
0.0782 31.7921 110.725 -1.1483 37.5731 -1.002
0.0859 31.7476 110.723 -1.1577 37.6193 -0.9876
0.094 31.7036 110.721 -1.1676 37.6649 -0.9725
0.1024 31.6601 110.7189 -1.1779 37.71 -0.9568
0.1112 31.6171 110.7169 -1.1887 37.7546 -0.9403
0.1202 31.5746 110.715 -1.2 37.7986 -0.9232
0.1296 31.5326 110.713 -1.2117 37.8422 -0.9053
0.1393 31.4911 110.7111 -1.2239 37.8851 -0.8868
0.1493 31.4501 110.7092 -1.2365 37.9275 -0.8677
0.1596 31.4096 110.7073 -1.2496 37.9694 -0.8478
0.1703 31.3696 110.7054 -1.2631 38.0108 -0.8274
0.1812 31.3302 110.7036 -1.2771 38.0516 -0.8062
0.1924 31.2912 110.7017 -1.2914 38.0919 -0.7845
0.204 31.2527 110.6999 -1.3062 38.1317 -0.7621
0.2158 31.2147 110.6981 -1.3215 38.1709 -0.7391
0.2279 31.1772 110.6964 -1.3371 38.2096 -0.7155
0.2403 31.1402 110.6946 -1.3531 38.2477 -0.6913
0.253 31.1037 110.6929 -1.3696 38.2854 -0.6665
0.2659 31.0678 110.6912 -1.3864 38.3225 -0.6411
0.2791 31.0323 110.6895 -1.4036 38.359 -0.6151
0.2926 30.9973 110.6879 -1.4212 38.395 -0.5885
0.3064 30.9628 110.6862 -1.4392 38.4305 -0.5614
0.3204 30.9288 110.6846 -1.4576 38.4655 -0.5337
0.3347 30.8953 110.683 -1.4764 38.4999 -0.5054
0.3492 30.8624 110.6814 -1.4955 38.5338 -0.4766
0.364 30.8299 110.6798 -1.515 38.5672 -0.4473
0.379 30.7979 110.6783 -1.5349 38.6 -0.4174
0.3942 30.7664 110.6768 -1.5551 38.6323 -0.387
0.4097 30.7354 110.6753 -1.5756 38.664 -0.3561
0.4255 30.705 110.6738 -1.5965 38.6953 -0.3246
0.4414 30.675 110.6724 -1.6178 38.726 -0.2927
0.4576 30.6455 110.6709 -1.6393 38.7561 -0.2603
0.474 30.6165 110.6695 -1.6613 38.7858 -0.2274
0.4907 30.588 110.6681 -1.6835 38.8149 -0.194
0.5075 30.56 110.6668 -1.706 38.8435 -0.1601
0.5246 30.5326 110.6654 -1.7289 38.8715 -0.1258
0.5419 30.5056 110.6641 -1.7521 38.899 -0.091
0.5594 30.4791 110.6628 -1.7756 38.926 -0.0557
0.577 30.4531 110.6615 -1.7994 38.9525 -0.02
0.5949 30.4276 110.6602 -1.8235 38.9784 0.0161
0.613 30.4026 110.659 -1.8479 39.0038 0.0526
0.6312 30.3782 110.6578 -1.8725 39.0287 0.0896
0.6497 30.3542 110.6566 -1.8975 39.0531 0.127
0.6683 30.3307 110.6554 -1.9227 39.0769 0.1648
0.6871 30.3077 110.6542 -1.9482 39.1002 0.203
0.7061 30.2852 110.6531 -1.974 39.1229 0.2416
0.7252 30.2632 110.652 -2 39.1452 0.2806
0.7445 30.2417 110.6509 -2.0263 39.1669 0.32
0.764 30.2208 110.6498 -2.0528 39.188 0.3597
0.7836 30.2003 110.6487 -2.0796 39.2087 0.3998
0.8034 30.1803 110.6477 -2.1066 39.2288 0.4402
0.8234 30.1608 110.6467 -2.1339 39.2484 0.481
0.8434 30.1418 110.6457 -2.1614 39.2675 0.5222
0.8637 30.1233 110.6448 -2.1892 39.286 0.5637
0.884 30.1053 110.6438 -2.2171 39.3041 0.6055
0.9046 30.0878 110.6429 -2.2453 39.3215 0.6476
0.9252 30.0708 110.642 -2.2737 39.3385 0.69
0.946 30.0543 110.6411 -2.3023 39.355 0.7328
0.9669 30.0383 110.6402 -2.3311 39.3709 0.7758
0.9879 30.0228 110.6394 -2.3601 39.3863 0.8191
1.009 30.0078 110.6386 -2.3893 39.4011 0.8627
1.0302 29.9934 110.6378 -2.4187 39.4155 0.9066
1.0516 29.9794 110.637 -2.4482 39.4293 0.9508
1.0731 29.9658 110.6363 -2.478 39.4426 0.9952
1.0946 29.9528 110.6356 -2.5079 39.4553 1.0398
1.1163 29.9403 110.6348 -2.538 39.4676 1.0847
1.138 29.9283 110.6342 -2.5683 39.4793 1.1299
1.1599 29.9168 110.6335 -2.5987 39.4905 1.1753
1.1818 29.9058 110.6329 -2.6293 39.5012 1.2209
1.2038 29.8953 110.6322 -2.66 39.5113 1.2667
1.2259 29.8853 110.6316 -2.6909 39.521 1.3127
1.2481 29.8758 110.6311 -2.7219 39.5301 1.359
1.2704 29.8668 110.6305 -2.7531 39.5386 1.4054
1.2927 29.8583 110.63 -2.7844 39.5467 1.452
1.315 29.8503 110.6295 -2.8158 39.5542 1.4988
1.3375 29.8427 110.629 -2.8473 39.5612 1.5458
1.36 29.8357 110.6285 -2.879 39.5677 1.5929
1.3825 29.8292 110.6281 -2.9108 39.5737 1.6402
1.4051 29.8232 110.6277 -2.9426 39.5792 1.6876
1.4278 29.8177 110.6273 -2.9746 39.5841 1.7352
1.4504 29.8126 110.6269 -3.0067 39.5885 1.7829
1.4732 29.8081 110.6265 -3.0388 39.5924 1.8308
1.4959 29.8041 110.6262 -3.0711 39.5958 1.8787
1.5187 29.8005 110.6259 -3.1034 39.5986 1.9268
1.5415 29.7975 110.6256 -3.1359 39.6009 1.975
1.5643 29.795 110.6253 -3.1683 39.6027 2.0233
1.5872 29.7929 110.6251 -3.2009 39.604 2.0717
1.6101 29.7914 110.6249 -3.2335 39.6048 2.1201
1.6329 29.7904 110.6247 -3.2662 39.605 2.1687
1.6558 29.7898 110.6245 -3.2989 39.6048 2.2173
1.6787 29.7898 110.6243 -3.3317 39.604 2.266
1.7016 29.7902 110.6242 -3.3646 39.6027 2.3147
1.7245 29.7912 110.6241 -3.3974 39.6009 2.3635
1.7474 29.7926 110.624 -3.4303 39.5985 2.4123
1.7703 29.7946 110.6239 -3.4633 39.5956 2.4611
1.7931 29.797 110.6239 -3.4962 39.5923 2.51
1.8159 29.8 110.6239 -3.5292 39.5884 2.5589
1.8388 29.8034 110.6239 -3.5622 39.5839 2.6078
1.8615 29.8073 110.6239 -3.5952 39.579 2.6567
1.8843 29.8118 110.6239 -3.6282 39.5736 2.7056
1.907 29.8167 110.624 -3.6612 39.5676 2.7545
1.9297 29.8221 110.6241 -3.6942 39.5611 2.8034
1.9523 29.8281 110.6242 -3.7272 39.5541 2.8522
1.9749 29.8345 110.6243 -3.7602 39.5466 2.901
1.9975 29.8414 110.6245 -3.7931 39.5386 2.9498
2.02 29.8488 110.6247 -3.8261 39.53 2.9985
2.0424 29.8568 110.6249 -3.859 39.521 3.0472
2.0648 29.8652 110.6251 -3.8919 39.5114 3.0958
2.0871 29.8741 110.6254 -3.9247 39.5013 3.1444
2.1093 29.8835 110.6256 -3.9575 39.4907 3.1928
2.1315 29.8934 110.6259 -3.9902 39.4795 3.2412
2.1536 29.9038 110.6262 -4.0229 39.4679 3.2895
2.1756 29.9147 110.6266 -4.0556 39.4557 3.3377
2.1976 29.9261 110.6269 -4.0881 39.4431 3.3857
2.2194 29.938 110.6273 -4.1206 39.4299 3.4337
2.2412 29.9504 110.6277 -4.1531 39.4162 3.4816
2.2628 29.9633 110.6282 -4.1854 39.402 3.5293
2.2844 29.9767 110.6286 -4.2177 39.3873 3.5768
2.3059 29.9906 110.6291 -4.2499 39.372 3.6243
2.3272 30.005 110.6296 -4.282 39.3563 3.6716
2.3485 30.0198 110.6301 -4.314 39.34 3.7187
2.3696 30.0352 110.6307 -4.3459 39.3232 3.7656
2.3906 30.0511 110.6312 -4.3777 39.306 3.8124
2.4115 30.0675 110.6318 -4.4093 39.2882 3.859
2.4323 30.0843 110.6324 -4.4409 39.2698 3.9055
2.4529 30.1017 110.6331 -4.4723 39.251 3.9517
2.4734 30.1195 110.6337 -4.5037 39.2317 3.9977
2.4938 30.1379 110.6344 -4.5348 39.2118 4.0435
2.514 30.1568 110.6351 -4.5659 39.1915 4.0891
2.5341 30.1761 110.6359 -4.5968 39.1706 4.1345
2.554 30.1959 110.6366 -4.6276 39.1492 4.1796
2.5738 30.2163 110.6374 -4.6582 39.1273 4.2245
2.5935 30.2371 110.6382 -4.6886 39.1049 4.2692
2.6129 30.2585 110.639 -4.7189 39.082 4.3136
2.6322 30.2803 110.6399 -4.7491 39.0586 4.3577
2.6514 30.3026 110.6407 -4.779 39.0347 4.4016
2.6704 30.3255 110.6416 -4.8088 39.0102 4.4452
2.6892 30.3488 110.6425 -4.8384 38.9853 4.4885
2.7078 30.3726 110.6435 -4.8679 38.9598 4.5315
2.7262 30.3969 110.6444 -4.8971 38.9339 4.5743
2.7445 30.4217 110.6454 -4.9262 38.9074 4.6167
2.7626 30.447 110.6464 -4.955 38.8804 4.6588
2.7804 30.4728 110.6475 -4.9836 38.8529 4.7006
2.7981 30.4991 110.6485 -5.0121 38.8249 4.742
2.8156 30.5259 110.6496 -5.0403 38.7964 4.7832
2.8329 30.5532 110.6507 -5.0683 38.7674 4.8239
2.8499 30.581 110.6518 -5.0961 38.7378 4.8644
2.8668 30.6093 110.653 -5.1236 38.7078 4.9045
2.8834 30.6381 110.6542 -5.151 38.6773 4.9442
2.8998 30.6673 110.6554 -5.178 38.6462 4.9835
2.916 30.6971 110.6566 -5.2049 38.6147 5.0225
2.932 30.7274 110.6578 -5.2315 38.5826 5.0611
2.9477 30.7581 110.6591 -5.2578 38.55 5.0993
2.9632 30.7894 110.6604 -5.2839 38.517 5.137
2.9785 30.8212 110.6617 -5.3097 38.4834 5.1744
2.9935 30.8534 110.6631 -5.3353 38.4493 5.2114
3.0083 30.8861 110.6644 -5.3606 38.4147 5.2479
3.0228 30.9194 110.6658 -5.3856 38.3796 5.284
3.0371 30.9531 110.6672 -5.4103 38.344 5.3197
3.0511 30.9874 110.6687 -5.4347 38.3079 5.3549
3.0648 31.0221 110.6701 -5.4589 38.2713 5.3897
3.0783 31.0573 110.6716 -5.4828 38.2342 5.424
3.0916 31.093 110.6731 -5.5063 38.1966 5.4579
3.1045 31.1292 110.6746 -5.5296 38.1584 5.4913
3.1172 31.166 110.6762 -5.5525 38.1198 5.5242
3.1296 31.2032 110.6778 -5.5751 38.0807 5.5566
3.1417 31.2409 110.6794 -5.5974 38.041 5.5885
3.1535 31.2791 110.681 -5.6194 38.0009 5.6199
3.165 31.3177 110.6826 -5.641 37.9603 5.6508
3.1763 31.3569 110.6843 -5.6624 37.9191 5.6812
3.1872 31.3966 110.686 -5.6833 37.8775 5.711
3.1978 31.4368 110.6877 -5.704 37.8353 5.7403
3.2081 31.4775 110.6895 -5.7242 37.7927 5.7691
3.2182 31.5186 110.6913 -5.7442 37.7495 5.7973
3.2279 31.5603 110.693 -5.7637 37.7058 5.825
3.2372 31.6025 110.6949 -5.7829 37.6617 5.8521
3.2463 31.6451 110.6967 -5.8018 37.617 5.8787
3.255 31.6883 110.6986 -5.8202 37.5719 5.9046
3.2634 31.7319 110.7005 -5.8383 37.5262 5.93
3.2715 31.776 110.7024 -5.856 37.48 5.9548
3.2793 31.8207 110.7043 -5.8733 37.4334 5.979
3.2867 31.8658 110.7063 -5.8903 37.3862 6.0026
3.2937 31.9114 110.7083 -5.9068 37.3385 6.0256
3.3004 31.9575 110.7103 -5.9229 37.2904 6.0479
3.3068 32.0041 110.7123 -5.9386 37.2417 6.0697
3.3128 32.0513 110.7144 -5.9539 37.1925 6.0907
3.3184 32.0989 110.7165 -5.9688 37.1429 6.1112
3.3237 32.147 110.7186 -5.9833 37.0927 6.131
3.3286 32.1955 110.7207 -5.9973 37.0421 6.1501
3.3331 32.2446 110.7229 -6.0109 36.9909 6.1686
3.3373 32.2942 110.7251 -6.0241 36.9392 6.1864
3.3411 32.3443 110.7273 -6.0368 36.8871 6.2035
3.3445 32.3949 110.7295 -6.0491 36.8344 6.22
3.3475 32.4459 110.7318 -6.0609 36.7813 6.2357
3.3501 32.4975 110.734 -6.0723 36.7276 6.2507
3.3523 32.5495 110.7363 -6.0832 36.6735 6.2651
3.3542 32.6021 110.7387 -6.0936 36.6188 6.2787
3.3556 32.6551 110.741 -6.1036 36.5637 6.2916
3.3566 32.7086 110.7434 -6.1131 36.508 6.3037
3.3572 32.7627 110.7458 -6.1221 36.4519 6.3151
3.3575 32.8172 110.7482 -6.1306 36.3952 6.3258
3.3575 32.8713 110.7506 -6.1388 36.3391 6.336
3.3575 32.9241 110.7529 -6.1469 36.2844 6.3459
3.3575 32.9755 110.755 -6.1547 36.2311 6.3556
3.3575 33.0256 110.757 -6.1623 36.1793 6.3651
3.3575 33.0744 110.7589 -6.1698 36.129 6.3743
3.3575 33.1218 110.7606 -6.177 36.0801 6.3833
3.3575 33.1679 110.7623 -6.1841 36.0326 6.392
3.3575 33.2126 110.7639 -6.1909 35.9866 6.4005
3.3575 33.256 110.7653 -6.1976 35.942 6.4088
3.3575 33.298 110.7667 -6.2041 35.8989 6.4167
3.3575 33.3387 110.768 -6.2103 35.8571 6.4245
3.3575 33.378 110.7692 -6.2164 35.8169 6.432
3.3575 33.4159 110.7703 -6.2223 35.778 6.4392
3.3575 33.4525 110.7714 -6.228 35.7406 6.4462
3.3575 33.4877 110.7724 -6.2334 35.7046 6.4529
3.3575 33.5216 110.7733 -6.2387 35.67 6.4594
3.3575 33.5541 110.7742 -6.2437 35.6369 6.4656
3.3575 33.5852 110.775 -6.2486 35.6052 6.4716
3.3575 33.615 110.7757 -6.2532 35.5749 6.4773
3.3575 33.6433 110.7764 -6.2577 35.546 6.4827
3.3575 33.6703 110.777 -6.2619 35.5185 6.4879
3.3575 33.696 110.7776 -6.2659 35.4925 6.4928
3.3575 33.7202 110.7781 -6.2697 35.4678 6.4975
3.3575 33.7431 110.7786 -6.2733 35.4446 6.5019
3.3575 33.7646 110.779 -6.2766 35.4228 6.506
3.3575 33.7847 110.7795 -6.2798 35.4024 6.5099
3.3575 33.8034 110.7798 -6.2827 35.3834 6.5135
3.3575 33.8207 110.7802 -6.2854 35.3659 6.5169
3.3575 33.8367 110.7805 -6.288 35.3497 6.5199
3.3575 33.8513 110.7807 -6.2903 35.3349 6.5227
3.3575 33.8645 110.781 -6.2923 35.3216 6.5253
3.3575 33.8763 110.7812 -6.2942 35.3096 6.5276
3.3575 33.8867 110.7814 -6.2958 35.2991 6.5296
3.3575 33.8957 110.7815 -6.2972 35.29 6.5313
3.3575 33.9034 110.7817 -6.2985 35.2823 6.5328
3.3575 33.9096 110.7818 -6.2994 35.2759 6.534
3.3575 33.9145 110.7819 -6.3002 35.271 6.5349
3.3575 33.9179 110.7819 -6.3008 35.2675 6.5356
3.3575 33.92 110.7819 -6.3011 35.2654 6.536
3.3575 33.9207 110.782 -6.3012 35.2647 6.5362
3.3575 33.92 110.7819 -6.3011 35.2654 6.536
3.3575 33.9179 110.7819 -6.3008 35.2675 6.5356
3.3575 33.9145 110.7819 -6.3002 35.271 6.5349
3.3575 33.9096 110.7818 -6.2994 35.2759 6.534
3.3575 33.9034 110.7817 -6.2985 35.2823 6.5328
3.3575 33.8957 110.7815 -6.2972 35.29 6.5313
3.3575 33.8867 110.7814 -6.2958 35.2991 6.5296
3.3575 33.8763 110.7812 -6.2942 35.3096 6.5276
3.3575 33.8645 110.781 -6.2923 35.3216 6.5253
3.3575 33.8513 110.7807 -6.2903 35.3349 6.5227
3.3575 33.8367 110.7805 -6.288 35.3497 6.5199
3.3575 33.8207 110.7802 -6.2854 35.3659 6.5169
3.3575 33.8034 110.7798 -6.2827 35.3834 6.5135
3.3575 33.7847 110.7795 -6.2798 35.4024 6.5099
3.3575 33.7646 110.779 -6.2766 35.4228 6.506
3.3575 33.7431 110.7786 -6.2733 35.4446 6.5019
3.3575 33.7202 110.7781 -6.2697 35.4678 6.4975
3.3575 33.696 110.7776 -6.2659 35.4925 6.4928
3.3575 33.6703 110.777 -6.2619 35.5185 6.4879
3.3575 33.6433 110.7764 -6.2577 35.546 6.4827
3.3575 33.615 110.7757 -6.2532 35.5749 6.4773
3.3575 33.5852 110.775 -6.2486 35.6052 6.4716
3.3575 33.5541 110.7742 -6.2437 35.6369 6.4656
3.3575 33.5216 110.7733 -6.2387 35.67 6.4594
3.3575 33.4877 110.7724 -6.2334 35.7046 6.4529
3.3575 33.4525 110.7714 -6.228 35.7406 6.4462
3.3575 33.4159 110.7703 -6.2223 35.778 6.4392
3.3575 33.378 110.7692 -6.2164 35.8169 6.432
3.3575 33.3387 110.768 -6.2103 35.8571 6.4245
3.3575 33.298 110.7667 -6.2041 35.8989 6.4167
3.3575 33.256 110.7653 -6.1976 35.942 6.4088
3.3575 33.2126 110.7639 -6.1909 35.9866 6.4005
3.3575 33.1679 110.7623 -6.1841 36.0326 6.392
3.3575 33.1218 110.7606 -6.177 36.0801 6.3833
3.3575 33.0744 110.7589 -6.1698 36.129 6.3743
3.3575 33.0256 110.757 -6.1623 36.1793 6.3651
3.3575 32.9755 110.755 -6.1547 36.2311 6.3556
3.3575 32.9241 110.7529 -6.1469 36.2844 6.3459
3.3575 32.8713 110.7506 -6.1388 36.3391 6.336
3.3575 32.8172 110.7482 -6.1306 36.3952 6.3258
3.3575 32.7627 110.7458 -6.1224 36.4519 6.3156
3.3575 32.7087 110.7434 -6.1142 36.508 6.3054
3.3575 32.6551 110.741 -6.1061 36.5636 6.2953
3.3575 32.6021 110.7387 -6.0981 36.6186 6.2854
3.3575 32.5496 110.7363 -6.0901 36.6732 6.2755
3.3575 32.4975 110.734 -6.0823 36.7272 6.2657
3.3575 32.446 110.7317 -6.0745 36.7808 6.256
3.3575 32.395 110.7294 -6.0667 36.8338 6.2464
3.3575 32.3444 110.7272 -6.0591 36.8863 6.2369
3.3575 32.2944 110.7249 -6.0515 36.9382 6.2275
3.3575 32.2448 110.7227 -6.044 36.9897 6.2182
3.3575 32.1958 110.7205 -6.0366 37.0406 6.209
3.3575 32.1473 110.7184 -6.0293 37.0911 6.1999
3.3575 32.0992 110.7162 -6.022 37.141 6.1908
3.3575 32.0517 110.7141 -6.0148 37.1903 6.1819
3.3575 32.0046 110.712 -6.0077 37.2392 6.173
3.3575 31.958 110.7099 -6.0006 37.2876 6.1643
3.3575 31.912 110.7079 -5.9937 37.3354 6.1556
3.3575 31.8664 110.7059 -5.9868 37.3827 6.1471
3.3575 31.8214 110.7038 -5.9799 37.4295 6.1386
3.3575 31.7768 110.7019 -5.9732 37.4758 6.1302
3.3575 31.7327 110.6999 -5.9665 37.5216 6.1219
3.3575 31.6892 110.698 -5.9599 37.5668 6.1137
3.3575 31.6461 110.696 -5.9534 37.6115 6.1056
3.3575 31.6035 110.6941 -5.947 37.6558 6.0976
3.3575 31.5615 110.6923 -5.9406 37.6995 6.0897
3.3575 31.5199 110.6904 -5.9343 37.7426 6.0819
3.3575 31.4788 110.6886 -5.9281 37.7853 6.0742
3.3575 31.4382 110.6868 -5.922 37.8275 6.0665
3.3575 31.3981 110.685 -5.9159 37.8691 6.059
3.3575 31.3586 110.6832 -5.9099 37.9102 6.0516
3.3575 31.3195 110.6815 -5.904 37.9508 6.0442
3.3575 31.2809 110.6798 -5.8981 37.9909 6.037
3.3575 31.2428 110.6781 -5.8924 38.0304 6.0298
3.3575 31.2052 110.6764 -5.8867 38.0695 6.0227
3.3575 31.1681 110.6747 -5.8811 38.108 6.0158
3.3575 31.1315 110.6731 -5.8755 38.146 6.0089
3.3575 31.0954 110.6715 -5.8701 38.1835 6.0021
3.3575 31.0598 110.6699 -5.8647 38.2205 5.9954
3.3575 31.0247 110.6683 -5.8594 38.2569 5.9888
3.3575 30.9901 110.6668 -5.8541 38.2929 5.9823
3.3575 30.956 110.6653 -5.849 38.3283 5.9759
3.3575 30.9224 110.6638 -5.8439 38.3632 5.9696
3.3575 30.8893 110.6623 -5.8389 38.3976 5.9633
3.3575 30.8567 110.6608 -5.8339 38.4315 5.9572
3.3575 30.8246 110.6594 -5.8291 38.4648 5.9512
3.3575 30.7929 110.658 -5.8243 38.4977 5.9452
3.3575 30.7618 110.6566 -5.8196 38.53 5.9394
3.3575 30.7312 110.6552 -5.815 38.5618 5.9336
3.3575 30.7011 110.6539 -5.8104 38.5931 5.928
3.3575 30.6714 110.6526 -5.8059 38.6238 5.9224
3.3575 30.6423 110.6513 -5.8015 38.6541 5.9169
3.3575 30.6137 110.65 -5.7972 38.6838 5.9115
3.3575 30.5856 110.6488 -5.7929 38.7131 5.9062
3.3575 30.5579 110.6475 -5.7887 38.7418 5.901
3.3575 30.5308 110.6463 -5.7846 38.7699 5.8959
3.3575 30.5041 110.6451 -5.7806 38.7976 5.8909
3.3575 30.478 110.644 -5.7766 38.8248 5.886
3.3575 30.4524 110.6428 -5.7728 38.8514 5.8812
3.3575 30.4272 110.6417 -5.7689 38.8775 5.8765
3.3575 30.4026 110.6406 -5.7652 38.9031 5.8718
3.3575 30.3784 110.6395 -5.7616 38.9282 5.8673
3.3575 30.3548 110.6385 -5.758 38.9527 5.8628
3.3575 30.3316 110.6374 -5.7545 38.9768 5.8585
3.3575 30.309 110.6364 -5.7511 39.0003 5.8542
3.3575 30.2868 110.6354 -5.7477 39.0233 5.8501
3.3575 30.2651 110.6345 -5.7444 39.0458 5.846
3.3575 30.244 110.6335 -5.7412 39.0678 5.842
3.3575 30.2233 110.6326 -5.7381 39.0893 5.8381
3.3575 30.2032 110.6317 -5.735 39.1102 5.8343
3.3575 30.1835 110.6308 -5.7321 39.1306 5.8306
3.3575 30.1643 110.63 -5.7292 39.1505 5.827
3.3575 30.1456 110.6291 -5.7263 39.1699 5.8235
3.3575 30.1275 110.6283 -5.7236 39.1888 5.8201
3.3575 30.1098 110.6275 -5.7209 39.2072 5.8168
3.3575 30.0926 110.6268 -5.7183 39.225 5.8136
3.3575 30.0759 110.626 -5.7158 39.2423 5.8104
3.3575 30.0598 110.6253 -5.7133 39.2591 5.8074
3.3575 30.0441 110.6246 -5.711 39.2754 5.8044
3.3575 30.0289 110.6239 -5.7087 39.2912 5.8016
3.3575 30.0142 110.6233 -5.7064 39.3065 5.7988
3.3575 30 110.6226 -5.7043 39.3212 5.7961
3.3575 29.9863 110.622 -5.7022 39.3354 5.7936
3.3575 29.9731 110.6214 -5.7002 39.3491 5.7911
3.3575 29.9604 110.6209 -5.6983 39.3623 5.7887
3.3575 29.9482 110.6203 -5.6965 39.375 5.7864
3.3575 29.9365 110.6198 -5.6947 39.3871 5.7842
3.3575 29.9253 110.6193 -5.693 39.3988 5.7821
3.3575 29.9146 110.6188 -5.6914 39.4099 5.7801
3.3575 29.9044 110.6184 -5.6898 39.4205 5.7782
3.3575 29.8947 110.618 -5.6884 39.4306 5.7763
3.3575 29.8855 110.6175 -5.687 39.4401 5.7746
3.3575 29.8768 110.6172 -5.6856 39.4492 5.773
3.3575 29.8686 110.6168 -5.6844 39.4577 5.7714
3.3575 29.8608 110.6164 -5.6832 39.4657 5.77
3.3575 29.8536 110.6161 -5.6821 39.4732 5.7686
3.3575 29.8469 110.6158 -5.6811 39.4802 5.7674
3.3575 29.8407 110.6155 -5.6802 39.4867 5.7662
3.3575 29.8349 110.6153 -5.6793 39.4926 5.7651
3.3575 29.8297 110.6151 -5.6785 39.4981 5.7641
3.3575 29.825 110.6148 -5.6778 39.503 5.7632
3.3575 29.8208 110.6147 -5.6772 39.5074 5.7624
3.3575 29.817 110.6145 -5.6766 39.5113 5.7617
3.3575 29.8138 110.6143 -5.6761 39.5146 5.7611
3.3575 29.811 110.6142 -5.6757 39.5175 5.7606
3.3575 29.8088 110.6141 -5.6754 39.5198 5.7602
3.3575 29.8071 110.614 -5.6751 39.5216 5.7599
3.3575 29.8058 110.614 -5.6749 39.5229 5.7596
3.3575 29.8051 110.614 -5.6748 39.5237 5.7595
3.3575 29.8048 110.6139 -5.6748 39.5239 5.7594
3.3575 29.8051 110.614 -5.6748 39.5237 5.7595
3.3575 29.8058 110.614 -5.6749 39.5229 5.7596
3.3575 29.8071 110.614 -5.6751 39.5216 5.7599
3.3575 29.8088 110.6141 -5.6754 39.5198 5.7602
3.3575 29.811 110.6142 -5.6757 39.5175 5.7606
3.3575 29.8138 110.6143 -5.6761 39.5146 5.7611
3.3575 29.817 110.6145 -5.6766 39.5113 5.7617
3.3575 29.8208 110.6147 -5.6772 39.5074 5.7624
3.3575 29.825 110.6148 -5.6778 39.503 5.7632
3.3575 29.8297 110.6151 -5.6785 39.4981 5.7641
3.3575 29.8349 110.6153 -5.6793 39.4926 5.7651
3.3575 29.8407 110.6155 -5.6802 39.4867 5.7662
3.3575 29.8469 110.6158 -5.6811 39.4802 5.7674
3.3575 29.8536 110.6161 -5.6821 39.4732 5.7686
3.3575 29.8608 110.6164 -5.6832 39.4657 5.77
3.3575 29.8686 110.6168 -5.6844 39.4577 5.7714
3.3575 29.8768 110.6172 -5.6856 39.4492 5.773
3.3575 29.8855 110.6175 -5.687 39.4401 5.7746
3.3575 29.8947 110.618 -5.6884 39.4306 5.7763
3.3575 29.9044 110.6184 -5.6898 39.4205 5.7782
3.3575 29.9146 110.6188 -5.6914 39.4099 5.7801
3.3575 29.9253 110.6193 -5.693 39.3988 5.7821
3.3575 29.9365 110.6198 -5.6947 39.3871 5.7842
3.3575 29.9482 110.6203 -5.6965 39.375 5.7864
3.3575 29.9604 110.6209 -5.6983 39.3623 5.7887
3.3575 29.9731 110.6214 -5.7002 39.3491 5.7911
3.3575 29.9863 110.622 -5.7022 39.3354 5.7936
3.3575 30 110.6226 -5.7043 39.3212 5.7961
3.3575 30.0142 110.6233 -5.7064 39.3065 5.7988
3.3575 30.0289 110.6239 -5.7087 39.2912 5.8016
3.3575 30.0441 110.6246 -5.711 39.2754 5.8044
3.3575 30.0598 110.6253 -5.7133 39.2591 5.8074
3.3575 30.0759 110.626 -5.7158 39.2423 5.8104
3.3575 30.0926 110.6268 -5.7183 39.225 5.8136
3.3575 30.1098 110.6275 -5.7209 39.2072 5.8168
3.3575 30.1275 110.6283 -5.7236 39.1888 5.8201
3.3575 30.1456 110.6291 -5.7263 39.1699 5.8235
3.3575 30.1643 110.63 -5.7292 39.1505 5.827
3.3575 30.1835 110.6308 -5.7321 39.1306 5.8306
3.3575 30.2032 110.6317 -5.735 39.1102 5.8343
3.3575 30.2233 110.6326 -5.7381 39.0893 5.8381
3.3575 30.244 110.6335 -5.7412 39.0678 5.842
3.3575 30.2651 110.6345 -5.7444 39.0458 5.846
3.3575 30.2868 110.6354 -5.7477 39.0233 5.8501
3.3575 30.309 110.6364 -5.7511 39.0003 5.8542
3.3575 30.3316 110.6374 -5.7545 38.9768 5.8585
3.3575 30.3548 110.6385 -5.758 38.9527 5.8628
3.3575 30.3784 110.6395 -5.7616 38.9282 5.8673
3.3575 30.4026 110.6406 -5.7652 38.9031 5.8718
3.3575 30.4272 110.6417 -5.7689 38.8775 5.8765
3.3575 30.4524 110.6428 -5.7728 38.8514 5.8812
3.3575 30.478 110.644 -5.7766 38.8248 5.886
3.3575 30.5041 110.6451 -5.7806 38.7976 5.8909
3.3575 30.5308 110.6463 -5.7846 38.7699 5.8959
3.3575 30.5579 110.6475 -5.7887 38.7418 5.901
3.3575 30.5856 110.6488 -5.7929 38.7131 5.9062
3.3575 30.6137 110.65 -5.7972 38.6838 5.9115
3.3575 30.6423 110.6513 -5.8015 38.6541 5.9169
3.3575 30.6714 110.6526 -5.8059 38.6238 5.9224
3.3575 30.7011 110.6539 -5.8104 38.5931 5.928
3.3575 30.7312 110.6552 -5.815 38.5618 5.9336
3.3575 30.7618 110.6566 -5.8196 38.53 5.9394
3.3575 30.7929 110.658 -5.8243 38.4977 5.9452
3.3575 30.8246 110.6594 -5.8291 38.4648 5.9512
3.3575 30.8567 110.6608 -5.8339 38.4315 5.9572
3.3575 30.8893 110.6623 -5.8389 38.3976 5.9633
3.3575 30.9224 110.6638 -5.8439 38.3632 5.9696
3.3575 30.956 110.6653 -5.849 38.3283 5.9759
3.3575 30.9901 110.6668 -5.8541 38.2929 5.9823
3.3575 31.0247 110.6683 -5.8594 38.2569 5.9888
3.3575 31.0598 110.6699 -5.8647 38.2205 5.9954
3.3575 31.0954 110.6715 -5.8701 38.1835 6.0021
3.3575 31.1315 110.6731 -5.8755 38.146 6.0089
3.3575 31.1681 110.6747 -5.8811 38.108 6.0158
3.3575 31.2052 110.6764 -5.8867 38.0695 6.0227
3.3575 31.2428 110.6781 -5.8924 38.0304 6.0298
3.3575 31.2809 110.6798 -5.8981 37.9909 6.037
3.3575 31.3195 110.6815 -5.904 37.9508 6.0442
3.3575 31.3586 110.6832 -5.9099 37.9102 6.0516
3.3575 31.3981 110.685 -5.9159 37.8691 6.059
3.3575 31.4382 110.6868 -5.922 37.8275 6.0665
3.3575 31.4788 110.6886 -5.9281 37.7853 6.0742
3.3575 31.5199 110.6904 -5.9343 37.7426 6.0819
3.3575 31.5615 110.6923 -5.9406 37.6995 6.0897
3.3575 31.6035 110.6941 -5.947 37.6558 6.0976
3.3575 31.6461 110.696 -5.9534 37.6115 6.1056
3.3575 31.6892 110.698 -5.9599 37.5668 6.1137
3.3575 31.7327 110.6999 -5.9665 37.5216 6.1219
3.3575 31.7768 110.7019 -5.9732 37.4758 6.1302
3.3575 31.8214 110.7038 -5.9799 37.4295 6.1386
3.3575 31.8664 110.7059 -5.9868 37.3827 6.1471
3.3575 31.912 110.7079 -5.9937 37.3354 6.1556
3.3575 31.958 110.7099 -6.0006 37.2876 6.1643
3.3575 32.0046 110.712 -6.0077 37.2392 6.173
3.3575 32.0517 110.7141 -6.0148 37.1903 6.1819
3.3575 32.0992 110.7162 -6.022 37.141 6.1908
3.3575 32.1473 110.7184 -6.0293 37.0911 6.1999
3.3575 32.1958 110.7205 -6.0366 37.0406 6.209
3.3575 32.2448 110.7227 -6.044 36.9897 6.2182
3.3575 32.2944 110.7249 -6.0515 36.9382 6.2275
3.3575 32.3444 110.7272 -6.0591 36.8863 6.2369
3.3575 32.395 110.7294 -6.0667 36.8338 6.2464
3.3575 32.446 110.7317 -6.0745 36.7808 6.256
3.3575 32.4975 110.734 -6.0823 36.7272 6.2657
3.3575 32.5496 110.7363 -6.0901 36.6732 6.2755
3.3575 32.6021 110.7387 -6.0981 36.6186 6.2854
3.3575 32.6551 110.741 -6.1061 36.5636 6.2953
3.3575 32.7087 110.7434 -6.1142 36.508 6.3054
3.3575 32.7627 110.7458 -6.1224 36.4519 6.3156
3.3575 32.8172 110.7482 -6.1306 36.3952 6.3258
3.3575 32.8713 110.7506 -6.1388 36.3391 6.336
3.3575 32.9241 110.7529 -6.1469 36.2844 6.3459
3.3575 32.9755 110.755 -6.1547 36.2311 6.3556
3.3575 33.0256 110.757 -6.1623 36.1793 6.3651
3.3575 33.0744 110.7589 -6.1698 36.129 6.3743
3.3575 33.1218 110.7606 -6.177 36.0801 6.3833
3.3575 33.1679 110.7623 -6.1841 36.0326 6.392
3.3575 33.2126 110.7639 -6.1909 35.9866 6.4005
3.3575 33.256 110.7653 -6.1976 35.942 6.4088
3.3575 33.298 110.7667 -6.2041 35.8989 6.4167
3.3575 33.3387 110.768 -6.2103 35.8571 6.4245
3.3575 33.378 110.7692 -6.2164 35.8169 6.432
3.3575 33.4159 110.7703 -6.2223 35.778 6.4392
3.3575 33.4525 110.7714 -6.228 35.7406 6.4462
3.3575 33.4877 110.7724 -6.2334 35.7046 6.4529
3.3575 33.5216 110.7733 -6.2387 35.67 6.4594
3.3575 33.5541 110.7742 -6.2437 35.6369 6.4656
3.3575 33.5852 110.775 -6.2486 35.6052 6.4716
3.3575 33.615 110.7757 -6.2532 35.5749 6.4773
3.3575 33.6433 110.7764 -6.2577 35.546 6.4827
3.3575 33.6703 110.777 -6.2619 35.5185 6.4879
3.3575 33.696 110.7776 -6.2659 35.4925 6.4928
3.3575 33.7202 110.7781 -6.2697 35.4678 6.4975
3.3575 33.7431 110.7786 -6.2733 35.4446 6.5019
3.3575 33.7646 110.779 -6.2766 35.4228 6.506
3.3575 33.7847 110.7795 -6.2798 35.4024 6.5099
3.3575 33.8034 110.7798 -6.2827 35.3834 6.5135
3.3575 33.8207 110.7802 -6.2854 35.3659 6.5169
3.3575 33.8367 110.7805 -6.288 35.3497 6.5199
3.3575 33.8513 110.7807 -6.2903 35.3349 6.5227
3.3575 33.8645 110.781 -6.2923 35.3216 6.5253
3.3575 33.8763 110.7812 -6.2942 35.3096 6.5276
3.3575 33.8867 110.7814 -6.2958 35.2991 6.5296
3.3575 33.8957 110.7815 -6.2972 35.29 6.5313
3.3575 33.9034 110.7817 -6.2985 35.2823 6.5328
3.3575 33.9096 110.7818 -6.2994 35.2759 6.534
3.3575 33.9145 110.7819 -6.3002 35.271 6.5349
3.3575 33.9179 110.7819 -6.3008 35.2675 6.5356
3.3575 33.92 110.7819 -6.3011 35.2654 6.536
3.3575 33.9207 110.782 -6.3012 35.2647 6.5362
3.3575 33.92 110.7819 -6.3011 35.2654 6.536
3.3575 33.9179 110.7819 -6.3008 35.2675 6.5356
3.3575 33.9145 110.7819 -6.3002 35.271 6.5349
3.3575 33.9096 110.7818 -6.2994 35.2759 6.534
3.3575 33.9034 110.7817 -6.2985 35.2823 6.5328
3.3575 33.8957 110.7815 -6.2972 35.29 6.5313
3.3575 33.8867 110.7814 -6.2958 35.2991 6.5296
3.3575 33.8763 110.7812 -6.2942 35.3096 6.5276
3.3575 33.8645 110.781 -6.2923 35.3216 6.5253
3.3575 33.8513 110.7807 -6.2903 35.3349 6.5227
3.3575 33.8367 110.7805 -6.288 35.3497 6.5199
3.3575 33.8207 110.7802 -6.2854 35.3659 6.5169
3.3575 33.8034 110.7798 -6.2827 35.3834 6.5135
3.3575 33.7847 110.7795 -6.2798 35.4024 6.5099
3.3575 33.7646 110.779 -6.2766 35.4228 6.506
3.3575 33.7431 110.7786 -6.2733 35.4446 6.5019
3.3575 33.7202 110.7781 -6.2697 35.4678 6.4975
3.3575 33.696 110.7776 -6.2659 35.4925 6.4928
3.3575 33.6703 110.777 -6.2619 35.5185 6.4879
3.3575 33.6433 110.7764 -6.2577 35.546 6.4827
3.3575 33.615 110.7757 -6.2532 35.5749 6.4773
3.3575 33.5852 110.775 -6.2486 35.6052 6.4716
3.3575 33.5541 110.7742 -6.2437 35.6369 6.4656
3.3575 33.5216 110.7733 -6.2387 35.67 6.4594
3.3575 33.4877 110.7724 -6.2334 35.7046 6.4529
3.3575 33.4525 110.7714 -6.228 35.7406 6.4462
3.3575 33.4159 110.7703 -6.2223 35.778 6.4392
3.3575 33.378 110.7692 -6.2164 35.8169 6.432
3.3575 33.3387 110.768 -6.2103 35.8571 6.4245
3.3575 33.298 110.7667 -6.2041 35.8989 6.4167
3.3575 33.256 110.7653 -6.1976 35.942 6.4088
3.3575 33.2126 110.7639 -6.1909 35.9866 6.4005
3.3575 33.1679 110.7623 -6.1841 36.0326 6.392
3.3575 33.1218 110.7606 -6.177 36.0801 6.3833
3.3575 33.0744 110.7589 -6.1698 36.129 6.3743
3.3575 33.0256 110.757 -6.1623 36.1793 6.3651
3.3575 32.9755 110.755 -6.1547 36.2311 6.3556
3.3575 32.9241 110.7529 -6.1469 36.2844 6.3459
3.3575 32.8713 110.7506 -6.1388 36.3391 6.336
3.3575 32.8172 110.7482 -6.1306 36.3952 6.3258
3.3576 32.7627 110.7458 -6.1217 36.4519 6.3151
3.3579 32.7087 110.7433 -6.1115 36.508 6.3037
3.3584 32.6552 110.7409 -6.1 36.5635 6.2916
3.3591 32.6022 110.7384 -6.0873 36.6186 6.2788
3.36 32.5498 110.7359 -6.0734 36.6731 6.2652
3.3611 32.4979 110.7334 -6.0582 36.7271 6.2509
3.3624 32.4464 110.7309 -6.0418 36.7806 6.236
3.3639 32.3955 110.7284 -6.0241 36.8336 6.2203
3.3656 32.3451 110.7259 -6.0053 36.886 6.204
3.3675 32.2953 110.7234 -5.9854 36.9379 6.187
3.3696 32.2459 110.7209 -5.9642 36.9893 6.1693
3.3718 32.197 110.7184 -5.9419 37.0402 6.1509
3.3742 32.1487 110.7158 -5.9184 37.0905 6.1319
3.3769 32.1009 110.7133 -5.8938 37.1403 6.1122
3.3797 32.0536 110.7108 -5.8681 37.1896 6.0919
3.3826 32.0068 110.7082 -5.8413 37.2384 6.0709
3.3858 31.9605 110.7056 -5.8133 37.2866 6.0493
3.3891 31.9147 110.7031 -5.7843 37.3344 6.0271
3.3926 31.8695 110.7005 -5.7542 37.3816 6.0043
3.3963 31.8247 110.698 -5.7231 37.4283 5.9808
3.4002 31.7805 110.6954 -5.6908 37.4744 5.9568
3.4042 31.7368 110.6928 -5.6576 37.5201 5.9321
3.4083 31.6936 110.6902 -5.6233 37.5652 5.9069
3.4127 31.6509 110.6877 -5.588 37.6098 5.881
3.4172 31.6087 110.6851 -5.5517 37.6538 5.8546
3.4218 31.567 110.6825 -5.5144 37.6974 5.8276
3.4267 31.5259 110.6799 -5.4761 37.7404 5.8001
3.4316 31.4852 110.6773 -5.4368 37.7829 5.772
3.4368 31.4451 110.6748 -5.3966 37.8249 5.7433
3.4421 31.4055 110.6722 -5.3555 37.8663 5.7141
3.4475 31.3663 110.6696 -5.3134 37.9073 5.6844
3.4531 31.3277 110.667 -5.2703 37.9477 5.6541
3.4588 31.2896 110.6644 -5.2264 37.9876 5.6233
3.4647 31.2521 110.6618 -5.1816 38.027 5.592
3.4707 31.215 110.6592 -5.1358 38.0658 5.5602
3.4768 31.1784 110.6566 -5.0892 38.1041 5.5279
3.4831 31.1424 110.6541 -5.0418 38.142 5.4951
3.4896 31.1068 110.6515 -4.9934 38.1792 5.4617
3.4961 31.0718 110.6489 -4.9443 38.216 5.4279
3.5028 31.0373 110.6463 -4.8943 38.2522 5.3937
3.5097 31.0032 110.6437 -4.8435 38.288 5.3589
3.5166 30.9697 110.6412 -4.7918 38.3232 5.3237
3.5237 30.9367 110.6386 -4.7394 38.3579 5.288
3.5309 30.9042 110.636 -4.6862 38.392 5.2519
3.5383 30.8723 110.6334 -4.6322 38.4257 5.2153
3.5457 30.8408 110.6309 -4.5775 38.4588 5.1783
3.5533 30.8098 110.6283 -4.522 38.4914 5.1409
3.561 30.7794 110.6258 -4.4658 38.5234 5.103
3.5688 30.7494 110.6232 -4.4088 38.555 5.0648
3.5768 30.72 110.6207 -4.3512 38.586 5.0261
3.5848 30.691 110.6181 -4.2928 38.6166 4.987
3.593 30.6626 110.6156 -4.2338 38.6465 4.9475
3.6012 30.6347 110.6131 -4.174 38.676 4.9077
3.6096 30.6073 110.6105 -4.1136 38.705 4.8674
3.6181 30.5804 110.608 -4.0526 38.7334 4.8268
3.6267 30.554 110.6055 -3.9909 38.7613 4.7858
3.6354 30.5281 110.603 -3.9286 38.7887 4.7444
3.6441 30.5027 110.6005 -3.8656 38.8156 4.7027
3.653 30.4778 110.598 -3.8021 38.8419 4.6606
3.662 30.4534 110.5956 -3.7379 38.8678 4.6182
3.6711 30.4295 110.5931 -3.6732 38.8931 4.5754
3.6802 30.4062 110.5906 -3.6079 38.9179 4.5324
3.6895 30.3833 110.5882 -3.542 38.9422 4.489
3.6988 30.361 110.5857 -3.4756 38.9659 4.4452
3.7083 30.3391 110.5833 -3.4086 38.9892 4.4012
3.7178 30.3178 110.5808 -3.3411 39.0119 4.3569
3.7274 30.2969 110.5784 -3.2731 39.0341 4.3123
3.737 30.2766 110.576 -3.2046 39.0557 4.2673
3.7468 30.2567 110.5736 -3.1356 39.0769 4.2221
3.7566 30.2374 110.5712 -3.0662 39.0975 4.1767
3.7665 30.2186 110.5688 -2.9962 39.1177 4.1309
3.7765 30.2003 110.5665 -2.9258 39.1373 4.0849
3.7866 30.1824 110.5641 -2.855 39.1563 4.0387
3.7967 30.1651 110.5618 -2.7837 39.1749 3.9922
3.8069 30.1483 110.5594 -2.712 39.193 3.9454
3.8171 30.132 110.5571 -2.6399 39.2105 3.8984
3.8274 30.1162 110.5548 -2.5674 39.2275 3.8512
3.8378 30.1009 110.5525 -2.4945 39.244 3.8038
3.8483 30.0861 110.5502 -2.4213 39.2599 3.7561
3.8588 30.0718 110.548 -2.3477 39.2754 3.7083
3.8693 30.058 110.5457 -2.2737 39.2903 3.6602
3.8799 30.0447 110.5435 -2.1994 39.3047 3.612
3.8906 30.0319 110.5413 -2.1247 39.3186 3.5635
3.9013 30.0196 110.539 -2.0498 39.332 3.5149
3.9121 30.0079 110.5368 -1.9745 39.3449 3.4661
3.9229 29.9966 110.5347 -1.899 39.3572 3.4171
3.9337 29.9858 110.5325 -1.8231 39.369 3.368
3.9446 29.9755 110.5303 -1.747 39.3803 3.3187
3.9556 29.9657 110.5282 -1.6707 39.3911 3.2693
3.9665 29.9564 110.5261 -1.5941 39.4014 3.2197
3.9776 29.9476 110.524 -1.5172 39.4112 3.17
3.9886 29.9394 110.5219 -1.4402 39.4204 3.1202
3.9997 29.9316 110.5198 -1.3629 39.4291 3.0703
4.0108 29.9243 110.5178 -1.2854 39.4373 3.0202
4.022 29.9175 110.5158 -1.2078 39.445 2.97
4.0331 29.9112 110.5137 -1.1299 39.4522 2.9198
4.0443 29.9055 110.5117 -1.0519 39.4588 2.8694
4.0556 29.9002 110.5098 -0.9738 39.4649 2.8189
4.0668 29.8954 110.5078 -0.8955 39.4705 2.7684
4.0781 29.8911 110.5059 -0.8171 39.4756 2.7178
4.0894 29.8873 110.5039 -0.7386 39.4802 2.6671
4.1007 29.884 110.502 -0.6599 39.4843 2.6164
4.112 29.8812 110.5002 -0.5812 39.4878 2.5656
4.1233 29.8789 110.4983 -0.5024 39.4909 2.5148
4.1347 29.8772 110.4964 -0.4235 39.4934 2.4639
4.146 29.8759 110.4946 -0.3446 39.4954 2.413
4.1574 29.8751 110.4928 -0.2656 39.4968 2.3621
4.1688 29.8748 110.491 -0.1866 39.4978 2.3111
4.1801 29.875 110.4893 -0.1075 39.4983 2.2602
4.1915 29.8757 110.4876 -0.0285 39.4982 2.2092
4.2029 29.8768 110.4858 0.0506 39.4976 2.1582
4.2142 29.8785 110.4842 0.1296 39.4965 2.1073
4.2256 29.8807 110.4825 0.2086 39.4949 2.0563
4.237 29.8834 110.4808 0.2876 39.4927 2.0054
4.2483 29.8866 110.4792 0.3665 39.4901 1.9545
4.2597 29.8903 110.4776 0.4454 39.4869 1.9036
4.271 29.8944 110.476 0.5242 39.4832 1.8528
4.2823 29.8991 110.4745 0.6029 39.479 1.802
4.2936 29.9043 110.473 0.6816 39.4743 1.7513
4.3049 29.9099 110.4715 0.7601 39.4691 1.7006
4.3162 29.9161 110.47 0.8385 39.4633 1.65
4.3274 29.9227 110.4685 0.9168 39.4571 1.5995
4.3387 29.9299 110.4671 0.9949 39.4503 1.5491
4.3499 29.9375 110.4657 1.0729 39.443 1.4987
4.361 29.9456 110.4644 1.1507 39.4352 1.4485
4.3722 29.9543 110.463 1.2283 39.4269 1.3983
4.3833 29.9634 110.4617 1.3058 39.418 1.3483
4.3944 29.973 110.4604 1.383 39.4087 1.2983
4.4054 29.9831 110.4591 1.4601 39.3988 1.2485
4.4165 29.9937 110.4579 1.5369 39.3884 1.1989
4.4274 30.0048 110.4567 1.6135 39.3775 1.1493
4.4384 30.0164 110.4555 1.6898 39.3661 1.0999
4.4493 30.0285 110.4544 1.7659 39.3542 1.0507
4.4601 30.0411 110.4532 1.8417 39.3417 1.0016
4.4709 30.0542 110.4521 1.9173 39.3288 0.9526
4.4817 30.0677 110.4511 1.9925 39.3153 0.9039
4.4924 30.0818 110.45 2.0674 39.3013 0.8553
4.5031 30.0963 110.449 2.142 39.2868 0.8069
4.5137 30.1114 110.448 2.2163 39.2718 0.7586
4.5242 30.1269 110.4471 2.2903 39.2562 0.7106
4.5347 30.1429 110.4462 2.3639 39.2402 0.6628
4.5452 30.1594 110.4453 2.4371 39.2236 0.6152
4.5556 30.1765 110.4445 2.51 39.2066 0.5678
4.5659 30.194 110.4436 2.5824 39.189 0.5206
4.5761 30.2119 110.4428 2.6545 39.1709 0.4737
4.5863 30.2304 110.4421 2.7262 39.1523 0.427
4.5964 30.2494 110.4414 2.7974 39.1331 0.3805
4.6065 30.2689 110.4407 2.8682 39.1135 0.3343
4.6165 30.2888 110.44 2.9386 39.0933 0.2883
4.6264 30.3093 110.4394 3.0085 39.0727 0.2426
4.6362 30.3302 110.4388 3.0779 39.0515 0.1972
4.646 30.3516 110.4382 3.1469 39.0298 0.152
4.6556 30.3736 110.4377 3.2154 39.0076 0.1072
4.6652 30.396 110.4372 3.2833 38.9848 0.0626
4.6747 30.4189 110.4368 3.3508 38.9616 0.0183
4.6842 30.4422 110.4363 3.4177 38.9378 -0.0256
4.6935 30.4661 110.436 3.4841 38.9136 -0.0693
4.7028 30.4905 110.4356 3.5499 38.8888 -0.1127
4.7119 30.5153 110.4353 3.6152 38.8635 -0.1557
4.721 30.5407 110.435 3.6798 38.8377 -0.1984
4.73 30.5665 110.4348 3.744 38.8114 -0.2407
4.7389 30.5928 110.4346 3.8075 38.7845 -0.2827
4.7476 30.6196 110.4344 3.8704 38.7572 -0.3244
4.7563 30.6469 110.4343 3.9326 38.7293 -0.3657
4.7649 30.6747 110.4342 3.9943 38.701 -0.4067
4.7734 30.703 110.4341 4.0553 38.6721 -0.4472
4.7818 30.7317 110.4341 4.1156 38.6427 -0.4874
4.79 30.761 110.4341 4.1753 38.6128 -0.5272
4.7982 30.7907 110.4342 4.2343 38.5824 -0.5666
4.8062 30.8209 110.4343 4.2926 38.5514 -0.6057
4.8142 30.8516 110.4344 4.3502 38.52 -0.6443
4.822 30.8828 110.4346 4.4071 38.4881 -0.6825
4.8297 30.9145 110.4348 4.4633 38.4556 -0.7203
4.8373 30.9467 110.4351 4.5187 38.4226 -0.7576
4.8447 30.9793 110.4354 4.5734 38.3891 -0.7945
4.8521 31.0125 110.4357 4.6273 38.3551 -0.831
4.8593 31.0461 110.4361 4.6805 38.3206 -0.8671
4.8664 31.0802 110.4365 4.7328 38.2856 -0.9027
4.8733 31.1148 110.437 4.7844 38.25 -0.9378
4.8802 31.1499 110.4375 4.8351 38.214 -0.9725
4.8869 31.1855 110.438 4.8851 38.1774 -1.0067
4.8934 31.2215 110.4386 4.9342 38.1403 -1.0404
4.8999 31.258 110.4393 4.9824 38.1028 -1.0736
4.9062 31.2951 110.4399 5.0298 38.0647 -1.1064
4.9123 31.3326 110.4407 5.0764 38.0261 -1.1386
4.9183 31.3706 110.4414 5.122 37.9869 -1.1703
4.9242 31.409 110.4422 5.1668 37.9473 -1.2016
4.9299 31.448 110.4431 5.2107 37.9072 -1.2323
4.9355 31.4874 110.444 5.2536 37.8665 -1.2624
4.9409 31.5274 110.4449 5.2957 37.8254 -1.2921
4.9462 31.5678 110.4459 5.3368 37.7837 -1.3212
4.9514 31.6087 110.4469 5.3769 37.7415 -1.3498
4.9563 31.65 110.448 5.4161 37.6988 -1.3778
4.9612 31.6919 110.4491 5.4543 37.6556 -1.4052
4.9658 31.7342 110.4503 5.4915 37.6119 -1.4321
4.9703 31.7771 110.4515 5.5278 37.5677 -1.4584
4.9747 31.8204 110.4528 5.563 37.5229 -1.4841
4.9788 31.8642 110.4541 5.5972 37.4777 -1.5093
4.9828 31.9084 110.4554 5.6304 37.4319 -1.5338
4.9867 31.9532 110.4568 5.6625 37.3856 -1.5578
4.9904 31.9984 110.4583 5.6936 37.3389 -1.5811
4.9939 32.0441 110.4598 5.7236 37.2916 -1.6039
4.9972 32.0903 110.4613 5.7525 37.2438 -1.626
5.0004 32.137 110.4629 5.7804 37.1955 -1.6475
5.0033 32.1842 110.4646 5.8071 37.1467 -1.6683
5.0061 32.2318 110.4662 5.8328 37.0973 -1.6885
5.0088 32.2799 110.468 5.8573 37.0475 -1.7081
5.0112 32.3285 110.4698 5.8807 36.9971 -1.727
5.0134 32.3776 110.4716 5.9029 36.9463 -1.7453
5.0155 32.4272 110.4735 5.924 36.8949 -1.7628
5.0174 32.4772 110.4755 5.9439 36.843 -1.7797
5.0191 32.5277 110.4774 5.9626 36.7907 -1.796
5.0206 32.5787 110.4795 5.9801 36.7378 -1.8115
5.0219 32.6302 110.4816 5.9964 36.6844 -1.8264
5.023 32.6822 110.4837 6.0115 36.6304 -1.8405
5.0239 32.7346 110.4859 6.0254 36.576 -1.8539
5.0246 32.7875 110.4882 6.038 36.5211 -1.8667
5.0251 32.8409 110.4905 6.0494 36.4656 -1.8787
5.0254 32.8948 110.4929 6.0595 36.4097 -1.89
5.0255 32.9492 110.4953 6.0683 36.3532 -1.9005
5.0255 33.0031 110.4976 6.0764 36.2973 -1.9105
5.0255 33.0557 110.4999 6.0843 36.2427 -1.9204
5.0255 33.107 110.502 6.0921 36.1896 -1.9299
5.0255 33.1569 110.504 6.0996 36.138 -1.9393
5.0255 33.2055 110.5059 6.107 36.0878 -1.9484
5.0255 33.2528 110.5076 6.1141 36.039 -1.9573
5.0255 33.2987 110.5093 6.1211 35.9917 -1.9659
5.0255 33.3433 110.5109 6.1279 35.9458 -1.9743
5.0255 33.3865 110.5123 6.1345 35.9014 -1.9824
5.0255 33.4284 110.5137 6.1409 35.8584 -1.9903
5.0255 33.469 110.515 6.1471 35.8168 -1.998
5.0255 33.5081 110.5162 6.1531 35.7766 -2.0054
5.0255 33.546 110.5173 6.1589 35.7379 -2.0125
5.0255 33.5824 110.5184 6.1645 35.7006 -2.0194
5.0255 33.6175 110.5194 6.1699 35.6647 -2.026
5.0255 33.6513 110.5203 6.1751 35.6302 -2.0324
5.0255 33.6837 110.5211 6.1801 35.5972 -2.0386
5.0255 33.7147 110.5219 6.1849 35.5656 -2.0445
5.0255 33.7444 110.5227 6.1895 35.5353 -2.0501
5.0255 33.7726 110.5233 6.1938 35.5065 -2.0555
5.0255 33.7996 110.524 6.198 35.4792 -2.0606
5.0255 33.8251 110.5246 6.202 35.4532 -2.0655
5.0255 33.8493 110.5251 6.2057 35.4286 -2.0701
5.0255 33.8721 110.5256 6.2093 35.4055 -2.0744
5.0255 33.8935 110.526 6.2126 35.3838 -2.0785
5.0255 33.9135 110.5264 6.2157 35.3634 -2.0823
5.0255 33.9322 110.5268 6.2186 35.3445 -2.0859
5.0255 33.9495 110.5271 6.2213 35.327 -2.0892
5.0255 33.9654 110.5274 6.2238 35.3109 -2.0922
5.0255 33.9799 110.5277 6.226 35.2961 -2.095
5.0255 33.9931 110.528 6.2281 35.2828 -2.0975
5.0255 34.0048 110.5282 6.2299 35.2709 -2.0998
5.0255 34.0152 110.5283 6.2316 35.2604 -2.1018
5.0255 34.0242 110.5285 6.233 35.2513 -2.1035
5.0255 34.0318 110.5286 6.2342 35.2436 -2.1049
5.0255 34.0381 110.5287 6.2351 35.2373 -2.1061
5.0255 34.0429 110.5288 6.2359 35.2324 -2.1071
5.0255 34.0464 110.5289 6.2364 35.2289 -2.1077
5.0255 34.0484 110.5289 6.2368 35.2268 -2.1081
5.0255 34.0491 110.5289 6.2369 35.2261 -2.1082
5.0255 34.0484 110.5289 6.2368 35.2268 -2.1081
5.0255 34.0464 110.5289 6.2364 35.2289 -2.1077
5.0255 34.0429 110.5288 6.2359 35.2324 -2.1071
5.0255 34.0381 110.5287 6.2351 35.2373 -2.1061
5.0255 34.0318 110.5286 6.2342 35.2436 -2.1049
5.0255 34.0242 110.5285 6.233 35.2513 -2.1035
5.0255 34.0152 110.5283 6.2316 35.2604 -2.1018
5.0255 34.0048 110.5282 6.2299 35.2709 -2.0998
5.0255 33.9931 110.528 6.2281 35.2828 -2.0975
5.0255 33.9799 110.5277 6.226 35.2961 -2.095
5.0255 33.9654 110.5274 6.2238 35.3109 -2.0922
5.0255 33.9495 110.5271 6.2213 35.327 -2.0892
5.0255 33.9322 110.5268 6.2186 35.3445 -2.0859
5.0255 33.9135 110.5264 6.2157 35.3634 -2.0823
5.0255 33.8935 110.526 6.2126 35.3838 -2.0785
5.0255 33.8721 110.5256 6.2093 35.4055 -2.0744
5.0255 33.8493 110.5251 6.2057 35.4286 -2.0701
5.0255 33.8251 110.5246 6.202 35.4532 -2.0655
5.0255 33.7996 110.524 6.198 35.4792 -2.0606
5.0255 33.7726 110.5233 6.1938 35.5065 -2.0555
5.0255 33.7444 110.5227 6.1895 35.5353 -2.0501
5.0255 33.7147 110.5219 6.1849 35.5656 -2.0445
5.0255 33.6837 110.5211 6.1801 35.5972 -2.0386
5.0255 33.6513 110.5203 6.1751 35.6302 -2.0324
5.0255 33.6175 110.5194 6.1699 35.6647 -2.026
5.0255 33.5824 110.5184 6.1645 35.7006 -2.0194
5.0255 33.546 110.5173 6.1589 35.7379 -2.0125
5.0255 33.5081 110.5162 6.1531 35.7766 -2.0054
5.0255 33.469 110.515 6.1471 35.8168 -1.998
5.0255 33.4284 110.5137 6.1409 35.8584 -1.9903
5.0255 33.3865 110.5123 6.1345 35.9014 -1.9824
5.0255 33.3433 110.5109 6.1279 35.9458 -1.9743
5.0255 33.2987 110.5093 6.1211 35.9917 -1.9659
5.0255 33.2528 110.5076 6.1141 36.039 -1.9573
5.0255 33.2055 110.5059 6.107 36.0878 -1.9484
5.0255 33.1569 110.504 6.0996 36.138 -1.9393
5.0255 33.107 110.502 6.0921 36.1896 -1.9299
5.0255 33.0557 110.4999 6.0843 36.2427 -1.9204
5.0255 33.0031 110.4976 6.0764 36.2973 -1.9105
5.0255 32.9492 110.4953 6.0683 36.3532 -1.9005
5.0255 32.8948 110.4928 6.0602 36.4097 -1.8904
5.0255 32.841 110.4904 6.0521 36.4656 -1.8803
5.0255 32.7876 110.4881 6.0441 36.5211 -1.8704
5.0255 32.7348 110.4857 6.0362 36.576 -1.8605
5.0255 32.6824 110.4834 6.0283 36.6304 -1.8508
5.0255 32.6305 110.481 6.0205 36.6842 -1.8411
5.0255 32.5792 110.4787 6.0128 36.7376 -1.8316
5.0255 32.5283 110.4765 6.0052 36.7904 -1.8221
5.0255 32.4779 110.4742 5.9976 36.8428 -1.8127
5.0255 32.428 110.472 5.9901 36.8946 -1.8034
5.0255 32.3787 110.4698 5.9827 36.9459 -1.7942
5.0255 32.3298 110.4676 5.9754 36.9967 -1.7851
5.0255 32.2814 110.4654 5.9681 37.0469 -1.7761
5.0255 32.2335 110.4633 5.9609 37.0967 -1.7672
5.0255 32.1861 110.4612 5.9538 37.1459 -1.7583
5.0255 32.1392 110.4591 5.9468 37.1947 -1.7496
5.0255 32.0928 110.457 5.9398 37.2429 -1.7409
5.0255 32.0469 110.455 5.9329 37.2905 -1.7324
5.0255 32.0015 110.4529 5.9261 37.3377 -1.7239
5.0255 31.9565 110.4509 5.9194 37.3844 -1.7156
5.0255 31.9121 110.449 5.9127 37.4305 -1.7073
5.0255 31.8682 110.447 5.9061 37.4762 -1.6991
5.0255 31.8248 110.4451 5.8996 37.5213 -1.691
5.0255 31.7818 110.4431 5.8932 37.5659 -1.683
5.0255 31.7394 110.4412 5.8868 37.6099 -1.6751
5.0255 31.6975 110.4394 5.8805 37.6535 -1.6673
5.0255 31.656 110.4375 5.8743 37.6966 -1.6596
5.0255 31.6151 110.4357 5.8682 37.7391 -1.6519
5.0255 31.5746 110.4339 5.8621 37.7811 -1.6444
5.0255 31.5347 110.4321 5.8561 37.8226 -1.637
5.0255 31.4952 110.4303 5.8502 37.8636 -1.6296
5.0255 31.4563 110.4286 5.8443 37.9041 -1.6224
5.0255 31.4178 110.4269 5.8386 37.944 -1.6152
5.0255 31.3798 110.4252 5.8329 37.9835 -1.6081
5.0255 31.3424 110.4235 5.8272 38.0224 -1.6011
5.0255 31.3054 110.4219 5.8217 38.0608 -1.5942
5.0255 31.2689 110.4202 5.8162 38.0987 -1.5874
5.0255 31.2329 110.4186 5.8108 38.1361 -1.5807
5.0255 31.1974 110.417 5.8055 38.1729 -1.5741
5.0255 31.1624 110.4155 5.8002 38.2093 -1.5676
5.0255 31.1279 110.4139 5.7951 38.2451 -1.5612
5.0255 31.094 110.4124 5.79 38.2804 -1.5549
5.0255 31.0605 110.4109 5.7849 38.3152 -1.5486
5.0255 31.0274 110.4094 5.78 38.3495 -1.5425
5.0255 30.9949 110.408 5.7751 38.3833 -1.5364
5.0255 30.9629 110.4066 5.7703 38.4166 -1.5304
5.0255 30.9314 110.4052 5.7656 38.4493 -1.5246
5.0255 30.9004 110.4038 5.7609 38.4815 -1.5188
5.0255 30.8699 110.4024 5.7563 38.5132 -1.5131
5.0255 30.8398 110.4011 5.7518 38.5444 -1.5075
5.0255 30.8103 110.3997 5.7474 38.5751 -1.502
5.0255 30.7813 110.3984 5.743 38.6053 -1.4966
5.0255 30.7527 110.3972 5.7388 38.6349 -1.4913
5.0255 30.7247 110.3959 5.7346 38.664 -1.4861
5.0255 30.6972 110.3947 5.7304 38.6926 -1.4809
5.0255 30.6701 110.3935 5.7264 38.7207 -1.4759
5.0255 30.6436 110.3923 5.7224 38.7483 -1.4709
5.0255 30.6175 110.3911 5.7185 38.7754 -1.4661
5.0255 30.5919 110.39 5.7146 38.8019 -1.4613
5.0255 30.5669 110.3889 5.7109 38.828 -1.4567
5.0255 30.5423 110.3878 5.7072 38.8535 -1.4521
5.0255 30.5182 110.3867 5.7036 38.8785 -1.4476
5.0255 30.4947 110.3856 5.7 38.903 -1.4432
5.0255 30.4716 110.3846 5.6966 38.927 -1.4389
5.0255 30.449 110.3836 5.6932 38.9504 -1.4347
5.0255 30.4269 110.3826 5.6899 38.9734 -1.4306
5.0255 30.4053 110.3817 5.6866 38.9958 -1.4266
5.0255 30.3842 110.3807 5.6835 39.0177 -1.4226
5.0255 30.3636 110.3798 5.6804 39.0391 -1.4188
5.0255 30.3435 110.3789 5.6774 39.06 -1.415
5.0255 30.3239 110.378 5.6744 39.0803 -1.4114
5.0255 30.3048 110.3772 5.6716 39.1002 -1.4078
5.0255 30.2862 110.3763 5.6688 39.1195 -1.4044
5.0255 30.2681 110.3755 5.666 39.1383 -1.401
5.0255 30.2505 110.3747 5.6634 39.1567 -1.3977
5.0255 30.2333 110.374 5.6608 39.1744 -1.3945
5.0255 30.2167 110.3732 5.6583 39.1917 -1.3914
5.0255 30.2006 110.3725 5.6559 39.2085 -1.3884
5.0255 30.185 110.3718 5.6536 39.2247 -1.3855
5.0255 30.1698 110.3711 5.6513 39.2404 -1.3827
5.0255 30.1552 110.3705 5.6491 39.2556 -1.38
5.0255 30.141 110.3699 5.647 39.2703 -1.3773
5.0255 30.1274 110.3692 5.6449 39.2845 -1.3748
5.0255 30.1142 110.3687 5.643 39.2982 -1.3723
5.0255 30.1016 110.3681 5.6411 39.3113 -1.37
5.0255 30.0894 110.3676 5.6392 39.324 -1.3677
5.0255 30.0778 110.367 5.6375 39.3361 -1.3655
5.0255 30.0666 110.3665 5.6358 39.3477 -1.3634
5.0255 30.0559 110.3661 5.6342 39.3588 -1.3615
5.0255 30.0457 110.3656 5.6327 39.3693 -1.3596
5.0255 30.0361 110.3652 5.6312 39.3794 -1.3578
5.0255 30.0269 110.3648 5.6298 39.3889 -1.3561
5.0255 30.0182 110.3644 5.6285 39.3979 -1.3544
5.0255 30.01 110.364 5.6273 39.4064 -1.3529
5.0255 30.0023 110.3637 5.6262 39.4144 -1.3515
5.0255 29.9951 110.3633 5.6251 39.4219 -1.3501
5.0255 29.9884 110.363 5.6241 39.4289 -1.3489
5.0255 29.9822 110.3628 5.6231 39.4353 -1.3477
5.0255 29.9765 110.3625 5.6223 39.4412 -1.3467
5.0255 29.9713 110.3623 5.6215 39.4467 -1.3457
5.0255 29.9666 110.3621 5.6208 39.4516 -1.3448
5.0255 29.9624 110.3619 5.6202 39.4559 -1.344
5.0255 29.9586 110.3617 5.6196 39.4598 -1.3433
5.0255 29.9554 110.3616 5.6191 39.4632 -1.3427
5.0255 29.9527 110.3614 5.6187 39.466 -1.3422
5.0255 29.9505 110.3613 5.6184 39.4683 -1.3418
5.0255 29.9487 110.3613 5.6181 39.4701 -1.3415
5.0255 29.9475 110.3612 5.6179 39.4714 -1.3413
5.0255 29.9467 110.3612 5.6178 39.4722 -1.3411
5.0255 29.9465 110.3612 5.6178 39.4724 -1.3411
5.0255 29.9467 110.3612 5.6178 39.4722 -1.3411
5.0255 29.9475 110.3612 5.6179 39.4714 -1.3413
5.0255 29.9487 110.3613 5.6181 39.4701 -1.3415
5.0255 29.9505 110.3613 5.6184 39.4683 -1.3418
5.0255 29.9527 110.3614 5.6187 39.466 -1.3422
5.0255 29.9554 110.3616 5.6191 39.4632 -1.3427
5.0255 29.9586 110.3617 5.6196 39.4598 -1.3433
5.0255 29.9624 110.3619 5.6202 39.4559 -1.344
5.0255 29.9666 110.3621 5.6208 39.4516 -1.3448
5.0255 29.9713 110.3623 5.6215 39.4467 -1.3457
5.0255 29.9765 110.3625 5.6223 39.4412 -1.3467
5.0255 29.9822 110.3628 5.6231 39.4353 -1.3477
5.0255 29.9884 110.363 5.6241 39.4289 -1.3489
5.0255 29.9951 110.3633 5.6251 39.4219 -1.3501
5.0255 30.0023 110.3637 5.6262 39.4144 -1.3515
5.0255 30.01 110.364 5.6273 39.4064 -1.3529
5.0255 30.0182 110.3644 5.6285 39.3979 -1.3544
5.0255 30.0269 110.3648 5.6298 39.3889 -1.3561
5.0255 30.0361 110.3652 5.6312 39.3794 -1.3578
5.0255 30.0457 110.3656 5.6327 39.3693 -1.3596
5.0255 30.0559 110.3661 5.6342 39.3588 -1.3615
5.0255 30.0666 110.3665 5.6358 39.3477 -1.3634
5.0255 30.0778 110.367 5.6375 39.3361 -1.3655
5.0255 30.0894 110.3676 5.6392 39.324 -1.3677
5.0255 30.1016 110.3681 5.6411 39.3113 -1.37
5.0255 30.1142 110.3687 5.643 39.2982 -1.3723
5.0255 30.1274 110.3692 5.6449 39.2845 -1.3748
5.0255 30.141 110.3699 5.647 39.2703 -1.3773
5.0255 30.1552 110.3705 5.6491 39.2556 -1.38
5.0255 30.1698 110.3711 5.6513 39.2404 -1.3827
5.0255 30.185 110.3718 5.6536 39.2247 -1.3855
5.0255 30.2006 110.3725 5.6559 39.2085 -1.3884
5.0255 30.2167 110.3732 5.6583 39.1917 -1.3914
5.0255 30.2333 110.374 5.6608 39.1744 -1.3945
5.0255 30.2505 110.3747 5.6634 39.1567 -1.3977
5.0255 30.2681 110.3755 5.666 39.1383 -1.401
5.0255 30.2862 110.3763 5.6688 39.1195 -1.4044
5.0255 30.3048 110.3772 5.6716 39.1002 -1.4078
5.0255 30.3239 110.378 5.6744 39.0803 -1.4114
5.0255 30.3435 110.3789 5.6774 39.06 -1.415
5.0255 30.3636 110.3798 5.6804 39.0391 -1.4188
5.0255 30.3842 110.3807 5.6835 39.0177 -1.4226
5.0255 30.4053 110.3817 5.6866 38.9958 -1.4266
5.0255 30.4269 110.3826 5.6899 38.9734 -1.4306
5.0255 30.449 110.3836 5.6932 38.9504 -1.4347
5.0255 30.4716 110.3846 5.6966 38.927 -1.4389
5.0255 30.4947 110.3856 5.7 38.903 -1.4432
5.0255 30.5182 110.3867 5.7036 38.8785 -1.4476
5.0255 30.5423 110.3878 5.7072 38.8535 -1.4521
5.0255 30.5669 110.3889 5.7109 38.828 -1.4567
5.0255 30.5919 110.39 5.7146 38.8019 -1.4613
5.0255 30.6175 110.3911 5.7185 38.7754 -1.4661
5.0255 30.6436 110.3923 5.7224 38.7483 -1.4709
5.0255 30.6701 110.3935 5.7264 38.7207 -1.4759
5.0255 30.6972 110.3947 5.7304 38.6926 -1.4809
5.0255 30.7247 110.3959 5.7346 38.664 -1.4861
5.0255 30.7527 110.3972 5.7388 38.6349 -1.4913
5.0255 30.7813 110.3984 5.743 38.6053 -1.4966
5.0255 30.8103 110.3997 5.7474 38.5751 -1.502
5.0255 30.8398 110.4011 5.7518 38.5444 -1.5075
5.0255 30.8699 110.4024 5.7563 38.5132 -1.5131
5.0255 30.9004 110.4038 5.7609 38.4815 -1.5188
5.0255 30.9314 110.4052 5.7656 38.4493 -1.5246
5.0255 30.9629 110.4066 5.7703 38.4166 -1.5304
5.0255 30.9949 110.408 5.7751 38.3833 -1.5364
5.0255 31.0274 110.4094 5.78 38.3495 -1.5425
5.0255 31.0605 110.4109 5.7849 38.3152 -1.5486
5.0255 31.094 110.4124 5.79 38.2804 -1.5549
5.0255 31.1279 110.4139 5.7951 38.2451 -1.5612
5.0255 31.1624 110.4155 5.8002 38.2093 -1.5676
5.0255 31.1974 110.417 5.8055 38.1729 -1.5741
5.0255 31.2329 110.4186 5.8108 38.1361 -1.5807
5.0255 31.2689 110.4202 5.8162 38.0987 -1.5874
5.0255 31.3054 110.4219 5.8217 38.0608 -1.5942
5.0255 31.3424 110.4235 5.8272 38.0224 -1.6011
5.0255 31.3798 110.4252 5.8329 37.9835 -1.6081
5.0255 31.4178 110.4269 5.8386 37.944 -1.6152
5.0255 31.4563 110.4286 5.8443 37.9041 -1.6224
5.0255 31.4952 110.4303 5.8502 37.8636 -1.6296
5.0255 31.5347 110.4321 5.8561 37.8226 -1.637
5.0255 31.5746 110.4339 5.8621 37.7811 -1.6444
5.0255 31.6151 110.4357 5.8682 37.7391 -1.6519
5.0255 31.656 110.4375 5.8743 37.6966 -1.6596
5.0255 31.6975 110.4394 5.8805 37.6535 -1.6673
5.0255 31.7394 110.4412 5.8868 37.6099 -1.6751
5.0255 31.7818 110.4431 5.8932 37.5659 -1.683
5.0255 31.8248 110.4451 5.8996 37.5213 -1.691
5.0255 31.8682 110.447 5.9061 37.4762 -1.6991
5.0255 31.9121 110.449 5.9127 37.4305 -1.7073
5.0255 31.9565 110.4509 5.9194 37.3844 -1.7156
5.0255 32.0015 110.4529 5.9261 37.3377 -1.7239
5.0255 32.0469 110.455 5.9329 37.2905 -1.7324
5.0255 32.0928 110.457 5.9398 37.2429 -1.7409
5.0255 32.1392 110.4591 5.9468 37.1947 -1.7496
5.0255 32.1861 110.4612 5.9538 37.1459 -1.7583
5.0255 32.2335 110.4633 5.9609 37.0967 -1.7672
5.0255 32.2814 110.4654 5.9681 37.0469 -1.7761
5.0255 32.3298 110.4676 5.9754 36.9967 -1.7851
5.0255 32.3787 110.4698 5.9827 36.9459 -1.7942
5.0255 32.428 110.472 5.9901 36.8946 -1.8034
5.0255 32.4779 110.4742 5.9976 36.8428 -1.8127
5.0255 32.5283 110.4765 6.0052 36.7904 -1.8221
5.0255 32.5792 110.4787 6.0128 36.7376 -1.8316
5.0255 32.6305 110.481 6.0205 36.6842 -1.8411
5.0255 32.6824 110.4834 6.0283 36.6304 -1.8508
5.0255 32.7348 110.4857 6.0362 36.576 -1.8605
5.0255 32.7876 110.4881 6.0441 36.5211 -1.8704
5.0255 32.841 110.4904 6.0521 36.4656 -1.8803
5.0255 32.8948 110.4928 6.0602 36.4097 -1.8904
5.0255 32.9492 110.4953 6.0683 36.3532 -1.9005
5.0255 33.0031 110.4976 6.0764 36.2973 -1.9105
5.0255 33.0557 110.4999 6.0843 36.2427 -1.9204
5.0255 33.107 110.502 6.0921 36.1896 -1.9299
5.0255 33.1569 110.504 6.0996 36.138 -1.9393
5.0255 33.2055 110.5059 6.107 36.0878 -1.9484
5.0255 33.2528 110.5076 6.1141 36.039 -1.9573
5.0255 33.2987 110.5093 6.1211 35.9917 -1.9659
5.0255 33.3433 110.5109 6.1279 35.9458 -1.9743
5.0255 33.3865 110.5123 6.1345 35.9014 -1.9824
5.0255 33.4284 110.5137 6.1409 35.8584 -1.9903
5.0255 33.469 110.515 6.1471 35.8168 -1.998
5.0255 33.5081 110.5162 6.1531 35.7766 -2.0054
5.0255 33.546 110.5173 6.1589 35.7379 -2.0125
5.0255 33.5824 110.5184 6.1645 35.7006 -2.0194
5.0255 33.6175 110.5194 6.1699 35.6647 -2.026
5.0255 33.6513 110.5203 6.1751 35.6302 -2.0324
5.0255 33.6837 110.5211 6.1801 35.5972 -2.0386
5.0255 33.7147 110.5219 6.1849 35.5656 -2.0445
5.0255 33.7444 110.5227 6.1895 35.5353 -2.0501
5.0255 33.7726 110.5233 6.1938 35.5065 -2.0555
5.0255 33.7996 110.524 6.198 35.4792 -2.0606
5.0255 33.8251 110.5246 6.202 35.4532 -2.0655
5.0255 33.8493 110.5251 6.2057 35.4286 -2.0701
5.0255 33.8721 110.5256 6.2093 35.4055 -2.0744
5.0255 33.8935 110.526 6.2126 35.3838 -2.0785
5.0255 33.9135 110.5264 6.2157 35.3634 -2.0823
5.0255 33.9322 110.5268 6.2186 35.3445 -2.0859
5.0255 33.9495 110.5271 6.2213 35.327 -2.0892
5.0255 33.9654 110.5274 6.2238 35.3109 -2.0922
5.0255 33.9799 110.5277 6.226 35.2961 -2.095
5.0255 33.9931 110.528 6.2281 35.2828 -2.0975
5.0255 34.0048 110.5282 6.2299 35.2709 -2.0998
5.0255 34.0152 110.5283 6.2316 35.2604 -2.1018
5.0255 34.0242 110.5285 6.233 35.2513 -2.1035
5.0255 34.0318 110.5286 6.2342 35.2436 -2.1049
5.0255 34.0381 110.5287 6.2351 35.2373 -2.1061
5.0255 34.0429 110.5288 6.2359 35.2324 -2.1071
5.0255 34.0464 110.5289 6.2364 35.2289 -2.1077
5.0255 34.0484 110.5289 6.2368 35.2268 -2.1081
5.0255 34.0491 110.5289 6.2369 35.2261 -2.1082
5.0255 34.0484 110.5289 6.2368 35.2268 -2.1081
5.0255 34.0464 110.5289 6.2364 35.2289 -2.1077
5.0255 34.0429 110.5288 6.2359 35.2324 -2.1071
5.0255 34.0381 110.5287 6.2351 35.2373 -2.1061
5.0255 34.0318 110.5286 6.2342 35.2436 -2.1049
5.0255 34.0242 110.5285 6.233 35.2513 -2.1035
5.0255 34.0152 110.5283 6.2316 35.2604 -2.1018
5.0255 34.0048 110.5282 6.2299 35.2709 -2.0998
5.0255 33.9931 110.528 6.2281 35.2828 -2.0975
5.0255 33.9799 110.5277 6.226 35.2961 -2.095
5.0255 33.9654 110.5274 6.2238 35.3109 -2.0922
5.0255 33.9495 110.5271 6.2213 35.327 -2.0892
5.0255 33.9322 110.5268 6.2186 35.3445 -2.0859
5.0255 33.9135 110.5264 6.2157 35.3634 -2.0823
5.0255 33.8935 110.526 6.2126 35.3838 -2.0785
5.0255 33.8721 110.5256 6.2093 35.4055 -2.0744
5.0255 33.8493 110.5251 6.2057 35.4286 -2.0701
5.0255 33.8251 110.5246 6.202 35.4532 -2.0655
5.0255 33.7996 110.524 6.198 35.4792 -2.0606
5.0255 33.7726 110.5233 6.1938 35.5065 -2.0555
5.0255 33.7444 110.5227 6.1895 35.5353 -2.0501
5.0255 33.7147 110.5219 6.1849 35.5656 -2.0445
5.0255 33.6837 110.5211 6.1801 35.5972 -2.0386
5.0255 33.6513 110.5203 6.1751 35.6302 -2.0324
5.0255 33.6175 110.5194 6.1699 35.6647 -2.026
5.0255 33.5824 110.5184 6.1645 35.7006 -2.0194
5.0255 33.546 110.5173 6.1589 35.7379 -2.0125
5.0255 33.5081 110.5162 6.1531 35.7766 -2.0054
5.0255 33.469 110.515 6.1471 35.8168 -1.998
5.0255 33.4284 110.5137 6.1409 35.8584 -1.9903
5.0255 33.3865 110.5123 6.1345 35.9014 -1.9824
5.0255 33.3433 110.5109 6.1279 35.9458 -1.9743
5.0255 33.2987 110.5093 6.1211 35.9917 -1.9659
5.0255 33.2528 110.5076 6.1141 36.039 -1.9573
5.0255 33.2055 110.5059 6.107 36.0878 -1.9484
5.0255 33.1569 110.504 6.0996 36.138 -1.9393
5.0255 33.107 110.502 6.0921 36.1896 -1.9299
5.0255 33.0557 110.4999 6.0843 36.2427 -1.9204
5.0255 33.0031 110.4976 6.0764 36.2973 -1.9105
5.0255 32.9492 110.4953 6.0683 36.3532 -1.9005
5.0257 32.8948 110.4928 6.0602 36.4097 -1.8902
5.0262 32.841 110.4903 6.0521 36.4657 -1.8796
5.0271 32.7878 110.4878 6.0441 36.5212 -1.8689
5.0283 32.735 110.4852 6.0362 36.5762 -1.8578
5.0299 32.6828 110.4826 6.0283 36.6306 -1.8465
5.0317 32.6311 110.48 6.0205 36.6846 -1.835
5.0339 32.58 110.4773 6.0128 36.7382 -1.8233
5.0365 32.5294 110.4746 6.0052 36.7912 -1.8113
5.0393 32.4793 110.4719 5.9976 36.8437 -1.7991
5.0425 32.4297 110.4691 5.9901 36.8957 -1.7867
5.046 32.3806 110.4663 5.9827 36.9473 -1.774
5.0499 32.3321 110.4635 5.9753 36.9983 -1.7612
5.054 32.2841 110.4606 5.9681 37.0488 -1.7481
5.0584 32.2367 110.4577 5.9609 37.0989 -1.7348
5.0632 32.1897 110.4548 5.9538 37.1484 -1.7213
5.0682 32.1433 110.4518 5.9467 37.1975 -1.7076
5.0736 32.0975 110.4488 5.9397 37.2461 -1.6937
5.0792 32.0521 110.4458 5.9328 37.2941 -1.6796
5.0851 32.0073 110.4428 5.926 37.3417 -1.6653
5.0914 31.9629 110.4397 5.9193 37.3888 -1.6508
5.0979 31.9192 110.4366 5.9126 37.4354 -1.6361
5.1047 31.8759 110.4335 5.906 37.4814 -1.6212
5.1118 31.8332 110.4304 5.8994 37.527 -1.6061
5.1191 31.7909 110.4272 5.893 37.5721 -1.5909
5.1267 31.7492 110.424 5.8866 37.6167 -1.5755
5.1346 31.7081 110.4208 5.8803 37.6608 -1.5599
5.1428 31.6674 110.4176 5.874 37.7044 -1.5441
5.1512 31.6273 110.4143 5.8679 37.7475 -1.5282
5.1599 31.5877 110.411 5.8618 37.7901 -1.5121
5.1689 31.5486 110.4077 5.8558 37.8322 -1.4959
5.1781 31.51 110.4044 5.8498 37.8738 -1.4794
5.1875 31.472 110.401 5.844 37.9149 -1.4629
5.1972 31.4345 110.3977 5.8382 37.9555 -1.4462
5.2072 31.3975 110.3943 5.8325 37.9957 -1.4293
5.2174 31.361 110.3909 5.8268 38.0353 -1.4123
5.2278 31.325 110.3874 5.8212 38.0744 -1.3951
5.2385 31.2896 110.384 5.8157 38.113 -1.3778
5.2494 31.2547 110.3805 5.8103 38.1511 -1.3604
5.2605 31.2202 110.3771 5.805 38.1887 -1.3428
5.2719 31.1863 110.3736 5.7997 38.2258 -1.3251
5.2834 31.153 110.37 5.7945 38.2624 -1.3073
5.2952 31.1201 110.3665 5.7894 38.2986 -1.2893
5.3073 31.0878 110.363 5.7843 38.3342 -1.2713
5.3195 31.056 110.3594 5.7793 38.3693 -1.2531
5.3319 31.0246 110.3559 5.7744 38.4039 -1.2348
5.3446 30.9939 110.3523 5.7696 38.438 -1.2164
5.3574 30.9636 110.3487 5.7648 38.4716 -1.1978
5.3705 30.9338 110.3451 5.7601 38.5047 -1.1792
5.3837 30.9046 110.3415 5.7555 38.5373 -1.1605
5.3972 30.8758 110.3378 5.751 38.5694 -1.1416
5.4108 30.8476 110.3342 5.7465 38.601 -1.1227
5.4246 30.8199 110.3305 5.7421 38.6321 -1.1037
5.4386 30.7927 110.3269 5.7378 38.6627 -1.0846
5.4528 30.7661 110.3232 5.7336 38.6928 -1.0654
5.4672 30.7399 110.3195 5.7294 38.7224 -1.0461
5.4817 30.7142 110.3159 5.7253 38.7515 -1.0268
5.4964 30.6891 110.3122 5.7213 38.7801 -1.0073
5.5113 30.6645 110.3085 5.7173 38.8082 -0.9878
5.5263 30.6404 110.3048 5.7135 38.8357 -0.9682
5.5416 30.6168 110.3011 5.7097 38.8628 -0.9486
5.5569 30.5937 110.2974 5.7059 38.8894 -0.9289
5.5725 30.5711 110.2936 5.7023 38.9154 -0.9091
5.5881 30.549 110.2899 5.6987 38.941 -0.8893
5.604 30.5275 110.2862 5.6952 38.9661 -0.8694
5.6199 30.5064 110.2825 5.6918 38.9906 -0.8494
5.636 30.4859 110.2787 5.6884 39.0147 -0.8294
5.6523 30.4658 110.275 5.6851 39.0382 -0.8094
5.6687 30.4463 110.2713 5.6819 39.0612 -0.7893
5.6852 30.4273 110.2675 5.6788 39.0838 -0.7692
5.7019 30.4088 110.2638 5.6757 39.1058 -0.7491
5.7187 30.3908 110.2601 5.6727 39.1273 -0.7289
5.7356 30.3733 110.2563 5.6698 39.1483 -0.7087
5.7526 30.3563 110.2526 5.667 39.1688 -0.6884
5.7698 30.3398 110.2489 5.6642 39.1888 -0.6681
5.787 30.3239 110.2452 5.6615 39.2083 -0.6478
5.8044 30.3084 110.2414 5.6589 39.2273 -0.6275
5.8219 30.2934 110.2377 5.6563 39.2458 -0.6072
5.8395 30.279 110.234 5.6539 39.2637 -0.5869
5.8572 30.265 110.2303 5.6515 39.2812 -0.5665
5.875 30.2516 110.2266 5.6491 39.2981 -0.5462
5.8928 30.2387 110.2229 5.6469 39.3146 -0.5259
5.9108 30.2262 110.2192 5.6447 39.3305 -0.5055
5.9289 30.2143 110.2155 5.6426 39.3459 -0.4852
5.947 30.2029 110.2118 5.6406 39.3609 -0.4648
5.9653 30.1919 110.2082 5.6386 39.3753 -0.4445
5.9836 30.1815 110.2045 5.6368 39.3892 -0.4242
6.002 30.1716 110.2009 5.6349 39.4026 -0.4039
6.0204 30.1622 110.1972 5.6332 39.4154 -0.3836
6.039 30.1533 110.1936 5.6316 39.4278 -0.3634
6.0576 30.1449 110.19 5.63 39.4397 -0.3431
6.0762 30.1369 110.1864 5.6285 39.451 -0.3229
6.095 30.1295 110.1828 5.627 39.4619 -0.3028
6.1137 30.1226 110.1792 5.6257 39.4722 -0.2826
6.1326 30.1162 110.1756 5.6244 39.482 -0.2626
6.1515 30.1103 110.172 5.6232 39.4913 -0.2425
6.1704 30.1049 110.1685 5.622 39.5001 -0.2225
6.1894 30.1 110.165 5.6209 39.5084 -0.2026
6.2084 30.0956 110.1615 5.6199 39.5162 -0.1826
6.2275 30.0917 110.158 5.619 39.5235 -0.1628
6.2466 30.0882 110.1545 5.6182 39.5302 -0.143
6.2657 30.0853 110.151 5.6174 39.5365 -0.1233
6.2849 30.0829 110.1476 5.6167 39.5422 -0.1036
6.304 30.081 110.1441 5.6161 39.5474 -0.084
6.3232 30.0796 110.1407 5.6155 39.5521 -0.0645
6.3425 30.0786 110.1373 5.6151 39.5563 -0.045
6.3617 30.0782 110.1339 5.6146 39.56 -0.0256
6.3809 30.0783 110.1306 5.6143 39.5631 -0.0063
6.4002 30.0788 110.1273 5.6141 39.5658 0.0129
6.4195 30.0799 110.1239 5.6139 39.5679 0.032
6.4387 30.0814 110.1206 5.6138 39.5695 0.0511
6.458 30.0835 110.1174 5.6137 39.5707 0.07
6.4773 30.086 110.1141 5.6138 39.5712 0.0889
6.4965 30.0891 110.1109 5.6139 39.5713 0.1077
6.5158 30.0926 110.1077 5.6141 39.5709 0.1263
6.535 30.0966 110.1045 5.6143 39.5699 0.1449
6.5543 30.1011 110.1014 5.6147 39.5685 0.1633
6.5735 30.1061 110.0983 5.6151 39.5665 0.1817
6.5926 30.1116 110.0952 5.6156 39.564 0.1999
6.6118 30.1176 110.0921 5.6161 39.561 0.218
6.6309 30.1241 110.089 5.6168 39.5575 0.236
6.65 30.1311 110.086 5.6175 39.5534 0.2538
6.6691 30.1386 110.083 5.6182 39.5489 0.2716
6.6881 30.1465 110.0801 5.6191 39.5438 0.2892
6.7071 30.155 110.0771 5.62 39.5382 0.3067
6.726 30.1639 110.0742 5.621 39.5321 0.324
6.7449 30.1733 110.0714 5.6221 39.5255 0.3412
6.7637 30.1832 110.0685 5.6232 39.5183 0.3583
6.7825 30.1937 110.0657 5.6245 39.5107 0.3752
6.8013 30.2046 110.0629 5.6258 39.5025 0.3919
6.8199 30.2159 110.0602 5.6271 39.4938 0.4086
6.8385 30.2278 110.0575 5.6286 39.4846 0.425
6.8571 30.2402 110.0548 5.6301 39.4748 0.4413
6.8755 30.253 110.0521 5.6317 39.4646 0.4575
6.8939 30.2664 110.0495 5.6333 39.4538 0.4734
6.9122 30.2802 110.047 5.6351 39.4425 0.4892
6.9305 30.2945 110.0444 5.6369 39.4307 0.5049
6.9486 30.3093 110.0419 5.6388 39.4184 0.5204
6.9667 30.3246 110.0394 5.6407 39.4056 0.5356
6.9847 30.3403 110.037 5.6428 39.3922 0.5508
7.0025 30.3566 110.0346 5.6449 39.3783 0.5657
7.0203 30.3733 110.0323 5.6471 39.3639 0.5804
7.038 30.3906 110.03 5.6493 39.349 0.595
7.0556 30.4083 110.0277 5.6517 39.3335 0.6094
7.0731 30.4265 110.0254 5.6541 39.3176 0.6235
7.0905 30.4451 110.0232 5.6565 39.3011 0.6375
7.1077 30.4643 110.0211 5.6591 39.2841 0.6513
7.1249 30.4839 110.019 5.6617 39.2666 0.6648
7.1419 30.5041 110.0169 5.6644 39.2485 0.6782
7.1588 30.5247 110.0149 5.6672 39.2299 0.6913
7.1756 30.5458 110.0129 5.67 39.2108 0.7043
7.1923 30.5673 110.011 5.673 39.1912 0.717
7.2088 30.5894 110.0091 5.6759 39.1711 0.7295
7.2252 30.6119 110.0072 5.679 39.1504 0.7417
7.2414 30.6349 110.0054 5.6822 39.1292 0.7538
7.2576 30.6584 110.0036 5.6854 39.1075 0.7656
7.2735 30.6824 110.0019 5.6887 39.0853 0.7772
7.2894 30.7069 110.0003 5.692 39.0626 0.7885
7.305 30.7318 109.9986 5.6955 39.0393 0.7996
7.3206 30.7572 109.9971 5.699 39.0155 0.8105
7.3359 30.7831 109.9956 5.7026 38.9912 0.8211
7.3511 30.8095 109.9941 5.7062 38.9663 0.8315
7.3662 30.8363 109.9927 5.71 38.9409 0.8416
7.3811 30.8637 109.9913 5.7138 38.9151 0.8515
7.3958 30.8915 109.99 5.7177 38.8886 0.8611
7.4103 30.9198 109.9887 5.7216 38.8617 0.8704
7.4247 30.9485 109.9875 5.7256 38.8342 0.8795
7.4389 30.9778 109.9863 5.7297 38.8062 0.8883
7.4529 31.0075 109.9852 5.7339 38.7777 0.8969
7.4667 31.0377 109.9841 5.7382 38.7487 0.9052
7.4803 31.0683 109.9831 5.7425 38.7191 0.9131
7.4938 31.0995 109.9822 5.7469 38.689 0.9209
7.507 31.1311 109.9813 5.7514 38.6584 0.9283
7.5201 31.1632 109.9804 5.7559 38.6272 0.9354
7.5329 31.1957 109.9797 5.7605 38.5956 0.9423
7.5456 31.2288 109.9789 5.7652 38.5634 0.9489
7.558 31.2623 109.9783 5.77 38.5306 0.9551
7.5702 31.2963 109.9777 5.7748 38.4974 0.9611
7.5822 31.3307 109.9771 5.7798 38.4636 0.9668
7.594 31.3657 109.9766 5.7848 38.4293 0.9722
7.6056 31.4011 109.9762 5.7898 38.3944 0.9772
7.617 31.4369 109.9758 5.795 38.3591 0.982
7.6281 31.4733 109.9755 5.8002 38.3232 0.9864
7.639 31.5101 109.9752 5.8055 38.2868 0.9905
7.6497 31.5474 109.975 5.8108 38.2498 0.9943
7.6601 31.5852 109.9749 5.8163 38.2123 0.9978
7.6703 31.6234 109.9748 5.8218 38.1743 1.0009
7.6802 31.6621 109.9748 5.8273 38.1358 1.0038
7.69 31.7013 109.9749 5.833 38.0967 1.0062
7.6994 31.7409 109.975 5.8387 38.0571 1.0084
7.7086 31.781 109.9752 5.8445 38.017 1.0102
7.7176 31.8216 109.9755 5.8504 37.9763 1.0117
7.7263 31.8626 109.9758 5.8564 37.9351 1.0128
7.7347 31.9041 109.9762 5.8624 37.8934 1.0136
7.7429 31.9461 109.9766 5.8685 37.8512 1.014
7.7508 31.9886 109.9772 5.8747 37.8084 1.0141
7.7584 32.0315 109.9778 5.8809 37.7651 1.0138
7.7657 32.0749 109.9784 5.8872 37.7213 1.0131
7.7728 32.1187 109.9791 5.8936 37.6769 1.0121
7.7796 32.1631 109.9799 5.9001 37.632 1.0107
7.7861 32.2078 109.9808 5.9066 37.5865 1.009
7.7924 32.2531 109.9818 5.9133 37.5406 1.0068
7.7983 32.2988 109.9828 5.92 37.4941 1.0043
7.8039 32.345 109.9838 5.9267 37.447 1.0014
7.8093 32.3916 109.985 5.9336 37.3995 0.9982
7.8143 32.4387 109.9862 5.9405 37.3514 0.9945
7.8191 32.4863 109.9875 5.9475 37.3028 0.9905
7.8235 32.5343 109.9889 5.9545 37.2536 0.9861
7.8276 32.5828 109.9904 5.9617 37.2039 0.9812
7.8315 32.6318 109.9919 5.9689 37.1537 0.976
7.835 32.6812 109.9935 5.9762 37.1029 0.9704
7.8381 32.7311 109.9952 5.9835 37.0516 0.9643
7.841 32.7815 109.9969 5.9909 36.9998 0.9579
7.8436 32.8323 109.9988 5.9984 36.9474 0.951
7.8458 32.8835 110.0007 6.006 36.8945 0.9438
7.8476 32.9353 110.0027 6.0137 36.8411 0.9361
7.8492 32.9875 110.0047 6.0214 36.7871 0.928
7.8504 33.0401 110.0069 6.0292 36.7326 0.9195
7.8513 33.0932 110.0091 6.0371 36.6776 0.9105
7.8518 33.1468 110.0114 6.045 36.622 0.9011
7.852 33.2008 110.0138 6.053 36.5659 0.8913
7.852 33.2544 110.0162 6.061 36.5102 0.8814
7.852 33.3067 110.0184 6.0688 36.456 0.8717
7.852 33.3577 110.0205 6.0764 36.4033 0.8622
7.852 33.4073 110.0225 6.0838 36.3519 0.853
7.852 33.4556 110.0244 6.0911 36.302 0.844
7.852 33.5026 110.0261 6.0981 36.2535 0.8353
7.852 33.5483 110.0278 6.105 36.2065 0.8268
7.852 33.5926 110.0293 6.1117 36.1609 0.8185
7.852 33.6356 110.0308 6.1181 36.1167 0.8105
7.852 33.6772 110.0322 6.1244 36.0739 0.8027
7.852 33.7175 110.0335 6.1305 36.0326 0.7952
7.852 33.7564 110.0347 6.1364 35.9927 0.7879
7.852 33.794 110.0358 6.1421 35.9542 0.7808
7.852 33.8303 110.0369 6.1476 35.9171 0.774
7.852 33.8652 110.0378 6.153 35.8814 0.7675
7.852 33.8987 110.0387 6.1581 35.8472 0.7612
7.852 33.9309 110.0396 6.163 35.8143 0.7551
7.852 33.9618 110.0404 6.1677 35.7829 0.7493
7.852 33.9912 110.0411 6.1722 35.7529 0.7437
7.852 34.0193 110.0418 6.1765 35.7242 0.7384
7.852 34.0461 110.0424 6.1806 35.697 0.7334
7.852 34.0715 110.043 6.1845 35.6712 0.7286
7.852 34.0955 110.0435 6.1882 35.6468 0.7241
7.852 34.1182 110.044 6.1917 35.6238 0.7198
7.852 34.1395 110.0445 6.1949 35.6022 0.7157
7.852 34.1594 110.0449 6.198 35.582 0.712
7.852 34.1779 110.0452 6.2009 35.5631 0.7085
7.852 34.1951 110.0456 6.2035 35.5457 0.7052
7.852 34.2109 110.0459 6.2059 35.5297 0.7022
7.852 34.2254 110.0461 6.2082 35.5151 0.6995
7.852 34.2384 110.0464 6.2102 35.5019 0.697
7.852 34.2501 110.0466 6.212 35.49 0.6948
7.852 34.2604 110.0468 6.2136 35.4796 0.6928
7.852 34.2694 110.0469 6.215 35.4705 0.6911
7.852 34.277 110.0471 6.2161 35.4629 0.6897
7.852 34.2831 110.0472 6.2171 35.4566 0.6885
7.852 34.288 110.0473 6.2178 35.4517 0.6876
7.852 34.2914 110.0473 6.2184 35.4483 0.6869
7.852 34.2935 110.0473 6.2187 35.4462 0.6865
7.852 34.2942 110.0474 6.2188 35.4455 0.6864
7.852 34.2935 110.0473 6.2187 35.4462 0.6865
7.852 34.2914 110.0473 6.2184 35.4483 0.6869
7.852 34.288 110.0473 6.2178 35.4517 0.6876
7.852 34.2831 110.0472 6.2171 35.4566 0.6885
7.852 34.277 110.0471 6.2161 35.4629 0.6897
7.852 34.2694 110.0469 6.215 35.4705 0.6911
7.852 34.2604 110.0468 6.2136 35.4796 0.6928
7.852 34.2501 110.0466 6.212 35.49 0.6948
7.852 34.2384 110.0464 6.2102 35.5019 0.697
7.852 34.2254 110.0461 6.2082 35.5151 0.6995
7.852 34.2109 110.0459 6.2059 35.5297 0.7022
7.852 34.1951 110.0456 6.2035 35.5457 0.7052
7.852 34.1779 110.0452 6.2009 35.5631 0.7085
7.852 34.1594 110.0449 6.198 35.582 0.712
7.852 34.1395 110.0445 6.1949 35.6022 0.7157
7.852 34.1182 110.044 6.1917 35.6238 0.7198
7.852 34.0955 110.0435 6.1882 35.6468 0.7241
7.852 34.0715 110.043 6.1845 35.6712 0.7286
7.852 34.0461 110.0424 6.1806 35.697 0.7334
7.852 34.0193 110.0418 6.1765 35.7242 0.7384
7.852 33.9912 110.0411 6.1722 35.7529 0.7437
7.852 33.9618 110.0404 6.1677 35.7829 0.7493
7.852 33.9309 110.0396 6.163 35.8143 0.7551
7.852 33.8987 110.0387 6.1581 35.8472 0.7612
7.852 33.8652 110.0378 6.153 35.8814 0.7675
7.852 33.8303 110.0369 6.1476 35.9171 0.774
7.852 33.794 110.0358 6.1421 35.9542 0.7808
7.852 33.7564 110.0347 6.1364 35.9927 0.7879
7.852 33.7175 110.0335 6.1305 36.0326 0.7952
7.852 33.6772 110.0322 6.1244 36.0739 0.8027
7.852 33.6356 110.0308 6.1181 36.1167 0.8105
7.852 33.5926 110.0293 6.1117 36.1609 0.8185
7.852 33.5483 110.0278 6.105 36.2065 0.8268
7.852 33.5026 110.0261 6.0981 36.2535 0.8353
7.852 33.4556 110.0244 6.0911 36.302 0.844
7.852 33.4073 110.0225 6.0838 36.3519 0.853
7.852 33.3577 110.0205 6.0764 36.4033 0.8622
7.852 33.3067 110.0184 6.0688 36.456 0.8717
7.852 33.2544 110.0162 6.061 36.5102 0.8814
7.852 33.2008 110.0138 6.053 36.5659 0.8913
7.852 33.1467 110.0114 6.045 36.6222 0.9014
7.8521 33.0928 110.0089 6.037 36.6782 0.9114
7.8522 33.039 110.0065 6.029 36.7341 0.9215
7.8524 32.9855 110.004 6.0211 36.7897 0.9316
7.8527 32.9323 110.0016 6.0131 36.8451 0.9418
7.8531 32.8792 109.9991 6.0052 36.9003 0.9519
7.8535 32.8263 109.9967 5.9974 36.9553 0.9621
7.8539 32.7737 109.9942 5.9896 37.0101 0.9723
7.8544 32.7213 109.9917 5.9818 37.0647 0.9825
7.855 32.6691 109.9892 5.974 37.1191 0.9927
7.8556 32.6171 109.9867 5.9663 37.1732 1.003
7.8563 32.5654 109.9842 5.9586 37.2272 1.0133
7.8571 32.5139 109.9818 5.9509 37.2809 1.0235
7.8579 32.4625 109.9793 5.9432 37.3344 1.0339
7.8588 32.4114 109.9767 5.9356 37.3877 1.0442
7.8597 32.3606 109.9742 5.9281 37.4408 1.0545
7.8607 32.3099 109.9717 5.9205 37.4937 1.0649
7.8617 32.2594 109.9692 5.913 37.5463 1.0753
7.8628 32.2092 109.9667 5.9055 37.5988 1.0857
7.864 32.1592 109.9641 5.898 37.651 1.0961
7.8652 32.1094 109.9616 5.8906 37.7031 1.1066
7.8665 32.0598 109.9591 5.8832 37.7549 1.117
7.8678 32.0105 109.9565 5.8759 37.8065 1.1275
7.8692 31.9613 109.954 5.8685 37.8579 1.138
7.8707 31.9124 109.9514 5.8612 37.9091 1.1485
7.8722 31.8637 109.9489 5.854 37.96 1.159
7.8737 31.8152 109.9463 5.8467 38.0108 1.1696
7.8753 31.7669 109.9438 5.8395 38.0613 1.1801
7.877 31.7188 109.9412 5.8323 38.1117 1.1907
7.8787 31.671 109.9386 5.8252 38.1618 1.2013
7.8805 31.6234 109.9361 5.8181 38.2117 1.2119
7.8823 31.576 109.9335 5.811 38.2614 1.2225
7.8842 31.5288 109.9309 5.8039 38.3109 1.2331
7.8862 31.4818 109.9283 5.7969 38.3601 1.2438
7.8881 31.4351 109.9257 5.7899 38.4092 1.2544
7.8902 31.3885 109.9231 5.783 38.458 1.2651
7.8923 31.3422 109.9205 5.776 38.5067 1.2758
7.8944 31.2961 109.9179 5.7691 38.5551 1.2865
7.8966 31.2502 109.9153 5.7623 38.6033 1.2972
7.8989 31.2045 109.9127 5.7554 38.6513 1.3079
7.9012 31.1591 109.9101 5.7486 38.6991 1.3187
7.9036 31.1138 109.9075 5.7418 38.7466 1.3294
7.906 31.0688 109.9049 5.7351 38.794 1.3402
7.9085 31.024 109.9023 5.7284 38.8411 1.351
7.911 30.9794 109.8996 5.7217 38.8881 1.3618
7.9135 30.935 109.897 5.715 38.9348 1.3726
7.9162 30.8909 109.8944 5.7084 38.9813 1.3834
7.9188 30.847 109.8917 5.7018 39.0276 1.3942
7.9216 30.8032 109.8891 5.6953 39.0737 1.4051
7.9243 30.7597 109.8865 5.6887 39.1196 1.4159
7.9271 30.7164 109.8838 5.6822 39.1652 1.4268
7.93 30.6734 109.8812 5.6758 39.2107 1.4376
7.9329 30.6305 109.8786 5.6693 39.2559 1.4485
7.9359 30.5879 109.8759 5.6629 39.3009 1.4594
7.9389 30.5454 109.8733 5.6566 39.3457 1.4703
7.942 30.5032 109.8706 5.6502 39.3903 1.4812
7.9451 30.4612 109.8679 5.6439 39.4347 1.4921
7.9483 30.4194 109.8653 5.6376 39.4788 1.503
7.9515 30.3779 109.8626 5.6314 39.5228 1.514
7.9547 30.3365 109.86 5.6252 39.5665 1.5249
7.958 30.2954 109.8573 5.619 39.6101 1.5359
7.9614 30.2545 109.8546 5.6128 39.6534 1.5468
7.9648 30.2138 109.852 5.6067 39.6965 1.5578
7.9683 30.1733 109.8493 5.6006 39.7394 1.5688
7.9717 30.133 109.8466 5.5945 39.7821 1.5797
7.9753 30.093 109.844 5.5885 39.8245 1.5907
7.9789 30.0532 109.8413 5.5825 39.8668 1.6017
7.9825 30.0135 109.8386 5.5765 39.9088 1.6127
7.9862 29.9741 109.8359 5.5706 39.9506 1.6237
7.9899 29.9349 109.8332 5.5647 39.9922 1.6347
7.9937 29.896 109.8306 5.5588 40.0336 1.6458
7.9975 29.8572 109.8279 5.5529 40.0748 1.6568
8.0014 29.8187 109.8252 5.5471 40.1158 1.6678
8.0053 29.7803 109.8225 5.5413 40.1566 1.6789
8.0092 29.7422 109.8198 5.5356 40.1971 1.6899
8.0132 29.7043 109.8171 5.5298 40.2374 1.7009
8.0172 29.6667 109.8144 5.5242 40.2776 1.712
8.0213 29.6292 109.8117 5.5185 40.3175 1.723
8.0254 29.5919 109.809 5.5129 40.3572 1.7341
8.0296 29.5549 109.8064 5.5073 40.3966 1.7452
8.0338 29.5181 109.8037 5.5017 40.4359 1.7562
8.0381 29.4815 109.801 5.4961 40.475 1.7673
8.0424 29.4451 109.7983 5.4906 40.5138 1.7784
8.0467 29.4089 109.7956 5.4852 40.5524 1.7895
8.0511 29.3729 109.7929 5.4797 40.5909 1.8005
8.0555 29.3372 109.7902 5.4743 40.6291 1.8116
8.06 29.3017 109.7875 5.4689 40.667 1.8227
8.0645 29.2663 109.7848 5.4635 40.7048 1.8338
8.069 29.2312 109.7821 5.4582 40.7424 1.8449
8.0736 29.1964 109.7794 5.4529 40.7797 1.856
8.0782 29.1617 109.7767 5.4477 40.8169 1.867
8.0829 29.1272 109.774 5.4424 40.8538 1.8781
8.0876 29.093 109.7713 5.4372 40.8905 1.8892
8.0923 29.059 109.7686 5.4321 40.927 1.9003
8.0971 29.0251 109.7659 5.4269 40.9633 1.9114
8.1019 28.9915 109.7632 5.4218 40.9993 1.9225
8.1068 28.9582 109.7604 5.4167 41.0352 1.9336
8.1117 28.925 109.7577 5.4117 41.0708 1.9447
8.1166 28.892 109.755 5.4067 41.1063 1.9558
8.1216 28.8593 109.7523 5.4017 41.1415 1.9669
8.1266 28.8268 109.7496 5.3967 41.1765 1.9779
8.1317 28.7944 109.7469 5.3918 41.2113 1.989
8.1368 28.7623 109.7442 5.3869 41.2459 2.0001
8.1419 28.7305 109.7415 5.3821 41.2802 2.0112
8.1471 28.6988 109.7388 5.3772 41.3144 2.0223
8.1523 28.6673 109.7361 5.3724 41.3483 2.0334
8.1575 28.6361 109.7334 5.3677 41.382 2.0444
8.1628 28.605 109.7307 5.3629 41.4155 2.0555
8.1681 28.5742 109.728 5.3582 41.4488 2.0666
8.1734 28.5436 109.7253 5.3535 41.4819 2.0777
8.1788 28.5132 109.7226 5.3489 41.5148 2.0887
8.1842 28.4831 109.7199 5.3443 41.5474 2.0998
8.1897 28.4531 109.7172 5.3397 41.5799 2.1108
8.1952 28.4234 109.7145 5.3351 41.6121 2.1219
8.2007 28.3938 109.7118 5.3306 41.6441 2.133
8.2063 28.3645 109.7091 5.3261 41.6759 2.144
8.2119 28.3354 109.7065 5.3217 41.7075 2.155
8.2175 28.3065 109.7038 5.3172 41.7388 2.1661
8.2231 28.2778 109.7011 5.3128 41.77 2.1771
8.2288 28.2494 109.6984 5.3085 41.8009 2.1881
8.2346 28.2211 109.6957 5.3041 41.8317 2.1991
8.2403 28.1931 109.693 5.2998 41.8622 2.2102
8.2461 28.1653 109.6903 5.2955 41.8925 2.2212
8.2519 28.1376 109.6876 5.2913 41.9226 2.2322
8.2578 28.1102 109.685 5.2871 41.9525 2.2432
8.2637 28.0831 109.6823 5.2829 41.9821 2.2541
8.2696 28.0561 109.6796 5.2787 42.0116 2.2651
8.2756 28.0293 109.6769 5.2746 42.0408 2.2761
8.2815 28.0028 109.6742 5.2705 42.0698 2.2871
8.2876 27.9765 109.6716 5.2665 42.0986 2.298
8.2936 27.9503 109.6689 5.2624 42.1272 2.309
8.2997 27.9244 109.6662 5.2584 42.1556 2.3199
8.3058 27.8987 109.6636 5.2545 42.1837 2.3308
8.3119 27.8733 109.6609 5.2505 42.2117 2.3418
8.3181 27.848 109.6582 5.2466 42.2394 2.3527
8.3243 27.8229 109.6556 5.2427 42.267 2.3636
8.3305 27.7981 109.6529 5.2389 42.2943 2.3745
8.3368 27.7735 109.6502 5.2351 42.3214 2.3854
8.3431 27.749 109.6476 5.2313 42.3482 2.3962
8.3494 27.7248 109.6449 5.2275 42.3749 2.4071
8.3557 27.7008 109.6423 5.2238 42.4013 2.418
8.3621 27.6771 109.6396 5.2201 42.4276 2.4288
8.3685 27.6535 109.637 5.2165 42.4536 2.4397
8.3749 27.6302 109.6344 5.2128 42.4794 2.4505
8.3814 27.607 109.6317 5.2092 42.505 2.4613
8.3879 27.5841 109.6291 5.2057 42.5304 2.4721
8.3944 27.5614 109.6264 5.2021 42.5556 2.4829
8.4009 27.5389 109.6238 5.1986 42.5805 2.4937
8.4075 27.5166 109.6212 5.1952 42.6052 2.5044
8.4141 27.4945 109.6186 5.1917 42.6298 2.5152
8.4207 27.4726 109.6159 5.1883 42.6541 2.5259
8.4273 27.451 109.6133 5.1849 42.6782 2.5366
8.434 27.4295 109.6107 5.1816 42.7021 2.5474
8.4407 27.4083 109.6081 5.1782 42.7257 2.5581
8.4474 27.3873 109.6055 5.1749 42.7492 2.5687
8.4541 27.3665 109.6029 5.1717 42.7724 2.5794
8.4609 27.3459 109.6003 5.1685 42.7954 2.5901
8.4677 27.3255 109.5977 5.1653 42.8182 2.6007
8.4745 27.3053 109.5951 5.1621 42.8408 2.6113
8.4814 27.2854 109.5925 5.1589 42.8632 2.622
8.4882 27.2656 109.5899 5.1558 42.8854 2.6326
8.4951 27.2461 109.5873 5.1528 42.9073 2.6432
8.502 27.2268 109.5847 5.1497 42.9291 2.6537
8.509 27.2077 109.5821 5.1467 42.9506 2.6643
8.5159 27.1888 109.5796 5.1437 42.9719 2.6748
8.5229 27.1701 109.577 5.1408 42.993 2.6853
8.5299 27.1516 109.5744 5.1378 43.0139 2.6958
8.5369 27.1333 109.5719 5.135 43.0345 2.7063
8.544 27.1153 109.5693 5.1321 43.055 2.7168
8.551 27.0974 109.5668 5.1293 43.0752 2.7273
8.5581 27.0798 109.5642 5.1265 43.0952 2.7377
8.5652 27.0624 109.5617 5.1237 43.115 2.7481
8.5724 27.0452 109.5591 5.121 43.1346 2.7585
8.5795 27.0282 109.5566 5.1182 43.154 2.7689
8.5867 27.0114 109.554 5.1156 43.1732 2.7793
8.5939 26.9948 109.5515 5.1129 43.1921 2.7896
8.6011 26.9785 109.549 5.1103 43.2109 2.7999
8.6083 26.9623 109.5465 5.1077 43.2294 2.8103
8.6156 26.9464 109.544 5.1052 43.2477 2.8206
8.6229 26.9306 109.5414 5.1027 43.2658 2.8308
8.6301 26.9151 109.5389 5.1002 43.2836 2.8411
8.6374 26.8998 109.5364 5.0977 43.3013 2.8513
8.6448 26.8847 109.5339 5.0953 43.3187 2.8615
8.6521 26.8698 109.5315 5.0929 43.336 2.8717
8.6595 26.8552 109.529 5.0905 43.353 2.8819
8.6669 26.8407 109.5265 5.0882 43.3698 2.892
8.6743 26.8264 109.524 5.0858 43.3864 2.9022
8.6817 26.8124 109.5215 5.0836 43.4028 2.9123
8.6891 26.7986 109.5191 5.0813 43.4189 2.9224
8.6966 26.785 109.5166 5.0791 43.4349 2.9324
8.704 26.7715 109.5142 5.0769 43.4506 2.9425
8.7115 26.7583 109.5117 5.0748 43.4661 2.9525
8.719 26.7454 109.5093 5.0726 43.4814 2.9625
8.7265 26.7326 109.5068 5.0706 43.4965 2.9725
8.7341 26.72 109.5044 5.0685 43.5113 2.9824
8.7416 26.7077 109.502 5.0665 43.526 2.9923
8.7492 26.6955 109.4995 5.0645 43.5404 3.0023
8.7568 26.6836 109.4971 5.0625 43.5546 3.0121
8.7643 26.6718 109.4947 5.0605 43.5687 3.022
8.772 26.6603 109.4923 5.0586 43.5824 3.0318
8.7796 26.649 109.4899 5.0568 43.596 3.0416
8.7872 26.6379 109.4875 5.0549 43.6094 3.0514
8.7949 26.627 109.4851 5.0531 43.6225 3.0612
8.8025 26.6164 109.4828 5.0513 43.6355 3.0709
8.8102 26.6059 109.4804 5.0496 43.6482 3.0806
8.8179 26.5957 109.478 5.0478 43.6607 3.0903
8.8256 26.5856 109.4756 5.0461 43.673 3.1
8.8333 26.5758 109.4733 5.0445 43.685 3.1096
8.841 26.5661 109.4709 5.0428 43.6969 3.1192
8.8488 26.5567 109.4686 5.0412 43.7085 3.1288
8.8565 26.5475 109.4663 5.0397 43.72 3.1384
8.8643 26.5385 109.4639 5.0381 43.7312 3.1479
8.8721 26.5297 109.4616 5.0366 43.7422 3.1574
8.8798 26.5212 109.4593 5.0351 43.753 3.1669
8.8876 26.5128 109.457 5.0337 43.7635 3.1763
8.8954 26.5046 109.4547 5.0323 43.7739 3.1857
8.9033 26.4967 109.4524 5.0309 43.784 3.1951
8.9111 26.489 109.4501 5.0295 43.7939 3.2045
8.9189 26.4814 109.4478 5.0282 43.8036 3.2138
8.9268 26.4741 109.4455 5.0269 43.8131 3.2231
8.9346 26.467 109.4433 5.0256 43.8224 3.2324
8.9425 26.4601 109.441 5.0244 43.8314 3.2417
8.9504 26.4534 109.4387 5.0232 43.8403 3.2509
8.9582 26.4469 109.4365 5.022 43.8489 3.2601
8.9661 26.4407 109.4343 5.0209 43.8573 3.2692
8.974 26.4346 109.432 5.0198 43.8655 3.2784
8.982 26.4287 109.4298 5.0187 43.8735 3.2875
8.9899 26.4231 109.4276 5.0177 43.8813 3.2965
8.9978 26.4177 109.4254 5.0166 43.8888 3.3056
9.0057 26.4124 109.4232 5.0156 43.8962 3.3146
9.0137 26.4074 109.421 5.0147 43.9033 3.3235
9.0216 26.4026 109.4188 5.0138 43.9102 3.3325
9.0296 26.398 109.4166 5.0129 43.9169 3.3414
9.0375 26.3936 109.4144 5.012 43.9233 3.3503
9.0455 26.3894 109.4123 5.0112 43.9296 3.3591
9.0535 26.3855 109.4101 5.0104 43.9356 3.3679
9.0614 26.3817 109.408 5.0096 43.9415 3.3767
9.0694 26.3782 109.4058 5.0088 43.9471 3.3855
9.0774 26.3748 109.4037 5.0081 43.9525 3.3942
9.0854 26.3717 109.4016 5.0074 43.9577 3.4029
9.0934 26.3687 109.3994 5.0068 43.9626 3.4115
9.1014 26.366 109.3973 5.0062 43.9674 3.4201
9.1094 26.3635 109.3952 5.0056 43.9719 3.4287
9.1174 26.3612 109.3931 5.005 43.9762 3.4373
9.1254 26.3591 109.3911 5.0045 43.9803 3.4458
9.1334 26.3572 109.389 5.004 43.9842 3.4543
9.1415 26.3555 109.3869 5.0035 43.9879 3.4627
9.1495 26.3541 109.3849 5.0031 43.9913 3.4711
9.1575 26.3528 109.3828 5.0027 43.9946 3.4795
9.1655 26.3518 109.3808 5.0023 43.9976 3.4878
9.1736 26.3509 109.3787 5.002 44.0004 3.4961
9.1816 26.3503 109.3767 5.0016 44.003 3.5044
9.1896 26.3499 109.3747 5.0014 44.0054 3.5126
9.1977 26.3496 109.3727 5.0011 44.0075 3.5208
9.2057 26.3496 109.3707 5.0009 44.0095 3.529
9.2137 26.3498 109.3687 5.0007 44.0112 3.5371
9.2218 26.3502 109.3667 5.0005 44.0127 3.5452
9.2298 26.3508 109.3648 5.0004 44.014 3.5532
9.2379 26.3517 109.3628 5.0003 44.0151 3.5612
9.2459 26.3527 109.3609 5.0002 44.0159 3.5692
9.254 26.3539 109.3589 5.0002 44.0166 3.5771
9.262 26.3554 109.357 5.0002 44.017 3.585
9.27 26.357 109.3551 5.0002 44.0172 3.5929
9.2781 26.3589 109.3532 5.0003 44.0172 3.6007
9.2861 26.3609 109.3513 5.0003 44.017 3.6085
9.2942 26.3632 109.3494 5.0005 44.0166 3.6162
9.3022 26.3657 109.3475 5.0006 44.0159 3.6239
9.3102 26.3684 109.3456 5.0008 44.0151 3.6316
9.3183 26.3713 109.3437 5.001 44.014 3.6392
9.3263 26.3744 109.3419 5.0012 44.0127 3.6467
9.3343 26.3777 109.34 5.0015 44.0112 3.6543
9.3424 26.3812 109.3382 5.0018 44.0095 3.6618
9.3504 26.3849 109.3364 5.0021 44.0075 3.6692
9.3584 26.3889 109.3346 5.0025 44.0053 3.6766
9.3664 26.393 109.3328 5.0029 44.003 3.684
9.3744 26.3974 109.331 5.0033 44.0004 3.6913
9.3824 26.4019 109.3292 5.0037 43.9976 3.6986
9.3904 26.4067 109.3274 5.0042 43.9945 3.7059
9.3984 26.4116 109.3256 5.0047 43.9913 3.7131
9.4064 26.4168 109.3239 5.0053 43.9878 3.7202
9.4144 26.4222 109.3222 5.0058 43.9842 3.7274
9.4224 26.4278 109.3204 5.0064 43.9803 3.7344
9.4304 26.4336 109.3187 5.0071 43.9762 3.7415
9.4384 26.4396 109.317 5.0077 43.9718 3.7485
9.4463 26.4458 109.3153 5.0084 43.9673 3.7554
9.4543 26.4522 109.3136 5.0092 43.9625 3.7623
9.4623 26.4588 109.3119 5.0099 43.9576 3.7692
9.4702 26.4657 109.3103 5.0107 43.9524 3.776
9.4782 26.4727 109.3086 5.0115 43.947 3.7827
9.4861 26.48 109.307 5.0124 43.9414 3.7895
9.494 26.4874 109.3053 5.0133 43.9355 3.7961
9.502 26.4951 109.3037 5.0142 43.9295 3.8028
9.5099 26.5029 109.3021 5.0151 43.9232 3.8093
9.5178 26.511 109.3005 5.0161 43.9167 3.8159
9.5257 26.5193 109.2989 5.0171 43.91 3.8224
9.5336 26.5278 109.2973 5.0181 43.9031 3.8288
9.5415 26.5365 109.2958 5.0192 43.8959 3.8352
9.5493 26.5454 109.2942 5.0203 43.8886 3.8416
9.5572 26.5545 109.2927 5.0214 43.881 3.8479
9.5651 26.5638 109.2911 5.0225 43.8732 3.8542
9.5729 26.5733 109.2896 5.0237 43.8652 3.8604
9.5807 26.583 109.2881 5.0249 43.857 3.8665
9.5886 26.5929 109.2866 5.0262 43.8486 3.8726
9.5964 26.6031 109.2851 5.0275 43.8399 3.8787
9.6042 26.6134 109.2836 5.0288 43.8311 3.8847
9.612 26.624 109.2822 5.0301 43.822 3.8907
9.6198 26.6347 109.2807 5.0315 43.8127 3.8966
9.6275 26.6457 109.2793 5.0329 43.8031 3.9025
9.6353 26.6568 109.2779 5.0343 43.7934 3.9083
9.6431 26.6682 109.2764 5.0358 43.7835 3.9141
9.6508 26.6798 109.275 5.0373 43.7733 3.9198
9.6585 26.6916 109.2737 5.0388 43.7629 3.9255
9.6662 26.7035 109.2723 5.0403 43.7523 3.9311
9.6739 26.7157 109.2709 5.0419 43.7415 3.9367
9.6816 26.7281 109.2696 5.0435 43.7304 3.9422
9.6893 26.7407 109.2682 5.0452 43.7192 3.9477
9.697 26.7535 109.2669 5.0468 43.7077 3.9531
9.7046 26.7666 109.2656 5.0485 43.696 3.9585
9.7123 26.7798 109.2643 5.0503 43.6841 3.9638
9.7199 26.7932 109.263 5.052 43.672 3.9691
9.7275 26.8068 109.2617 5.0538 43.6597 3.9743
9.7351 26.8207 109.2605 5.0557 43.6471 3.9795
9.7426 26.8347 109.2592 5.0575 43.6343 3.9846
9.7502 26.849 109.258 5.0594 43.6214 3.9896
9.7578 26.8634 109.2567 5.0613 43.6081 3.9946
9.7653 26.8781 109.2555 5.0633 43.5947 3.9996
9.7728 26.8929 109.2543 5.0652 43.5811 4.0045
9.7803 26.908 109.2531 5.0673 43.5672 4.0093
9.7878 26.9233 109.252 5.0693 43.5532 4.0141
9.7953 26.9388 109.2508 5.0714 43.5389 4.0188
9.8027 26.9544 109.2497 5.0735 43.5244 4.0235
9.8101 26.9703 109.2485 5.0756 43.5096 4.0281
9.8176 26.9864 109.2474 5.0778 43.4947 4.0327
9.825 27.0027 109.2463 5.0799 43.4795 4.0372
9.8323 27.0192 109.2452 5.0822 43.4642 4.0417
9.8397 27.0359 109.2441 5.0844 43.4486 4.0461
9.8471 27.0528 109.2431 5.0867 43.4328 4.0504
9.8544 27.07 109.242 5.089 43.4167 4.0547
9.8617 27.0873 109.241 5.0914 43.4005 4.059
9.869 27.1048 109.24 5.0937 43.384 4.0632
9.8762 27.1225 109.239 5.0961 43.3673 4.0673
9.8835 27.1405 109.238 5.0986 43.3504 4.0713
9.8907 27.1586 109.237 5.101 43.3333 4.0754
9.8979 27.177 109.236 5.1035 43.316 4.0793
9.9051 27.1955 109.2351 5.1061 43.2985 4.0832
9.9123 27.2143 109.2341 5.1086 43.2807 4.087
9.9195 27.2332 109.2332 5.1112 43.2627 4.0908
9.9266 27.2524 109.2323 5.1138 43.2445 4.0945
9.9337 27.2717 109.2314 5.1165 43.2261 4.0982
9.9408 27.2913 109.2305 5.1192 43.2075 4.1018
9.9479 27.3111 109.2297 5.1219 43.1886 4.1053
9.9549 27.3311 109.2288 5.1246 43.1695 4.1088
9.9619 27.3512 109.228 5.1274 43.1503 4.1123
9.9689 27.3716 109.2271 5.1302 43.1307 4.1156
9.9759 27.3922 109.2263 5.133 43.111 4.1189
9.9829 27.413 109.2255 5.1359 43.0911 4.1222
9.9898 27.434 109.2248 5.1388 43.0709 4.1254
9.9967 27.4552 109.224 5.1417 43.0506 4.1285
10.0036 27.4766 109.2233 5.1447 43.03 4.1315
10.0105 27.4982 109.2225 5.1476 43.0092 4.1345
10.0173 27.5201 109.2218 5.1507 42.9881 4.1375
10.0241 27.5421 109.2211 5.1537 42.9669 4.1404
10.0309 27.5643 109.2204 5.1568 42.9454 4.1432
10.0377 27.5867 109.2197 5.1599 42.9238 4.1459
10.0444 27.6094 109.2191 5.163 42.9019 4.1486
10.0511 27.6322 109.2184 5.1662 42.8797 4.1512
10.0578 27.6552 109.2178 5.1694 42.8574 4.1538
10.0645 27.6785 109.2172 5.1726 42.8349 4.1563
10.0711 27.7019 109.2166 5.1759 42.8121 4.1588
10.0778 27.7256 109.216 5.1792 42.7891 4.1611
10.0844 27.7494 109.2155 5.1825 42.7659 4.1634
10.0909 27.7735 109.2149 5.1858 42.7425 4.1657
10.0975 27.7977 109.2144 5.1892 42.7189 4.1679
10.104 27.8222 109.2139 5.1926 42.695 4.17
10.1104 27.8468 109.2134 5.1961 42.6709 4.1721
10.1169 27.8717 109.2129 5.1996 42.6466 4.174
10.1233 27.8968 109.2124 5.2031 42.6221 4.176
10.1297 27.922 109.212 5.2066 42.5974 4.1778
10.1361 27.9475 109.2115 5.2102 42.5725 4.1796
10.1424 27.9732 109.2111 5.2137 42.5473 4.1814
10.1488 27.9991 109.2107 5.2174 42.5219 4.183
10.155 28.0252 109.2103 5.221 42.4963 4.1846
10.1613 28.0515 109.2099 5.2247 42.4705 4.1861
10.1675 28.078 109.2096 5.2284 42.4445 4.1876
10.1737 28.1046 109.2092 5.2322 42.4182 4.189
10.1799 28.1315 109.2089 5.2359 42.3918 4.1903
10.186 28.1586 109.2086 5.2398 42.3651 4.1916
10.1921 28.1859 109.2083 5.2436 42.3382 4.1928
10.1982 28.2134 109.2081 5.2475 42.311 4.1939
10.2043 28.2412 109.2078 5.2514 42.2837 4.195
10.2103 28.2691 109.2076 5.2553 42.2561 4.196
10.2163 28.2972 109.2073 5.2593 42.2284 4.1969
10.2222 28.3255 109.2071 5.2632 42.2004 4.1977
10.2281 28.354 109.2069 5.2673 42.1722 4.1985
10.234 28.3827 109.2068 5.2713 42.1437 4.1992
10.2399 28.4117 109.2066 5.2754 42.1151 4.1999
10.2457 28.4408 109.2065 5.2795 42.0862 4.2005
10.2515 28.4701 109.2064 5.2836 42.0571 4.201
10.2573 28.4996 109.2063 5.2878 42.0278 4.2014
10.263 28.5294 109.2062 5.292 41.9983 4.2018
10.2687 28.5593 109.2061 5.2963 41.9686 4.2021
10.2743 28.5894 109.2061 5.3005 41.9386 4.2023
10.28 28.6198 109.206 5.3048 41.9084 4.2024
10.2856 28.6503 109.206 5.3091 41.878 4.2025
10.2911 28.6811 109.206 5.3135 41.8474 4.2025
10.2966 28.712 109.206 5.3179 41.8166 4.2025
10.3021 28.7431 109.2061 5.3223 41.7856 4.2023
10.3076 28.7745 109.2061 5.3267 41.7543 4.2021
10.313 28.806 109.2062 5.3312 41.7228 4.2018
10.3184 28.8378 109.2063 5.3357 41.6911 4.2015
10.3237 28.8697 109.2064 5.3403 41.6592 4.2011
10.329 28.9019 109.2065 5.3448 41.627 4.2006
10.3343 28.9343 109.2067 5.3494 41.5947 4.2
10.3396 28.9668 109.2068 5.3541 41.5621 4.1993
10.3448 28.9996 109.207 5.3587 41.5293 4.1986
10.3499 29.0325 109.2072 5.3634 41.4963 4.1978
10.3551 29.0657 109.2074 5.3681 41.4631 4.197
10.3602 29.0991 109.2077 5.3729 41.4296 4.196
10.3652 29.1326 109.2079 5.3777 41.396 4.195
10.3702 29.1664 109.2082 5.3825 41.3621 4.1939
10.3752 29.2004 109.2085 5.3873 41.328 4.1927
10.3801 29.2345 109.2088 5.3922 41.2936 4.1915
10.385 29.2689 109.2091 5.3971 41.2591 4.1902
10.3899 29.3035 109.2095 5.402 41.2243 4.1888
10.3947 29.3383 109.2098 5.407 41.1894 4.1873
10.3995 29.3732 109.2102 5.412 41.1542 4.1857
10.4042 29.4084 109.2106 5.417 41.1188 4.1841
10.409 29.4438 109.211 5.4221 41.0831 4.1824
10.4136 29.4794 109.2115 5.4271 41.0473 4.1806
10.4182 29.5152 109.2119 5.4323 41.0112 4.1788
10.4228 29.5511 109.2124 5.4374 40.9749 4.1768
10.4274 29.5873 109.2129 5.4426 40.9384 4.1748
10.4319 29.6237 109.2134 5.4478 40.9017 4.1727
10.4363 29.6603 109.214 5.453 40.8647 4.1706
10.4408 29.6971 109.2145 5.4583 40.8276 4.1683
10.4451 29.7341 109.2151 5.4636 40.7902 4.166
10.4495 29.7712 109.2157 5.4689 40.7526 4.1636
10.4538 29.8086 109.2163 5.4743 40.7148 4.1611
10.458 29.8462 109.2169 5.4797 40.6767 4.1585
10.4622 29.884 109.2176 5.4851 40.6385 4.1559
10.4664 29.922 109.2183 5.4905 40.6 4.1532
10.4705 29.9602 109.219 5.496 40.5613 4.1504
10.4746 29.9986 109.2197 5.5015 40.5224 4.1475
10.4786 30.0372 109.2204 5.507 40.4832 4.1445
10.4826 30.0759 109.2212 5.5126 40.4439 4.1415
10.4866 30.1149 109.2219 5.5182 40.4043 4.1384
10.4905 30.1541 109.2227 5.5239 40.3645 4.1351
10.4943 30.1935 109.2235 5.5295 40.3245 4.1319
10.4981 30.2331 109.2244 5.5352 40.2843 4.1285
10.5019 30.2729 109.2252 5.5409 40.2439 4.125
10.5056 30.3129 109.2261 5.5467 40.2032 4.1215
10.5093 30.3531 109.227 5.5525 40.1623 4.1179
10.513 30.3935 109.2279 5.5583 40.1212 4.1142
10.5165 30.4341 109.2288 5.5641 40.0799 4.1104
10.5201 30.4749 109.2298 5.57 40.0383 4.1065
10.5236 30.5159 109.2308 5.5759 39.9966 4.1026
10.527 30.557 109.2318 5.5818 39.9546 4.0985
10.5304 30.5984 109.2328 5.5878 39.9124 4.0944
10.5338 30.64 109.2338 5.5938 39.87 4.0902
10.5371 30.6818 109.2349 5.5998 39.8273 4.0859
10.5403 30.7238 109.236 5.6059 39.7845 4.0816
10.5436 30.766 109.2371 5.612 39.7414 4.0771
10.5467 30.8084 109.2382 5.6181 39.6981 4.0726
10.5498 30.851 109.2393 5.6242 39.6546 4.0679
10.5529 30.8938 109.2405 5.6304 39.6109 4.0632
10.5559 30.9368 109.2417 5.6366 39.5669 4.0584
10.5589 30.98 109.2429 5.6429 39.5228 4.0535
10.5618 31.0234 109.2441 5.6491 39.4784 4.0486
10.5647 31.0669 109.2453 5.6554 39.4338 4.0435
10.5675 31.1107 109.2466 5.6617 39.3889 4.0384
10.5703 31.1547 109.2479 5.6681 39.3439 4.0331
10.573 31.1989 109.2492 5.6745 39.2986 4.0278
10.5757 31.2433 109.2505 5.6809 39.2531 4.0224
10.5783 31.2879 109.2519 5.6874 39.2074 4.0169
10.5809 31.3327 109.2533 5.6938 39.1615 4.0113
10.5834 31.3776 109.2547 5.7004 39.1154 4.0057
10.5858 31.4228 109.2561 5.7069 39.069 3.9999
10.5883 31.4682 109.2575 5.7135 39.0224 3.9941
10.5906 31.5138 109.259 5.7201 38.9756 3.9881
10.5929 31.5596 109.2605 5.7267 38.9286 3.9821
10.5952 31.6055 109.262 5.7334 38.8814 3.976
10.5974 31.6517 109.2635 5.7401 38.8339 3.9698
10.5995 31.6981 109.2651 5.7468 38.7862 3.9635
10.6016 31.7447 109.2666 5.7535 38.7383 3.9571
10.6037 31.7914 109.2682 5.7603 38.6902 3.9506
10.6057 31.8384 109.2699 5.7671 38.6419 3.9441
10.6076 31.8856 109.2715 5.774 38.5933 3.9374
10.6095 31.933 109.2732 5.7809 38.5446 3.9307
10.6113 31.9805 109.2748 5.7878 38.4956 3.9239
10.6131 32.0283 109.2765 5.7947 38.4463 3.9169
10.6148 32.0763 109.2783 5.8017 38.3969 3.9099
10.6165 32.1244 109.28 5.8087 38.3473 3.9028
10.6181 32.1728 109.2818 5.8157 38.2974 3.8956
10.6197 32.2214 109.2836 5.8227 38.2473 3.8883
10.6212 32.2701 109.2854 5.8298 38.197 3.8809
10.6226 32.3191 109.2873 5.8369 38.1465 3.8734
10.624 32.3682 109.2891 5.8441 38.0957 3.8659
10.6253 32.4176 109.291 5.8513 38.0447 3.8582
10.6266 32.4671 109.2929 5.8585 37.9935 3.8504
10.6278 32.5169 109.2949 5.8657 37.9421 3.8426
10.629 32.5668 109.2968 5.873 37.8905 3.8346
10.6301 32.617 109.2988 5.8803 37.8387 3.8266
10.6311 32.6673 109.3008 5.8876 37.7866 3.8185
10.6321 32.7179 109.3028 5.895 37.7343 3.8102
10.633 32.7686 109.3049 5.9024 37.6818 3.8019
10.6339 32.8196 109.307 5.9098 37.6291 3.7935
10.6347 32.8707 109.3091 5.9172 37.5761 3.785
10.6355 32.922 109.3112 5.9247 37.5229 3.7764
10.6362 32.9736 109.3133 5.9322 37.4696 3.7677
10.6368 33.0253 109.3155 5.9398 37.4159 3.7589
10.6374 33.0772 109.3177 5.9473 37.3621 3.75
10.6379 33.1294 109.3199 5.9549 37.3081 3.741
10.6384 33.1817 109.3221 5.9626 37.2538 3.7319
10.6388 33.2342 109.3244 5.9702 37.1993 3.7227
10.6391 33.2869 109.3267 5.9779 37.1446 3.7134
10.6394 33.3398 109.329 5.9856 37.0897 3.704
10.6396 33.393 109.3313 5.9934 37.0345 3.6945
10.6398 33.4463 109.3337 6.0012 36.9792 3.685
10.6398 33.4998 109.3361 6.009 36.9236 3.6753
10.6399 33.5535 109.3385 6.0168 36.8678 3.6655
10.6399 33.6066 109.3409 6.0246 36.8126 3.6558
10.6399 33.6585 109.3431 6.0322 36.7588 3.6463
10.6399 33.709 109.3452 6.0396 36.7065 3.6371
10.6399 33.7582 109.3472 6.0469 36.6555 3.628
10.6399 33.8062 109.349 6.0539 36.6061 3.6193
10.6399 33.8527 109.3508 6.0608 36.558 3.6107
10.6399 33.898 109.3524 6.0675 36.5113 3.6024
10.6399 33.9419 109.354 6.074 36.4661 3.5943
10.6399 33.9846 109.3554 6.0803 36.4223 3.5864
10.6399 34.0258 109.3568 6.0864 36.3799 3.5788
10.6399 34.0658 109.3581 6.0924 36.3388 3.5714
10.6399 34.1044 109.3593 6.0981 36.2993 3.5643
10.6399 34.1417 109.3604 6.1037 36.2611 3.5574
10.6399 34.1776 109.3615 6.1091 36.2243 3.5507
10.6399 34.2123 109.3624 6.1142 36.1889 3.5443
10.6399 34.2455 109.3633 6.1192 36.1549 3.5382
10.6399 34.2774 109.3642 6.124 36.1224 3.5322
10.6399 34.308 109.365 6.1286 36.0912 3.5266
10.6399 34.3372 109.3657 6.133 36.0614 3.5211
10.6399 34.3651 109.3664 6.1372 36.033 3.5159
10.6399 34.3916 109.367 6.1412 36.006 3.511
10.6399 34.4168 109.3676 6.145 35.9804 3.5063
10.6399 34.4406 109.3681 6.1485 35.9562 3.5019
10.6399 34.4631 109.3686 6.1519 35.9334 3.4977
10.6399 34.4842 109.369 6.1551 35.9119 3.4937
10.6399 34.504 109.3694 6.1581 35.8919 3.4901
10.6399 34.5224 109.3698 6.1609 35.8732 3.4866
10.6399 34.5394 109.3701 6.1635 35.856 3.4834
10.6399 34.5551 109.3704 6.1659 35.8401 3.4805
10.6399 34.5694 109.3707 6.168 35.8256 3.4778
10.6399 34.5824 109.3709 6.17 35.8125 3.4754
10.6399 34.594 109.3711 6.1717 35.8007 3.4732
10.6399 34.6042 109.3713 6.1733 35.7904 3.4713
10.6399 34.6131 109.3715 6.1746 35.7814 3.4697
10.6399 34.6206 109.3716 6.1758 35.7738 3.4683
10.6399 34.6267 109.3717 6.1767 35.7676 3.4671
10.6399 34.6315 109.3718 6.1774 35.7628 3.4662
10.6399 34.6349 109.3719 6.178 35.7593 3.4656
10.6399 34.6369 109.3719 6.1783 35.7572 3.4652
10.6399 34.6376 109.3719 6.1784 35.7565 3.4651
10.6399 34.6369 109.3719 6.1783 35.7572 3.4652
10.6399 34.6349 109.3719 6.178 35.7593 3.4656
10.6399 34.6315 109.3718 6.1774 35.7628 3.4662
10.6399 34.6267 109.3717 6.1767 35.7676 3.4671
10.6399 34.6206 109.3716 6.1758 35.7738 3.4683
10.6399 34.6131 109.3715 6.1746 35.7814 3.4697
10.6399 34.6042 109.3713 6.1733 35.7904 3.4713
10.6399 34.594 109.3711 6.1717 35.8007 3.4732
10.6399 34.5824 109.3709 6.17 35.8125 3.4754
10.6399 34.5694 109.3707 6.168 35.8256 3.4778
10.6399 34.5551 109.3704 6.1659 35.8401 3.4805
10.6399 34.5394 109.3701 6.1635 35.856 3.4834
10.6399 34.5224 109.3698 6.1609 35.8732 3.4866
10.6399 34.504 109.3694 6.1581 35.8919 3.4901
10.6399 34.4842 109.369 6.1551 35.9119 3.4937
10.6399 34.4631 109.3686 6.1519 35.9334 3.4977
10.6399 34.4406 109.3681 6.1485 35.9562 3.5019
10.6399 34.4168 109.3676 6.145 35.9804 3.5063
10.6399 34.3916 109.367 6.1412 36.006 3.511
10.6399 34.3651 109.3664 6.1372 36.033 3.5159
10.6399 34.3372 109.3657 6.133 36.0614 3.5211
10.6399 34.308 109.365 6.1286 36.0912 3.5266
10.6399 34.2774 109.3642 6.124 36.1224 3.5322
10.6399 34.2455 109.3633 6.1192 36.1549 3.5382
10.6399 34.2123 109.3624 6.1142 36.1889 3.5443
10.6399 34.1776 109.3615 6.1091 36.2243 3.5507
10.6399 34.1417 109.3604 6.1037 36.2611 3.5574
10.6399 34.1044 109.3593 6.0981 36.2993 3.5643
10.6399 34.0658 109.3581 6.0924 36.3388 3.5714
10.6399 34.0258 109.3568 6.0864 36.3799 3.5788
10.6399 33.9846 109.3554 6.0803 36.4223 3.5864
10.6399 33.9419 109.354 6.074 36.4661 3.5943
10.6399 33.898 109.3524 6.0675 36.5113 3.6024
10.6399 33.8527 109.3508 6.0608 36.558 3.6107
10.6399 33.8062 109.349 6.0539 36.6061 3.6193
10.6399 33.7582 109.3472 6.0469 36.6555 3.628
10.6399 33.709 109.3452 6.0396 36.7065 3.6371
10.6399 33.6585 109.3431 6.0322 36.7588 3.6463
10.6399 33.6066 109.3409 6.0246 36.8126 3.6558
10.6399 33.5535 109.3385 6.0168 36.8678 3.6655
10.6399 33.4999 109.3361 6.009 36.9234 3.6753
10.6399 33.4469 109.3337 6.0013 36.9786 3.685
10.6399 33.3943 109.3313 5.9936 37.0332 3.6946
10.6399 33.3422 109.329 5.986 37.0874 3.7041
10.6399 33.2906 109.3267 5.9784 37.141 3.7135
10.6399 33.2395 109.3244 5.971 37.1941 3.7229
10.6399 33.1888 109.3221 5.9636 37.2467 3.7321
10.6399 33.1387 109.3198 5.9563 37.2988 3.7412
10.6399 33.089 109.3176 5.949 37.3504 3.7503
10.6399 33.0399 109.3154 5.9418 37.4015 3.7593
10.6399 32.9912 109.3132 5.9347 37.4521 3.7682
10.6399 32.943 109.311 5.9277 37.5022 3.777
10.6399 32.8953 109.3089 5.9207 37.5517 3.7857
10.6399 32.8481 109.3068 5.9138 37.6008 3.7943
10.6399 32.8014 109.3047 5.907 37.6493 3.8028
10.6399 32.7552 109.3026 5.9002 37.6974 3.8113
10.6399 32.7095 109.3005 5.8936 37.7449 3.8196
10.6399 32.6642 109.2985 5.887 37.7919 3.8279
10.6399 32.6195 109.2965 5.8804 37.8384 3.836
10.6399 32.5752 109.2945 5.874 37.8844 3.8441
10.6399 32.5314 109.2925 5.8676 37.9299 3.8521
10.6399 32.4881 109.2906 5.8612 37.9749 3.86
10.6399 32.4453 109.2887 5.855 38.0194 3.8678
10.6399 32.403 109.2867 5.8488 38.0634 3.8756
10.6399 32.3612 109.2849 5.8427 38.1068 3.8832
10.6399 32.3199 109.283 5.8367 38.1498 3.8907
10.6399 32.279 109.2812 5.8307 38.1922 3.8982
10.6399 32.2387 109.2794 5.8248 38.2342 3.9056
10.6399 32.1988 109.2776 5.819 38.2756 3.9128
10.6399 32.1594 109.2758 5.8132 38.3165 3.92
10.6399 32.1205 109.274 5.8075 38.3569 3.9271
10.6399 32.0821 109.2723 5.8019 38.3968 3.9341
10.6399 32.0442 109.2706 5.7964 38.4362 3.9411
10.6399 32.0068 109.2689 5.7909 38.4751 3.9479
10.6399 31.9699 109.2673 5.7855 38.5135 3.9546
10.6399 31.9334 109.2656 5.7802 38.5514 3.9613
10.6399 31.8975 109.264 5.775 38.5887 3.9679
10.6399 31.862 109.2624 5.7698 38.6256 3.9743
10.6399 31.827 109.2608 5.7647 38.6619 3.9807
10.6399 31.7926 109.2593 5.7596 38.6978 3.987
10.6399 31.7586 109.2578 5.7547 38.7331 3.9932
10.6399 31.7251 109.2563 5.7498 38.7679 3.9993
10.6399 31.692 109.2548 5.745 38.8022 4.0054
10.6399 31.6595 109.2533 5.7402 38.836 4.0113
10.6399 31.6275 109.2519 5.7355 38.8693 4.0171
10.6399 31.5959 109.2504 5.7309 38.9021 4.0229
10.6399 31.5649 109.2491 5.7264 38.9344 4.0286
10.6399 31.5343 109.2477 5.7219 38.9662 4.0342
10.6399 31.5042 109.2463 5.7175 38.9974 4.0397
10.6399 31.4746 109.245 5.7132 39.0282 4.0451
10.6399 31.4455 109.2437 5.709 39.0584 4.0504
10.6399 31.4169 109.2424 5.7048 39.0882 4.0556
10.6399 31.3888 109.2411 5.7007 39.1174 4.0607
10.6399 31.3611 109.2399 5.6966 39.1461 4.0658
10.6399 31.334 109.2387 5.6927 39.1743 4.0707
10.6399 31.3073 109.2375 5.6888 39.202 4.0756
10.6399 31.2812 109.2363 5.6849 39.2292 4.0804
10.6399 31.2555 109.2351 5.6812 39.2559 4.0851
10.6399 31.2303 109.234 5.6775 39.2821 4.0897
10.6399 31.2056 109.2329 5.6739 39.3078 4.0942
10.6399 31.1814 109.2318 5.6704 39.3329 4.0986
10.6399 31.1576 109.2307 5.6669 39.3576 4.1029
10.6399 31.1344 109.2297 5.6635 39.3817 4.1072
10.6399 31.1117 109.2287 5.6602 39.4054 4.1113
10.6399 31.0894 109.2277 5.6569 39.4285 4.1154
10.6399 31.0676 109.2267 5.6538 39.4511 4.1194
10.6399 31.0464 109.2257 5.6507 39.4732 4.1232
10.6399 31.0256 109.2248 5.6476 39.4948 4.127
10.6399 31.0053 109.2239 5.6447 39.5159 4.1307
10.6399 30.9855 109.223 5.6418 39.5365 4.1344
10.6399 30.9661 109.2221 5.6389 39.5566 4.1379
10.6399 30.9473 109.2213 5.6362 39.5762 4.1413
10.6399 30.929 109.2204 5.6335 39.5952 4.1447
10.6399 30.9111 109.2196 5.6309 39.6138 4.1479
10.6399 30.8938 109.2189 5.6284 39.6318 4.1511
10.6399 30.8769 109.2181 5.6259 39.6494 4.1542
10.6399 30.8605 109.2174 5.6235 39.6664 4.1572
10.6399 30.8446 109.2167 5.6212 39.6829 4.1601
10.6399 30.8292 109.216 5.6189 39.6989 4.1629
10.6399 30.8143 109.2153 5.6168 39.7144 4.1656
10.6399 30.7998 109.2146 5.6146 39.7294 4.1682
10.6399 30.7859 109.214 5.6126 39.7439 4.1708
10.6399 30.7724 109.2134 5.6106 39.7579 4.1733
10.6399 30.7595 109.2128 5.6088 39.7714 4.1756
10.6399 30.747 109.2123 5.6069 39.7843 4.1779
10.6399 30.735 109.2117 5.6052 39.7968 4.1801
10.6399 30.7235 109.2112 5.6035 39.8087 4.1822
10.6399 30.7125 109.2107 5.6019 39.8202 4.1842
10.6399 30.702 109.2102 5.6004 39.8311 4.1861
10.6399 30.692 109.2098 5.5989 39.8415 4.1879
10.6399 30.6824 109.2094 5.5975 39.8514 4.1897
10.6399 30.6734 109.209 5.5962 39.8608 4.1913
10.6399 30.6648 109.2086 5.5949 39.8697 4.1929
10.6399 30.6568 109.2082 5.5937 39.8781 4.1944
10.6399 30.6492 109.2079 5.5926 39.886 4.1958
10.6399 30.6421 109.2075 5.5916 39.8934 4.197
10.6399 30.6355 109.2072 5.5906 39.9002 4.1983
10.6399 30.6294 109.207 5.5897 39.9066 4.1994
10.6399 30.6237 109.2067 5.5889 39.9124 4.2004
10.6399 30.6186 109.2065 5.5882 39.9178 4.2013
10.6399 30.614 109.2063 5.5875 39.9226 4.2022
10.6399 30.6098 109.2061 5.5869 39.9269 4.2029
10.6399 30.6061 109.2059 5.5864 39.9307 4.2036
10.6399 30.603 109.2058 5.5859 39.934 4.2042
10.6399 30.6003 109.2057 5.5855 39.9368 4.2047
10.6399 30.5981 109.2056 5.5852 39.9391 4.2051
10.6399 30.5964 109.2055 5.5849 39.9409 4.2054
10.6399 30.5951 109.2054 5.5847 39.9422 4.2056
10.6399 30.5944 109.2054 5.5846 39.9429 4.2058
10.6399 30.5941 109.2054 5.5846 39.9432 4.2058
10.6399 30.5944 109.2054 5.5846 39.9429 4.2058
10.6399 30.5951 109.2054 5.5847 39.9422 4.2056
10.6399 30.5964 109.2055 5.5849 39.9409 4.2054
10.6399 30.5981 109.2056 5.5852 39.9391 4.2051
10.6399 30.6003 109.2057 5.5855 39.9368 4.2047
10.6399 30.603 109.2058 5.5859 39.934 4.2042
10.6399 30.6061 109.2059 5.5864 39.9307 4.2036
10.6399 30.6098 109.2061 5.5869 39.9269 4.2029
10.6399 30.614 109.2063 5.5875 39.9226 4.2022
10.6399 30.6186 109.2065 5.5882 39.9178 4.2013
10.6399 30.6237 109.2067 5.5889 39.9124 4.2004
10.6399 30.6294 109.207 5.5897 39.9066 4.1994
10.6399 30.6355 109.2072 5.5906 39.9002 4.1983
10.6399 30.6421 109.2075 5.5916 39.8934 4.197
10.6399 30.6492 109.2079 5.5926 39.886 4.1958
10.6399 30.6568 109.2082 5.5937 39.8781 4.1944
10.6399 30.6648 109.2086 5.5949 39.8697 4.1929
10.6399 30.6734 109.209 5.5962 39.8608 4.1913
10.6399 30.6824 109.2094 5.5975 39.8514 4.1897
10.6399 30.692 109.2098 5.5989 39.8415 4.1879
10.6399 30.702 109.2102 5.6004 39.8311 4.1861
10.6399 30.7125 109.2107 5.6019 39.8202 4.1842
10.6399 30.7235 109.2112 5.6035 39.8087 4.1822
10.6399 30.735 109.2117 5.6052 39.7968 4.1801
10.6399 30.747 109.2123 5.6069 39.7843 4.1779
10.6399 30.7595 109.2128 5.6088 39.7714 4.1756
10.6399 30.7724 109.2134 5.6106 39.7579 4.1733
10.6399 30.7859 109.214 5.6126 39.7439 4.1708
10.6399 30.7998 109.2146 5.6146 39.7294 4.1682
10.6399 30.8143 109.2153 5.6168 39.7144 4.1656
10.6399 30.8292 109.216 5.6189 39.6989 4.1629
10.6399 30.8446 109.2167 5.6212 39.6829 4.1601
10.6399 30.8605 109.2174 5.6235 39.6664 4.1572
10.6399 30.8769 109.2181 5.6259 39.6494 4.1542
10.6399 30.8938 109.2189 5.6284 39.6318 4.1511
10.6399 30.9111 109.2196 5.6309 39.6138 4.1479
10.6399 30.929 109.2204 5.6335 39.5952 4.1447
10.6399 30.9473 109.2213 5.6362 39.5762 4.1413
10.6399 30.9661 109.2221 5.6389 39.5566 4.1379
10.6399 30.9855 109.223 5.6418 39.5365 4.1344
10.6399 31.0053 109.2239 5.6447 39.5159 4.1307
10.6399 31.0256 109.2248 5.6476 39.4948 4.127
10.6399 31.0464 109.2257 5.6507 39.4732 4.1232
10.6399 31.0676 109.2267 5.6538 39.4511 4.1194
10.6399 31.0894 109.2277 5.6569 39.4285 4.1154
10.6399 31.1117 109.2287 5.6602 39.4054 4.1113
10.6399 31.1344 109.2297 5.6635 39.3817 4.1072
10.6399 31.1576 109.2307 5.6669 39.3576 4.1029
10.6399 31.1814 109.2318 5.6704 39.3329 4.0986
10.6399 31.2056 109.2329 5.6739 39.3078 4.0942
10.6399 31.2303 109.234 5.6775 39.2821 4.0897
10.6399 31.2555 109.2351 5.6812 39.2559 4.0851
10.6399 31.2812 109.2363 5.6849 39.2292 4.0804
10.6399 31.3073 109.2375 5.6888 39.202 4.0756
10.6399 31.334 109.2387 5.6927 39.1743 4.0707
10.6399 31.3611 109.2399 5.6966 39.1461 4.0658
10.6399 31.3888 109.2411 5.7007 39.1174 4.0607
10.6399 31.4169 109.2424 5.7048 39.0882 4.0556
10.6399 31.4455 109.2437 5.709 39.0584 4.0504
10.6399 31.4746 109.245 5.7132 39.0282 4.0451
10.6399 31.5042 109.2463 5.7175 38.9974 4.0397
10.6399 31.5343 109.2477 5.7219 38.9662 4.0342
10.6399 31.5649 109.2491 5.7264 38.9344 4.0286
10.6399 31.5959 109.2504 5.7309 38.9021 4.0229
10.6399 31.6275 109.2519 5.7355 38.8693 4.0171
10.6399 31.6595 109.2533 5.7402 38.836 4.0113
10.6399 31.692 109.2548 5.745 38.8022 4.0054
10.6399 31.7251 109.2563 5.7498 38.7679 3.9993
10.6399 31.7586 109.2578 5.7547 38.7331 3.9932
10.6399 31.7926 109.2593 5.7596 38.6978 3.987
10.6399 31.827 109.2608 5.7647 38.6619 3.9807
10.6399 31.862 109.2624 5.7698 38.6256 3.9743
10.6399 31.8975 109.264 5.775 38.5887 3.9679
10.6399 31.9334 109.2656 5.7802 38.5514 3.9613
10.6399 31.9699 109.2673 5.7855 38.5135 3.9546
10.6399 32.0068 109.2689 5.7909 38.4751 3.9479
10.6399 32.0442 109.2706 5.7964 38.4362 3.9411
10.6399 32.0821 109.2723 5.8019 38.3968 3.9341
10.6399 32.1205 109.274 5.8075 38.3569 3.9271
10.6399 32.1594 109.2758 5.8132 38.3165 3.92
10.6399 32.1988 109.2776 5.819 38.2756 3.9128
10.6399 32.2387 109.2794 5.8248 38.2342 3.9056
10.6399 32.279 109.2812 5.8307 38.1922 3.8982
10.6399 32.3199 109.283 5.8367 38.1498 3.8907
10.6399 32.3612 109.2849 5.8427 38.1068 3.8832
10.6399 32.403 109.2867 5.8488 38.0634 3.8756
10.6399 32.4453 109.2887 5.855 38.0194 3.8678
10.6399 32.4881 109.2906 5.8612 37.9749 3.86
10.6399 32.5314 109.2925 5.8676 37.9299 3.8521
10.6399 32.5752 109.2945 5.874 37.8844 3.8441
10.6399 32.6195 109.2965 5.8804 37.8384 3.836
10.6399 32.6642 109.2985 5.887 37.7919 3.8279
10.6399 32.7095 109.3005 5.8936 37.7449 3.8196
10.6399 32.7552 109.3026 5.9002 37.6974 3.8113
10.6399 32.8014 109.3047 5.907 37.6493 3.8028
10.6399 32.8481 109.3068 5.9138 37.6008 3.7943
10.6399 32.8953 109.3089 5.9207 37.5517 3.7857
10.6399 32.943 109.311 5.9277 37.5022 3.777
10.6399 32.9912 109.3132 5.9347 37.4521 3.7682
10.6399 33.0399 109.3154 5.9418 37.4015 3.7593
10.6399 33.089 109.3176 5.949 37.3504 3.7503
10.6399 33.1387 109.3198 5.9563 37.2988 3.7412
10.6399 33.1888 109.3221 5.9636 37.2467 3.7321
10.6399 33.2395 109.3244 5.971 37.1941 3.7229
10.6399 33.2906 109.3267 5.9784 37.141 3.7135
10.6399 33.3422 109.329 5.986 37.0874 3.7041
10.6399 33.3943 109.3313 5.9936 37.0332 3.6946
10.6399 33.4469 109.3337 6.0013 36.9786 3.685
10.6399 33.4999 109.3361 6.009 36.9234 3.6753
10.6399 33.5535 109.3385 6.0168 36.8678 3.6655
10.6399 33.6066 109.3409 6.0246 36.8126 3.6558
10.6399 33.6585 109.3431 6.0322 36.7588 3.6463
10.6399 33.709 109.3452 6.0396 36.7065 3.6371
10.6399 33.7582 109.3472 6.0469 36.6555 3.628
10.6399 33.8062 109.349 6.0539 36.6061 3.6193
10.6399 33.8527 109.3508 6.0608 36.558 3.6107
10.6399 33.898 109.3524 6.0675 36.5113 3.6024
10.6399 33.9419 109.354 6.074 36.4661 3.5943
10.6399 33.9846 109.3554 6.0803 36.4223 3.5864
10.6399 34.0258 109.3568 6.0864 36.3799 3.5788
10.6399 34.0658 109.3581 6.0924 36.3388 3.5714
10.6399 34.1044 109.3593 6.0981 36.2993 3.5643
10.6399 34.1417 109.3604 6.1037 36.2611 3.5574
10.6399 34.1776 109.3615 6.1091 36.2243 3.5507
10.6399 34.2123 109.3624 6.1142 36.1889 3.5443
10.6399 34.2455 109.3633 6.1192 36.1549 3.5382
10.6399 34.2774 109.3642 6.124 36.1224 3.5322
10.6399 34.308 109.365 6.1286 36.0912 3.5266
10.6399 34.3372 109.3657 6.133 36.0614 3.5211
10.6399 34.3651 109.3664 6.1372 36.033 3.5159
10.6399 34.3916 109.367 6.1412 36.006 3.511
10.6399 34.4168 109.3676 6.145 35.9804 3.5063
10.6399 34.4406 109.3681 6.1485 35.9562 3.5019
10.6399 34.4631 109.3686 6.1519 35.9334 3.4977
10.6399 34.4842 109.369 6.1551 35.9119 3.4937
10.6399 34.504 109.3694 6.1581 35.8919 3.4901
10.6399 34.5224 109.3698 6.1609 35.8732 3.4866
10.6399 34.5394 109.3701 6.1635 35.856 3.4834
10.6399 34.5551 109.3704 6.1659 35.8401 3.4805
10.6399 34.5694 109.3707 6.168 35.8256 3.4778
10.6399 34.5824 109.3709 6.17 35.8125 3.4754
10.6399 34.594 109.3711 6.1717 35.8007 3.4732
10.6399 34.6042 109.3713 6.1733 35.7904 3.4713
10.6399 34.6131 109.3715 6.1746 35.7814 3.4697
10.6399 34.6206 109.3716 6.1758 35.7738 3.4683
10.6399 34.6267 109.3717 6.1767 35.7676 3.4671
10.6399 34.6315 109.3718 6.1774 35.7628 3.4662
10.6399 34.6349 109.3719 6.178 35.7593 3.4656
10.6399 34.6369 109.3719 6.1783 35.7572 3.4652
10.6399 34.6376 109.3719 6.1784 35.7565 3.4651
10.6399 34.6369 109.3719 6.1783 35.7572 3.4652
10.6399 34.6349 109.3719 6.178 35.7593 3.4656
10.6399 34.6315 109.3718 6.1774 35.7628 3.4662
10.6399 34.6267 109.3717 6.1767 35.7676 3.4671
10.6399 34.6206 109.3716 6.1758 35.7738 3.4683
10.6399 34.6131 109.3715 6.1746 35.7814 3.4697
10.6399 34.6042 109.3713 6.1733 35.7904 3.4713
10.6399 34.594 109.3711 6.1717 35.8007 3.4732
10.6399 34.5824 109.3709 6.17 35.8125 3.4754
10.6399 34.5694 109.3707 6.168 35.8256 3.4778
10.6399 34.5551 109.3704 6.1659 35.8401 3.4805
10.6399 34.5394 109.3701 6.1635 35.856 3.4834
10.6399 34.5224 109.3698 6.1609 35.8732 3.4866
10.6399 34.504 109.3694 6.1581 35.8919 3.4901
10.6399 34.4842 109.369 6.1551 35.9119 3.4937
10.6399 34.4631 109.3686 6.1519 35.9334 3.4977
10.6399 34.4406 109.3681 6.1485 35.9562 3.5019
10.6399 34.4168 109.3676 6.145 35.9804 3.5063
10.6399 34.3916 109.367 6.1412 36.006 3.511
10.6399 34.3651 109.3664 6.1372 36.033 3.5159
10.6399 34.3372 109.3657 6.133 36.0614 3.5211
10.6399 34.308 109.365 6.1286 36.0912 3.5266
10.6399 34.2774 109.3642 6.124 36.1224 3.5322
10.6399 34.2455 109.3633 6.1192 36.1549 3.5382
10.6399 34.2123 109.3624 6.1142 36.1889 3.5443
10.6399 34.1776 109.3615 6.1091 36.2243 3.5507
10.6399 34.1417 109.3604 6.1037 36.2611 3.5574
10.6399 34.1044 109.3593 6.0981 36.2993 3.5643
10.6399 34.0658 109.3581 6.0924 36.3388 3.5714
10.6399 34.0258 109.3568 6.0864 36.3799 3.5788
10.6399 33.9846 109.3554 6.0803 36.4223 3.5864
10.6399 33.9419 109.354 6.074 36.4661 3.5943
10.6399 33.898 109.3524 6.0675 36.5113 3.6024
10.6399 33.8527 109.3508 6.0608 36.558 3.6107
10.6399 33.8062 109.349 6.0539 36.6061 3.6193
10.6399 33.7582 109.3472 6.0469 36.6555 3.628
10.6399 33.709 109.3452 6.0396 36.7065 3.6371
10.6399 33.6585 109.3431 6.0322 36.7588 3.6463
10.6399 33.6066 109.3409 6.0246 36.8126 3.6558
10.6399 33.5535 109.3385 6.0168 36.8678 3.6655
10.6392 33.4999 109.3362 6.0086 36.9234 3.6749
10.6373 33.4467 109.3341 5.9997 36.9785 3.6836
10.634 33.3938 109.3321 5.99 37.0331 3.6915
10.6295 33.3414 109.3304 5.9797 37.0871 3.6986
10.6236 33.2893 109.3289 5.9687 37.1406 3.7049
10.6166 33.2376 109.3275 5.9569 37.1936 3.7105
10.6082 33.1863 109.3263 5.9445 37.246 3.7153
10.5987 33.1355 109.3254 5.9314 37.2979 3.7194
10.5879 33.085 109.3246 5.9177 37.3493 3.7228
10.5759 33.0349 109.324 5.9033 37.4001 3.7254
10.5627 32.9852 109.3236 5.8882 37.4504 3.7273
10.5484 32.9358 109.3233 5.8725 37.5001 3.7285
10.5328 32.8869 109.3233 5.8561 37.5494 3.729
10.5161 32.8384 109.3234 5.8392 37.598 3.7288
10.4982 32.7903 109.3237 5.8215 37.6462 3.7279
10.4792 32.7426 109.3242 5.8033 37.6938 3.7263
10.4591 32.6953 109.3248 5.7845 37.7409 3.7241
10.4379 32.6484 109.3256 5.765 37.7874 3.7211
10.4155 32.6019 109.3266 5.745 37.8334 3.7175
10.3921 32.5558 109.3278 5.7243 37.8789 3.7133
10.3675 32.5101 109.3291 5.7031 37.9238 3.7083
10.342 32.4648 109.3306 5.6813 37.9682 3.7028
10.3153 32.4199 109.3322 5.6589 38.0121 3.6966
10.2876 32.3754 109.334 5.6359 38.0555 3.6897
10.2589 32.3313 109.336 5.6124 38.0983 3.6823
10.2292 32.2877 109.3382 5.5884 38.1406 3.6742
10.1984 32.2444 109.3404 5.5638 38.1823 3.6655
10.1667 32.2016 109.3429 5.5386 38.2235 3.6562
10.134 32.1592 109.3455 5.513 38.2642 3.6463
10.1003 32.1171 109.3482 5.4868 38.3044 3.6358
10.0656 32.0756 109.3511 5.4601 38.344 3.6248
10.03 32.0344 109.3542 5.4329 38.3831 3.6131
9.9935 31.9936 109.3574 5.4051 38.4216 3.6009
9.956 31.9533 109.3607 5.3769 38.4597 3.5882
9.9177 31.9133 109.3642 5.3482 38.4972 3.5748
9.8784 31.8738 109.3679 5.319 38.5341 3.5609
9.8383 31.8347 109.3716 5.2893 38.5706 3.5465
9.7972 31.7961 109.3756 5.2592 38.6065 3.5315
9.7553 31.7578 109.3796 5.2286 38.6419 3.5161
9.7126 31.72 109.3838 5.1975 38.6767 3.5
9.669 31.6826 109.3881 5.166 38.711 3.4835
9.6246 31.6457 109.3926 5.1341 38.7448 3.4665
9.5794 31.6091 109.3972 5.1017 38.7781 3.4489
9.5333 31.573 109.4019 5.0689 38.8108 3.4309
9.4865 31.5373 109.4067 5.0356 38.843 3.4124
9.4389 31.5021 109.4117 5.002 38.8747 3.3934
9.3905 31.4673 109.4168 4.9679 38.9059 3.3739
9.3414 31.4329 109.422 4.9335 38.9365 3.354
9.2915 31.3989 109.4274 4.8986 38.9666 3.3335
9.2409 31.3654 109.4328 4.8634 38.9962 3.3127
9.1896 31.3323 109.4384 4.8277 39.0252 3.2914
9.1376 31.2996 109.4441 4.7917 39.0537 3.2696
9.0849 31.2674 109.4499 4.7554 39.0817 3.2474
9.0315 31.2356 109.4559 4.7186 39.1092 3.2248
8.9774 31.2043 109.4619 4.6816 39.1361 3.2018
8.9227 31.1734 109.4681 4.6441 39.1625 3.1784
8.8673 31.1429 109.4743 4.6064 39.1884 3.1545
8.8113 31.1129 109.4807 4.5683 39.2138 3.1303
8.7546 31.0833 109.4872 4.5299 39.2386 3.1056
8.6974 31.0542 109.4937 4.4911 39.2629 3.0806
8.6395 31.0255 109.5004 4.4521 39.2867 3.0552
8.5811 30.9972 109.5072 4.4127 39.31 3.0294
8.522 30.9694 109.5141 4.373 39.3327 3.0033
8.4625 30.9421 109.5211 4.3331 39.3549 2.9768
8.4023 30.9152 109.5282 4.2929 39.3766 2.95
8.3417 30.8887 109.5353 4.2523 39.3978 2.9228
8.2805 30.8627 109.5426 4.2116 39.4184 2.8952
8.2187 30.8372 109.5499 4.1705 39.4385 2.8674
8.1565 30.8121 109.5574 4.1292 39.4581 2.8392
8.0938 30.7874 109.5649 4.0876 39.4772 2.8107
8.0306 30.7632 109.5725 4.0458 39.4957 2.7819
7.967 30.7395 109.5802 4.0038 39.5137 2.7528
7.9029 30.7162 109.588 3.9615 39.5313 2.7233
7.8383 30.6934 109.5959 3.919 39.5482 2.6936
7.7733 30.671 109.6038 3.8763 39.5647 2.6637
7.7079 30.6491 109.6119 3.8334 39.5806 2.6334
7.6421 30.6277 109.62 3.7903 39.596 2.6029
7.5759 30.6067 109.6282 3.747 39.6109 2.5721
7.5093 30.5862 109.6364 3.7034 39.6253 2.541
7.4423 30.5661 109.6447 3.6597 39.6392 2.5097
7.375 30.5465 109.6531 3.6159 39.6525 2.4782
7.3073 30.5274 109.6616 3.5718 39.6653 2.4464
7.2393 30.5087 109.6701 3.5276 39.6776 2.4144
7.171 30.4905 109.6787 3.4833 39.6894 2.3822
7.1023 30.4728 109.6874 3.4388 39.7006 2.3498
7.0334 30.4555 109.6961 3.3941 39.7114 2.3171
6.9641 30.4387 109.7049 3.3494 39.7216 2.2843
6.8946 30.4224 109.7137 3.3045 39.7313 2.2512
6.8249 30.4065 109.7226 3.2594 39.7404 2.218
6.7548 30.3912 109.7316 3.2143 39.7491 2.1846
6.6846 30.3763 109.7406 3.169 39.7572 2.151
6.6141 30.3618 109.7497 3.1237 39.7649 2.1173
6.5434 30.3479 109.7588 3.0782 39.772 2.0834
6.4725 30.3344 109.768 3.0327 39.7785 2.0493
6.4014 30.3214 109.7772 2.9871 39.7846 2.0151
6.3301 30.3089 109.7864 2.9414 39.7902 1.9807
6.2586 30.2968 109.7957 2.8957 39.7952 1.9463
6.187 30.2853 109.8051 2.8498 39.7997 1.9117
6.1153 30.2742 109.8145 2.804 39.8037 1.877
6.0434 30.2636 109.8239 2.7581 39.8072 1.8421
5.9714 30.2535 109.8334 2.7121 39.8101 1.8072
5.8993 30.2439 109.8429 2.6661 39.8126 1.7721
5.8271 30.2347 109.8524 2.6201 39.8145 1.737
5.7548 30.2261 109.862 2.5741 39.8159 1.7018
5.6824 30.2179 109.8716 2.5281 39.8168 1.6665
5.61 30.2102 109.8812 2.482 39.8172 1.6312
5.5375 30.2031 109.8909 2.436 39.8171 1.5957
5.465 30.1964 109.9006 2.39 39.8165 1.5603
5.3925 30.1902 109.9103 2.3439 39.8153 1.5247
5.3199 30.1844 109.92 2.298 39.8136 1.4892
5.2474 30.1792 109.9298 2.252 39.8114 1.4535
5.1749 30.1745 109.9396 2.2061 39.8087 1.4179
5.1024 30.1703 109.9494 2.1602 39.8055 1.3822
5.0299 30.1665 109.9592 2.1143 39.8018 1.3466
4.9575 30.1633 109.969 2.0686 39.7975 1.3109
4.8851 30.1606 109.9789 2.0228 39.7928 1.2752
4.8128 30.1583 109.9887 1.9772 39.7875 1.2395
4.7406 30.1566 109.9986 1.9316 39.7817 1.2038
4.6685 30.1554 110.0085 1.8861 39.7754 1.1682
4.5965 30.1546 110.0184 1.8407 39.7686 1.1325
4.5246 30.1544 110.0283 1.7955 39.7613 1.0969
4.4529 30.1547 110.0382 1.7503 39.7535 1.0614
4.3812 30.1554 110.0481 1.7052 39.7451 1.0259
4.3098 30.1567 110.058 1.6602 39.7363 0.9904
4.2385 30.1585 110.0679 1.6154 39.7269 0.955
4.1674 30.1608 110.0778 1.5707 39.717 0.9197
4.0965 30.1636 110.0877 1.5261 39.7067 0.8844
4.0258 30.167 110.0976 1.4817 39.6958 0.8492
3.9553 30.1708 110.1075 1.4374 39.6843 0.8141
3.885 30.1751 110.1174 1.3933 39.6724 0.7791
3.815 30.18 110.1272 1.3493 39.66 0.7442
3.7452 30.1854 110.1371 1.3056 39.6471 0.7094
3.6757 30.1913 110.1469 1.262 39.6336 0.6747
3.6065 30.1977 110.1568 1.2186 39.6196 0.6402
3.5375 30.2046 110.1666 1.1754 39.6052 0.6057
3.4689 30.212 110.1764 1.1323 39.5902 0.5714
3.4006 30.22 110.1861 1.0895 39.5747 0.5373
3.3326 30.2285 110.1959 1.0469 39.5587 0.5033
3.2649 30.2375 110.2056 1.0046 39.5422 0.4694
3.1976 30.247 110.2153 0.9624 39.5252 0.4357
3.1306 30.257 110.225 0.9205 39.5077 0.4022
3.064 30.2676 110.2347 0.8788 39.4897 0.3688
2.9978 30.2787 110.2443 0.8374 39.4711 0.3357
2.932 30.2903 110.2539 0.7962 39.4521 0.3027
2.8666 30.3024 110.2634 0.7553 39.4325 0.2699
2.8016 30.3151 110.273 0.7147 39.4125 0.2373
2.737 30.3283 110.2825 0.6743 39.3919 0.205
2.6729 30.3421 110.2919 0.6342 39.3708 0.1728
2.6092 30.3563 110.3013 0.5945 39.3493 0.1409
2.5461 30.3711 110.3107 0.555 39.3272 0.1092
2.4833 30.3864 110.32 0.5158 39.3046 0.0777
2.4211 30.4023 110.3293 0.4769 39.2815 0.0465
2.3594 30.4187 110.3386 0.4383 39.2579 0.0156
2.2982 30.4356 110.3478 0.4001 39.2338 -0.0151
2.2375 30.4531 110.3569 0.3621 39.2092 -0.0456
2.1774 30.4711 110.366 0.3246 39.1841 -0.0758
2.1178 30.4897 110.3751 0.2873 39.1585 -0.1056
2.0588 30.5088 110.384 0.2504 39.1323 -0.1353
2.0004 30.5284 110.393 0.2139 39.1057 -0.1646
1.9425 30.5485 110.4019 0.1777 39.0786 -0.1936
1.8853 30.5693 110.4107 0.1419 39.0509 -0.2223
1.8286 30.5905 110.4194 0.1065 39.0228 -0.2507
1.7726 30.6123 110.4281 0.0715 38.9942 -0.2788
1.7172 30.6347 110.4368 0.0368 38.965 -0.3065
1.6625 30.6576 110.4454 0.0026 38.9354 -0.3339
1.6084 30.681 110.4539 -0.0312 38.9052 -0.361
1.555 30.705 110.4623 -0.0647 38.8746 -0.3878
1.5023 30.7295 110.4707 -0.0977 38.8434 -0.4141
1.4503 30.7546 110.479 -0.1303 38.8118 -0.4402
1.3989 30.7802 110.4872 -0.1624 38.7796 -0.4658
1.3483 30.8064 110.4954 -0.1941 38.7469 -0.4911
1.2985 30.8332 110.5034 -0.2254 38.7138 -0.516
1.2493 30.8605 110.5114 -0.2562 38.6801 -0.5405
1.201 30.8883 110.5194 -0.2866 38.6459 -0.5646
1.1534 30.9168 110.5272 -0.3164 38.6113 -0.5883
1.1065 30.9457 110.5349 -0.3459 38.5761 -0.6116
1.0605 30.9753 110.5426 -0.3748 38.5405 -0.6345
1.0153 31.0053 110.5502 -0.4032 38.5043 -0.657
0.9709 31.036 110.5577 -0.4312 38.4676 -0.679
0.9273 31.0672 110.5651 -0.4586 38.4305 -0.7006
0.8845 31.099 110.5724 -0.4856 38.3928 -0.7218
0.8427 31.1313 110.5797 -0.512 38.3546 -0.7425
0.8016 31.1642 110.5868 -0.5379 38.316 -0.7628
0.7615 31.1977 110.5938 -0.5633 38.2768 -0.7825
0.7222 31.2317 110.6008 -0.5882 38.2371 -0.8019
0.6838 31.2663 110.6076 -0.6125 38.197 -0.8207
0.6464 31.3015 110.6144 -0.6362 38.1563 -0.8391
0.6098 31.3372 110.621 -0.6594 38.1152 -0.8569
0.5742 31.3735 110.6276 -0.6821 38.0735 -0.8743
0.5396 31.4104 110.634 -0.7041 38.0313 -0.8912
0.5059 31.4478 110.6403 -0.7256 37.9887 -0.9075
0.4732 31.4859 110.6466 -0.7465 37.9456 -0.9234
0.4414 31.5245 110.6527 -0.7669 37.9019 -0.9387
0.4107 31.5636 110.6587 -0.7866 37.8578 -0.9535
0.381 31.6034 110.6646 -0.8057 37.8131 -0.9677
0.3522 31.6437 110.6703 -0.8242 37.768 -0.9814
0.3246 31.6846 110.676 -0.8421 37.7224 -0.9946
0.2979 31.7261 110.6815 -0.8594 37.6762 -1.0072
0.2723 31.7682 110.6869 -0.8761 37.6296 -1.0192
0.2478 31.8108 110.6922 -0.8921 37.5825 -1.0307
0.2244 31.854 110.6974 -0.9074 37.5349 -1.0415
0.202 31.8978 110.7025 -0.9221 37.4868 -1.0518
0.1808 31.9422 110.7074 -0.9362 37.4382 -1.0615
0.1606 31.9872 110.7122 -0.9496 37.3891 -1.0706
0.1416 32.0328 110.7169 -0.9623 37.3395 -1.0791
0.1238 32.0789 110.7214 -0.9743 37.2894 -1.087
0.1071 32.1257 110.7258 -0.9857 37.2388 -1.0942
0.0915 32.173 110.7301 -0.9964 37.1877 -1.1009
0.0771 32.2209 110.7342 -1.0063 37.1362 -1.1068
0.064 32.2694 110.7382 -1.0156 37.0841 -1.1122
0.052 32.3185 110.7421 -1.0241 37.0316 -1.1169
0.0412 32.3682 110.7458 -1.032 36.9785 -1.1209
0.0316 32.4185 110.7494 -1.0391 36.925 -1.1243
0.0233 32.4694 110.7528 -1.0454 36.8709 -1.1271
0.0162 32.5209 110.7561 -1.0511 36.8164 -1.1291
0.0104 32.5729 110.7593 -1.056 36.7614 -1.1305
0.0059 32.6256 110.7623 -1.0601 36.7059 -1.1311
0.0026 32.6789 110.7651 -1.0635 36.6499 -1.1311
0.0007 32.7328 110.7678 -1.0661 36.5934 -1.1304
-0 32.7872 110.7704 -1.0679 36.5364 -1.1289
-0 32.8413 110.7728 -1.0693 36.4799 -1.1272
-0 32.8941 110.775 -1.0707 36.4249 -1.1254
-0 32.9456 110.7772 -1.0721 36.3713 -1.1238
-0 32.9957 110.7792 -1.0734 36.3192 -1.1221
-0 33.0444 110.7811 -1.0747 36.2685 -1.1205
-0 33.0919 110.7829 -1.0759 36.2193 -1.1189
-0 33.1379 110.7846 -1.0772 36.1716 -1.1174
-0 33.1827 110.7862 -1.0784 36.1252 -1.1159
-0 33.226 110.7877 -1.0795 36.0804 -1.1145
-0 33.2681 110.7891 -1.0806 36.037 -1.1131
-0 33.3087 110.7904 -1.0817 35.995 -1.1118
-0 33.3481 110.7916 -1.0828 35.9545 -1.1105
-0 33.386 110.7927 -1.0838 35.9154 -1.1092
-0 33.4226 110.7938 -1.0848 35.8777 -1.108
-0 33.4578 110.7948 -1.0857 35.8415 -1.1068
-0 33.4917 110.7958 -1.0866 35.8067 -1.1057
-0 33.5242 110.7966 -1.0875 35.7734 -1.1046
-0 33.5553 110.7974 -1.0884 35.7414 -1.1036
-0 33.585 110.7982 -1.0892 35.7109 -1.1026
-0 33.6134 110.7989 -1.0899 35.6819 -1.1016
-0 33.6404 110.7995 -1.0907 35.6542 -1.1007
-0 33.666 110.8001 -1.0914 35.628 -1.0999
-0 33.6903 110.8006 -1.092 35.6032 -1.0991
-0 33.7132 110.8011 -1.0927 35.5799 -1.0983
-0 33.7347 110.8016 -1.0932 35.5579 -1.0976
-0 33.7548 110.802 -1.0938 35.5374 -1.0969
-0 33.7735 110.8024 -1.0943 35.5183 -1.0963
-0 33.7908 110.8027 -1.0948 35.5006 -1.0957
-0 33.8068 110.8031 -1.0952 35.4844 -1.0952
-0 33.8214 110.8033 -1.0956 35.4695 -1.0947
-0 33.8346 110.8036 -1.096 35.4561 -1.0942
-0 33.8464 110.8038 -1.0963 35.444 -1.0938
-0 33.8568 110.804 -1.0966 35.4334 -1.0935
-0 33.8658 110.8041 -1.0968 35.4243 -1.0932
-0 33.8734 110.8043 -1.097 35.4165 -1.0929
-0 33.8797 110.8044 -1.0972 35.4101 -1.0927
-0 33.8846 110.8045 -1.0973 35.4052 -1.0926
-0 33.888 110.8045 -1.0974 35.4016 -1.0924
-0 33.8901 110.8046 -1.0975 35.3995 -1.0924
-0 33.8908 110.8046 -1.0975 35.3988 -1.0923
-0 33.8901 110.8046 -1.0975 35.3995 -1.0924
-0 33.888 110.8045 -1.0974 35.4016 -1.0924
-0 33.8846 110.8045 -1.0973 35.4052 -1.0926
-0 33.8797 110.8044 -1.0972 35.4101 -1.0927
-0 33.8734 110.8043 -1.097 35.4165 -1.0929
-0 33.8658 110.8041 -1.0968 35.4243 -1.0932
-0 33.8568 110.804 -1.0966 35.4334 -1.0935
-0 33.8464 110.8038 -1.0963 35.444 -1.0938
-0 33.8346 110.8036 -1.096 35.4561 -1.0942
-0 33.8214 110.8033 -1.0956 35.4695 -1.0947
-0 33.8068 110.8031 -1.0952 35.4844 -1.0952
-0 33.7908 110.8027 -1.0948 35.5006 -1.0957
-0 33.7735 110.8024 -1.0943 35.5183 -1.0963
-0 33.7548 110.802 -1.0938 35.5374 -1.0969
-0 33.7347 110.8016 -1.0932 35.5579 -1.0976
-0 33.7132 110.8011 -1.0927 35.5799 -1.0983
-0 33.6903 110.8006 -1.092 35.6032 -1.0991
-0 33.666 110.8001 -1.0914 35.628 -1.0999
-0 33.6404 110.7995 -1.0907 35.6542 -1.1007
-0 33.6134 110.7989 -1.0899 35.6819 -1.1016
-0 33.585 110.7982 -1.0892 35.7109 -1.1026
-0 33.5553 110.7974 -1.0884 35.7414 -1.1036
-0 33.5242 110.7966 -1.0875 35.7734 -1.1046
-0 33.4917 110.7958 -1.0866 35.8067 -1.1057
-0 33.4578 110.7948 -1.0857 35.8415 -1.1068
-0 33.4226 110.7938 -1.0848 35.8777 -1.108
-0 33.386 110.7927 -1.0838 35.9154 -1.1092
-0 33.3481 110.7916 -1.0828 35.9545 -1.1105
-0 33.3087 110.7904 -1.0817 35.995 -1.1118
-0 33.2681 110.7891 -1.0806 36.037 -1.1131
-0 33.226 110.7877 -1.0795 36.0804 -1.1145
-0 33.1827 110.7862 -1.0784 36.1252 -1.1159
-0 33.1379 110.7846 -1.0772 36.1716 -1.1174
-0 33.0919 110.7829 -1.0759 36.2193 -1.1189
-0 33.0444 110.7811 -1.0747 36.2685 -1.1205
-0 32.9957 110.7792 -1.0734 36.3192 -1.1221
-0 32.9456 110.7772 -1.0721 36.3713 -1.1238
-0 32.8941 110.775 -1.0707 36.4249 -1.1254
-0 32.8413 110.7728 -1.0693 36.4799 -1.1272
-0 32.7872 110.7704 -1.0679 36.5364 -1.1289
-0 32.7327 110.7679 -1.0664 36.5934 -1.1307
-0 32.6787 110.7655 -1.065 36.6498 -1.1325
-0 32.6252 110.7631 -1.0636 36.7058 -1.1342
-0 32.5721 110.7607 -1.0622 36.7612 -1.136
-0 32.5196 110.7583 -1.0608 36.8161 -1.1377
-0 32.4676 110.756 -1.0595 36.8704 -1.1394
-0 32.416 110.7537 -1.0581 36.9243 -1.1411
-0 32.365 110.7514 -1.0568 36.9776 -1.1428
-0 32.3144 110.7491 -1.0555 37.0304 -1.1444
-0 32.2644 110.7468 -1.0541 37.0827 -1.1461
-0 32.2149 110.7446 -1.0528 37.1345 -1.1477
-0 32.1658 110.7424 -1.0515 37.1857 -1.1493
-0 32.1173 110.7402 -1.0503 37.2364 -1.1509
-0 32.0692 110.738 -1.049 37.2866 -1.1524
-0 32.0217 110.7359 -1.0478 37.3363 -1.154
-0 31.9746 110.7338 -1.0465 37.3855 -1.1555
-0 31.928 110.7317 -1.0453 37.4341 -1.1571
-0 31.882 110.7296 -1.0441 37.4823 -1.1586
-0 31.8364 110.7275 -1.0429 37.5299 -1.1601
-0 31.7914 110.7255 -1.0417 37.577 -1.1615
-0 31.7468 110.7235 -1.0405 37.6235 -1.163
-0 31.7027 110.7215 -1.0394 37.6696 -1.1644
-0 31.6592 110.7196 -1.0382 37.7151 -1.1659
-0 31.6161 110.7176 -1.0371 37.7601 -1.1673
-0 31.5735 110.7157 -1.036 37.8046 -1.1687
-0 31.5314 110.7138 -1.0349 37.8485 -1.17
-0 31.4899 110.7119 -1.0338 37.892 -1.1714
-0 31.4488 110.7101 -1.0327 37.9349 -1.1727
-0 31.4082 110.7083 -1.0316 37.9773 -1.1741
-0 31.3681 110.7065 -1.0306 38.0192 -1.1754
-0 31.3285 110.7047 -1.0295 38.0605 -1.1767
-0 31.2894 110.7029 -1.0285 38.1014 -1.1779
-0 31.2509 110.7012 -1.0275 38.1417 -1.1792
-0 31.2128 110.6995 -1.0265 38.1815 -1.1805
-0 31.1752 110.6978 -1.0255 38.2208 -1.1817
-0 31.1381 110.6961 -1.0245 38.2595 -1.1829
-0 31.1015 110.6944 -1.0236 38.2978 -1.1841
-0 31.0654 110.6928 -1.0226 38.3355 -1.1853
-0 31.0298 110.6912 -1.0217 38.3727 -1.1864
-0 30.9947 110.6896 -1.0208 38.4094 -1.1876
-0 30.9601 110.6881 -1.0199 38.4455 -1.1887
-0 30.926 110.6865 -1.019 38.4812 -1.1898
-0 30.8923 110.685 -1.0181 38.5163 -1.1909
-0 30.8592 110.6835 -1.0172 38.5509 -1.192
-0 30.8266 110.6821 -1.0163 38.585 -1.1931
-0 30.7945 110.6806 -1.0155 38.6185 -1.1941
-0 30.7629 110.6792 -1.0147 38.6516 -1.1952
-0 30.7318 110.6778 -1.0139 38.6841 -1.1962
-0 30.7011 110.6764 -1.013 38.7161 -1.1972
-0 30.671 110.6751 -1.0123 38.7476 -1.1982
-0 30.6414 110.6737 -1.0115 38.7785 -1.1991
-0 30.6123 110.6724 -1.0107 38.809 -1.2001
-0 30.5836 110.6711 -1.01 38.8389 -1.201
-0 30.5555 110.6699 -1.0092 38.8683 -1.202
-0 30.5279 110.6686 -1.0085 38.8971 -1.2029
-0 30.5007 110.6674 -1.0078 38.9255 -1.2037
-0 30.4741 110.6662 -1.0071 38.9533 -1.2046
-0 30.4479 110.665 -1.0064 38.9806 -1.2055
-0 30.4223 110.6639 -1.0057 39.0074 -1.2063
-0 30.3971 110.6627 -1.0051 39.0337 -1.2071
-0 30.3725 110.6616 -1.0044 39.0595 -1.2079
-0 30.3483 110.6605 -1.0038 39.0847 -1.2087
-0 30.3247 110.6595 -1.0032 39.1094 -1.2095
-0 30.3015 110.6584 -1.0025 39.1336 -1.2103
-0 30.2789 110.6574 -1.0019 39.1573 -1.211
-0 30.2567 110.6564 -1.0014 39.1804 -1.2117
-0 30.2351 110.6554 -1.0008 39.2031 -1.2124
-0 30.2139 110.6545 -1.0002 39.2252 -1.2131
-0 30.1932 110.6535 -0.9997 39.2468 -1.2138
-0 30.1731 110.6526 -0.9992 39.2678 -1.2145
-0 30.1534 110.6517 -0.9986 39.2884 -1.2151
-0 30.1342 110.6509 -0.9981 39.3084 -1.2157
-0 30.1156 110.65 -0.9977 39.3279 -1.2163
-0 30.0974 110.6492 -0.9972 39.3469 -1.2169
-0 30.0797 110.6484 -0.9967 39.3654 -1.2175
-0 30.0625 110.6476 -0.9963 39.3833 -1.2181
-0 30.0459 110.6469 -0.9958 39.4008 -1.2186
-0 30.0297 110.6462 -0.9954 39.4177 -1.2192
-0 30.014 110.6455 -0.995 39.4341 -1.2197
-0 29.9988 110.6448 -0.9946 39.4499 -1.2202
-0 29.9841 110.6441 -0.9942 39.4653 -1.2207
-0 29.9699 110.6435 -0.9938 39.4801 -1.2211
-0 29.9562 110.6429 -0.9935 39.4944 -1.2216
-0 29.943 110.6423 -0.9931 39.5082 -1.222
-0 29.9303 110.6417 -0.9928 39.5215 -1.2224
-0 29.9181 110.6411 -0.9925 39.5342 -1.2228
-0 29.9064 110.6406 -0.9922 39.5464 -1.2232
-0 29.8952 110.6401 -0.9919 39.5581 -1.2236
-0 29.8845 110.6396 -0.9916 39.5693 -1.2239
-0 29.8743 110.6392 -0.9913 39.58 -1.2242
-0 29.8646 110.6387 -0.9911 39.5901 -1.2246
-0 29.8554 110.6383 -0.9908 39.5998 -1.2249
-0 29.8467 110.6379 -0.9906 39.6089 -1.2251
-0 29.8385 110.6376 -0.9904 39.6175 -1.2254
-0 29.8307 110.6372 -0.9902 39.6255 -1.2257
-0 29.8235 110.6369 -0.99 39.6331 -1.2259
-0 29.8168 110.6366 -0.9898 39.6401 -1.2261
-0 29.8106 110.6363 -0.9896 39.6466 -1.2263
-0 29.8049 110.636 -0.9895 39.6526 -1.2265
-0 29.7996 110.6358 -0.9894 39.658 -1.2267
-0 29.7949 110.6356 -0.9892 39.663 -1.2268
-0 29.7907 110.6354 -0.9891 39.6674 -1.227
-0 29.7869 110.6352 -0.989 39.6713 -1.2271
-0 29.7837 110.6351 -0.9889 39.6747 -1.2272
-0 29.781 110.635 -0.9889 39.6776 -1.2273
-0 29.7787 110.6349 -0.9888 39.6799 -1.2274
-0 29.777 110.6348 -0.9888 39.6817 -1.2274
-0 29.7757 110.6347 -0.9887 39.683 -1.2275
-0 29.775 110.6347 -0.9887 39.6838 -1.2275
-0 29.7747 110.6347 -0.9887 39.6841 -1.2275
-0 29.775 110.6347 -0.9887 39.6838 -1.2275
-0 29.7757 110.6347 -0.9887 39.683 -1.2275
-0 29.777 110.6348 -0.9888 39.6817 -1.2274
-0 29.7787 110.6349 -0.9888 39.6799 -1.2274
-0 29.781 110.635 -0.9889 39.6776 -1.2273
-0 29.7837 110.6351 -0.9889 39.6747 -1.2272
-0 29.7869 110.6352 -0.989 39.6713 -1.2271
-0 29.7907 110.6354 -0.9891 39.6674 -1.227
-0 29.7949 110.6356 -0.9892 39.663 -1.2268
-0 29.7996 110.6358 -0.9894 39.658 -1.2267
-0 29.8049 110.636 -0.9895 39.6526 -1.2265
-0 29.8106 110.6363 -0.9896 39.6466 -1.2263
-0 29.8168 110.6366 -0.9898 39.6401 -1.2261
-0 29.8235 110.6369 -0.99 39.6331 -1.2259
-0 29.8307 110.6372 -0.9902 39.6255 -1.2257
-0 29.8385 110.6376 -0.9904 39.6175 -1.2254
-0 29.8467 110.6379 -0.9906 39.6089 -1.2251
-0 29.8554 110.6383 -0.9908 39.5998 -1.2249
-0 29.8646 110.6387 -0.9911 39.5901 -1.2246
-0 29.8743 110.6392 -0.9913 39.58 -1.2242
-0 29.8845 110.6396 -0.9916 39.5693 -1.2239
-0 29.8952 110.6401 -0.9919 39.5581 -1.2236
-0 29.9064 110.6406 -0.9922 39.5464 -1.2232
-0 29.9181 110.6411 -0.9925 39.5342 -1.2228
-0 29.9303 110.6417 -0.9928 39.5215 -1.2224
-0 29.943 110.6423 -0.9931 39.5082 -1.222
-0 29.9562 110.6429 -0.9935 39.4944 -1.2216
-0 29.9699 110.6435 -0.9938 39.4801 -1.2211
-0 29.9841 110.6441 -0.9942 39.4653 -1.2207
-0 29.9988 110.6448 -0.9946 39.4499 -1.2202
-0 30.014 110.6455 -0.995 39.4341 -1.2197
-0 30.0297 110.6462 -0.9954 39.4177 -1.2192
-0 30.0459 110.6469 -0.9958 39.4008 -1.2186
-0 30.0625 110.6476 -0.9963 39.3833 -1.2181
-0 30.0797 110.6484 -0.9967 39.3654 -1.2175
-0 30.0974 110.6492 -0.9972 39.3469 -1.2169
-0 30.1156 110.65 -0.9977 39.3279 -1.2163
-0 30.1342 110.6509 -0.9981 39.3084 -1.2157
-0 30.1534 110.6517 -0.9986 39.2884 -1.2151
-0 30.1731 110.6526 -0.9992 39.2678 -1.2145
-0 30.1932 110.6535 -0.9997 39.2468 -1.2138
-0 30.2139 110.6545 -1.0002 39.2252 -1.2131
-0 30.2351 110.6554 -1.0008 39.2031 -1.2124
-0 30.2567 110.6564 -1.0014 39.1804 -1.2117
-0 30.2789 110.6574 -1.0019 39.1573 -1.211
-0 30.3015 110.6584 -1.0025 39.1336 -1.2103
-0 30.3247 110.6595 -1.0032 39.1094 -1.2095
-0 30.3483 110.6605 -1.0038 39.0847 -1.2087
-0 30.3725 110.6616 -1.0044 39.0595 -1.2079
-0 30.3971 110.6627 -1.0051 39.0337 -1.2071
-0 30.4223 110.6639 -1.0057 39.0074 -1.2063
-0 30.4479 110.665 -1.0064 38.9806 -1.2055
-0 30.4741 110.6662 -1.0071 38.9533 -1.2046
-0 30.5007 110.6674 -1.0078 38.9255 -1.2037
-0 30.5279 110.6686 -1.0085 38.8971 -1.2029
-0 30.5555 110.6699 -1.0092 38.8683 -1.202
-0 30.5836 110.6711 -1.01 38.8389 -1.201
-0 30.6123 110.6724 -1.0107 38.809 -1.2001
-0 30.6414 110.6737 -1.0115 38.7785 -1.1991
-0 30.671 110.6751 -1.0123 38.7476 -1.1982
-0 30.7011 110.6764 -1.013 38.7161 -1.1972
-0 30.7318 110.6778 -1.0139 38.6841 -1.1962
-0 30.7629 110.6792 -1.0147 38.6516 -1.1952
-0 30.7945 110.6806 -1.0155 38.6185 -1.1941
-0 30.8266 110.6821 -1.0163 38.585 -1.1931
-0 30.8592 110.6835 -1.0172 38.5509 -1.192
-0 30.8923 110.685 -1.0181 38.5163 -1.1909
-0 30.926 110.6865 -1.019 38.4812 -1.1898
-0 30.9601 110.6881 -1.0199 38.4455 -1.1887
-0 30.9947 110.6896 -1.0208 38.4094 -1.1876
-0 31.0298 110.6912 -1.0217 38.3727 -1.1864
-0 31.0654 110.6928 -1.0226 38.3355 -1.1853
-0 31.1015 110.6944 -1.0236 38.2978 -1.1841
-0 31.1381 110.6961 -1.0245 38.2595 -1.1829
-0 31.1752 110.6978 -1.0255 38.2208 -1.1817
-0 31.2128 110.6995 -1.0265 38.1815 -1.1805
-0 31.2509 110.7012 -1.0275 38.1417 -1.1792
-0 31.2894 110.7029 -1.0285 38.1014 -1.1779
-0 31.3285 110.7047 -1.0295 38.0605 -1.1767
-0 31.3681 110.7065 -1.0306 38.0192 -1.1754
-0 31.4082 110.7083 -1.0316 37.9773 -1.1741
-0 31.4488 110.7101 -1.0327 37.9349 -1.1727
-0 31.4899 110.7119 -1.0338 37.892 -1.1714
-0 31.5314 110.7138 -1.0349 37.8485 -1.17
-0 31.5735 110.7157 -1.036 37.8046 -1.1687
-0 31.6161 110.7176 -1.0371 37.7601 -1.1673
-0 31.6592 110.7196 -1.0382 37.7151 -1.1659
-0 31.7027 110.7215 -1.0394 37.6696 -1.1644
-0 31.7468 110.7235 -1.0405 37.6235 -1.163
-0 31.7914 110.7255 -1.0417 37.577 -1.1615
-0 31.8364 110.7275 -1.0429 37.5299 -1.1601
-0 31.882 110.7296 -1.0441 37.4823 -1.1586
-0 31.928 110.7317 -1.0453 37.4341 -1.1571
-0 31.9746 110.7338 -1.0465 37.3855 -1.1555
-0 32.0217 110.7359 -1.0478 37.3363 -1.154
-0 32.0692 110.738 -1.049 37.2866 -1.1524
-0 32.1173 110.7402 -1.0503 37.2364 -1.1509
-0 32.1658 110.7424 -1.0515 37.1857 -1.1493
-0 32.2149 110.7446 -1.0528 37.1345 -1.1477
-0 32.2644 110.7468 -1.0541 37.0827 -1.1461
-0 32.3144 110.7491 -1.0555 37.0304 -1.1444
-0 32.365 110.7514 -1.0568 36.9776 -1.1428
-0 32.416 110.7537 -1.0581 36.9243 -1.1411
-0 32.4676 110.756 -1.0595 36.8704 -1.1394
-0 32.5196 110.7583 -1.0608 36.8161 -1.1377
-0 32.5721 110.7607 -1.0622 36.7612 -1.136
-0 32.6252 110.7631 -1.0636 36.7058 -1.1342
-0 32.6787 110.7655 -1.065 36.6498 -1.1325
-0 32.7327 110.7679 -1.0664 36.5934 -1.1307
-0 32.7872 110.7704 -1.0679 36.5364 -1.1289
-0 32.8413 110.7728 -1.0693 36.4799 -1.1272
-0 32.8941 110.775 -1.0707 36.4249 -1.1254
-0 32.9456 110.7772 -1.0721 36.3713 -1.1238
-0 32.9957 110.7792 -1.0734 36.3192 -1.1221
-0 33.0444 110.7811 -1.0747 36.2685 -1.1205
-0 33.0919 110.7829 -1.0759 36.2193 -1.1189
-0 33.1379 110.7846 -1.0772 36.1716 -1.1174
-0 33.1827 110.7862 -1.0784 36.1252 -1.1159
-0 33.226 110.7877 -1.0795 36.0804 -1.1145
-0 33.2681 110.7891 -1.0806 36.037 -1.1131
-0 33.3087 110.7904 -1.0817 35.995 -1.1118
-0 33.3481 110.7916 -1.0828 35.9545 -1.1105
-0 33.386 110.7927 -1.0838 35.9154 -1.1092
-0 33.4226 110.7938 -1.0848 35.8777 -1.108
-0 33.4578 110.7948 -1.0857 35.8415 -1.1068
-0 33.4917 110.7958 -1.0866 35.8067 -1.1057
-0 33.5242 110.7966 -1.0875 35.7734 -1.1046
-0 33.5553 110.7974 -1.0884 35.7414 -1.1036
-0 33.585 110.7982 -1.0892 35.7109 -1.1026
-0 33.6134 110.7989 -1.0899 35.6819 -1.1016
-0 33.6404 110.7995 -1.0907 35.6542 -1.1007
-0 33.666 110.8001 -1.0914 35.628 -1.0999
-0 33.6903 110.8006 -1.092 35.6032 -1.0991
-0 33.7132 110.8011 -1.0927 35.5799 -1.0983
-0 33.7347 110.8016 -1.0932 35.5579 -1.0976
-0 33.7548 110.802 -1.0938 35.5374 -1.0969
-0 33.7735 110.8024 -1.0943 35.5183 -1.0963
-0 33.7908 110.8027 -1.0948 35.5006 -1.0957
-0 33.8068 110.8031 -1.0952 35.4844 -1.0952
-0 33.8214 110.8033 -1.0956 35.4695 -1.0947
-0 33.8346 110.8036 -1.096 35.4561 -1.0942
-0 33.8464 110.8038 -1.0963 35.444 -1.0938
-0 33.8568 110.804 -1.0966 35.4334 -1.0935
-0 33.8658 110.8041 -1.0968 35.4243 -1.0932
-0 33.8734 110.8043 -1.097 35.4165 -1.0929
-0 33.8797 110.8044 -1.0972 35.4101 -1.0927
-0 33.8846 110.8045 -1.0973 35.4052 -1.0926
-0 33.888 110.8045 -1.0974 35.4016 -1.0924
-0 33.8901 110.8046 -1.0975 35.3995 -1.0924
-0 33.8908 110.8046 -1.0975 35.3988 -1.0923
-0 33.8901 110.8046 -1.0975 35.3995 -1.0924
-0 33.888 110.8045 -1.0974 35.4016 -1.0924
-0 33.8846 110.8045 -1.0973 35.4052 -1.0926
-0 33.8797 110.8044 -1.0972 35.4101 -1.0927
-0 33.8734 110.8043 -1.097 35.4165 -1.0929
-0 33.8658 110.8041 -1.0968 35.4243 -1.0932
-0 33.8568 110.804 -1.0966 35.4334 -1.0935
-0 33.8464 110.8038 -1.0963 35.444 -1.0938
-0 33.8346 110.8036 -1.096 35.4561 -1.0942
-0 33.8214 110.8033 -1.0956 35.4695 -1.0947
-0 33.8068 110.8031 -1.0952 35.4844 -1.0952
-0 33.7908 110.8027 -1.0948 35.5006 -1.0957
-0 33.7735 110.8024 -1.0943 35.5183 -1.0963
-0 33.7548 110.802 -1.0938 35.5374 -1.0969
-0 33.7347 110.8016 -1.0932 35.5579 -1.0976
-0 33.7132 110.8011 -1.0927 35.5799 -1.0983
-0 33.6903 110.8006 -1.092 35.6032 -1.0991
-0 33.666 110.8001 -1.0914 35.628 -1.0999
-0 33.6404 110.7995 -1.0907 35.6542 -1.1007
-0 33.6134 110.7989 -1.0899 35.6819 -1.1016
-0 33.585 110.7982 -1.0892 35.7109 -1.1026
-0 33.5553 110.7974 -1.0884 35.7414 -1.1036
-0 33.5242 110.7966 -1.0875 35.7734 -1.1046
-0 33.4917 110.7958 -1.0866 35.8067 -1.1057
-0 33.4578 110.7948 -1.0857 35.8415 -1.1068
-0 33.4226 110.7938 -1.0848 35.8777 -1.108
-0 33.386 110.7927 -1.0838 35.9154 -1.1092
-0 33.3481 110.7916 -1.0828 35.9545 -1.1105
-0 33.3087 110.7904 -1.0817 35.995 -1.1118
-0 33.2681 110.7891 -1.0806 36.037 -1.1131
-0 33.226 110.7877 -1.0795 36.0804 -1.1145
-0 33.1827 110.7862 -1.0784 36.1252 -1.1159
-0 33.1379 110.7846 -1.0772 36.1716 -1.1174
-0 33.0919 110.7829 -1.0759 36.2193 -1.1189
-0 33.0444 110.7811 -1.0747 36.2685 -1.1205
-0 32.9957 110.7792 -1.0734 36.3192 -1.1221
-0 32.9456 110.7772 -1.0721 36.3713 -1.1238
-0 32.8941 110.775 -1.0707 36.4249 -1.1254
-0 32.8413 110.7728 -1.0693 36.4799 -1.1272
-0 32.7872 110.7704 -1.0679 36.5364 -1.1289
-0.0001 32.7327 110.7679 -1.0667 36.5934 -1.1307
-0.0006 32.6787 110.7655 -1.0661 36.6498 -1.1322
-0.0013 32.6252 110.7631 -1.0661 36.7056 -1.1336
-0.0023 32.5722 110.7607 -1.0667 36.7609 -1.1348
-0.0036 32.5196 110.7583 -1.0678 36.8156 -1.1359
-0.0052 32.4676 110.7559 -1.0695 36.8698 -1.1368
-0.0071 32.4161 110.7536 -1.0717 36.9235 -1.1376
-0.0092 32.3651 110.7513 -1.0744 36.9766 -1.1382
-0.0116 32.3146 110.749 -1.0777 37.0291 -1.1387
-0.0143 32.2646 110.7467 -1.0815 37.0811 -1.139
-0.0172 32.215 110.7445 -1.0859 37.1325 -1.1392
-0.0204 32.166 110.7423 -1.0907 37.1834 -1.1392
-0.0239 32.1175 110.7401 -1.0961 37.2338 -1.139
-0.0276 32.0695 110.7379 -1.102 37.2836 -1.1387
-0.0316 32.022 110.7357 -1.1084 37.3328 -1.1383
-0.0359 31.975 110.7336 -1.1154 37.3815 -1.1377
-0.0404 31.9285 110.7314 -1.1228 37.4296 -1.137
-0.0451 31.8825 110.7293 -1.1307 37.4772 -1.1361
-0.0501 31.837 110.7273 -1.1391 37.5243 -1.1351
-0.0553 31.792 110.7252 -1.148 37.5708 -1.1339
-0.0608 31.7475 110.7232 -1.1573 37.6168 -1.1326
-0.0665 31.7035 110.7212 -1.1672 37.6622 -1.1312
-0.0725 31.66 110.7192 -1.1775 37.707 -1.1296
-0.0787 31.617 110.7172 -1.1883 37.7513 -1.1279
-0.0851 31.5745 110.7152 -1.1995 37.7951 -1.1261
-0.0917 31.5324 110.7133 -1.2112 37.8383 -1.1241
-0.0986 31.4909 110.7114 -1.2233 37.881 -1.1219
-0.1057 31.4499 110.7095 -1.2359 37.9232 -1.1197
-0.113 31.4094 110.7076 -1.249 37.9648 -1.1173
-0.1205 31.3694 110.7058 -1.2624 38.0058 -1.1147
-0.1282 31.3299 110.7039 -1.2763 38.0463 -1.1121
-0.1362 31.2909 110.7021 -1.2907 38.0863 -1.1093
-0.1444 31.2524 110.7004 -1.3054 38.1257 -1.1064
-0.1527 31.2144 110.6986 -1.3206 38.1646 -1.1033
-0.1613 31.1769 110.6969 -1.3361 38.2029 -1.1001
-0.1701 31.1399 110.6951 -1.3521 38.2407 -1.0968
-0.179 31.1034 110.6934 -1.3685 38.2779 -1.0934
-0.1882 31.0674 110.6918 -1.3853 38.3147 -1.0899
-0.1975 31.0319 110.6901 -1.4025 38.3508 -1.0862
-0.2071 30.9969 110.6885 -1.42 38.3864 -1.0824
-0.2168 30.9624 110.6869 -1.438 38.4215 -1.0784
-0.2267 30.9284 110.6853 -1.4563 38.4561 -1.0744
-0.2368 30.8949 110.6837 -1.475 38.4901 -1.0702
-0.2471 30.8619 110.6821 -1.4941 38.5235 -1.0659
-0.2576 30.8294 110.6806 -1.5135 38.5565 -1.0615
-0.2682 30.7974 110.6791 -1.5333 38.5889 -1.057
-0.279 30.7659 110.6776 -1.5534 38.6207 -1.0524
-0.29 30.7349 110.6762 -1.5739 38.652 -1.0476
-0.3011 30.7044 110.6747 -1.5948 38.6828 -1.0428
-0.3124 30.6744 110.6733 -1.616 38.713 -1.0378
-0.3239 30.6449 110.6719 -1.6375 38.7427 -1.0327
-0.3355 30.6159 110.6705 -1.6593 38.7719 -1.0275
-0.3473 30.5874 110.6692 -1.6815 38.8005 -1.0222
-0.3592 30.5594 110.6678 -1.704 38.8286 -1.0167
-0.3713 30.5319 110.6665 -1.7268 38.8561 -1.0112
-0.3835 30.5049 110.6652 -1.7499 38.8831 -1.0056
-0.3959 30.4784 110.6639 -1.7733 38.9096 -0.9998
-0.4084 30.4524 110.6627 -1.797 38.9356 -0.9939
-0.421 30.4269 110.6615 -1.821 38.961 -0.988
-0.4338 30.4019 110.6603 -1.8453 38.9858 -0.9819
-0.4467 30.3774 110.6591 -1.8699 39.0102 -0.9758
-0.4598 30.3534 110.6579 -1.8948 39.034 -0.9695
-0.473 30.3299 110.6568 -1.92 39.0573 -0.9631
-0.4863 30.3069 110.6557 -1.9454 39.08 -0.9566
-0.4997 30.2844 110.6546 -1.9711 39.1022 -0.9501
-0.5132 30.2624 110.6535 -1.997 39.1239 -0.9434
-0.5269 30.2408 110.6524 -2.0232 39.145 -0.9366
-0.5407 30.2198 110.6514 -2.0497 39.1656 -0.9298
-0.5546 30.1993 110.6504 -2.0764 39.1857 -0.9228
-0.5686 30.1793 110.6494 -2.1034 39.2052 -0.9158
-0.5827 30.1598 110.6484 -2.1305 39.2242 -0.9086
-0.5969 30.1408 110.6475 -2.158 39.2427 -0.9014
-0.6112 30.1223 110.6466 -2.1856 39.2607 -0.8941
-0.6257 30.1042 110.6457 -2.2135 39.2781 -0.8866
-0.6402 30.0867 110.6448 -2.2416 39.295 -0.8791
-0.6548 30.0697 110.6439 -2.2699 39.3113 -0.8715
-0.6695 30.0532 110.6431 -2.2984 39.3272 -0.8638
-0.6843 30.0372 110.6423 -2.3271 39.3425 -0.8561
-0.6991 30.0216 110.6415 -2.356 39.3572 -0.8482
-0.7141 30.0066 110.6407 -2.3852 39.3715 -0.8403
-0.7291 29.9921 110.64 -2.4145 39.3852 -0.8322
-0.7442 29.9781 110.6392 -2.444 39.3984 -0.8241
-0.7594 29.9645 110.6385 -2.4736 39.4111 -0.8159
-0.7747 29.9515 110.6378 -2.5035 39.4232 -0.8077
-0.79 29.939 110.6372 -2.5335 39.4348 -0.7993
-0.8054 29.927 110.6365 -2.5636 39.4459 -0.7909
-0.8209 29.9154 110.6359 -2.594 39.4564 -0.7824
-0.8364 29.9044 110.6353 -2.6245 39.4665 -0.7738
-0.852 29.8939 110.6348 -2.6551 39.476 -0.7651
-0.8676 29.8838 110.6342 -2.6859 39.4849 -0.7564
-0.8833 29.8743 110.6337 -2.7168 39.4934 -0.7476
-0.8991 29.8652 110.6332 -2.7479 39.5013 -0.7387
-0.9148 29.8567 110.6327 -2.7791 39.5087 -0.7297
-0.9307 29.8487 110.6322 -2.8104 39.5156 -0.7207
-0.9466 29.8411 110.6318 -2.8419 39.522 -0.7116
-0.9625 29.8341 110.6314 -2.8735 39.5278 -0.7025
-0.9784 29.8275 110.631 -2.9051 39.5331 -0.6932
-0.9944 29.8215 110.6306 -2.9369 39.5379 -0.6839
-1.0104 29.8159 110.6302 -2.9688 39.5422 -0.6745
-1.0265 29.8109 110.6299 -3.0008 39.5459 -0.6651
-1.0426 29.8063 110.6296 -3.0329 39.5491 -0.6556
-1.0587 29.8023 110.6293 -3.065 39.5518 -0.646
-1.0748 29.7987 110.629 -3.0973 39.554 -0.6364
-1.091 29.7957 110.6288 -3.1296 39.5557 -0.6267
-1.1071 29.7931 110.6286 -3.162 39.5568 -0.617
-1.1233 29.791 110.6284 -3.1945 39.5574 -0.6072
-1.1395 29.7895 110.6282 -3.227 39.5575 -0.5973
-1.1557 29.7884 110.6281 -3.2596 39.5571 -0.5874
-1.1719 29.7878 110.6279 -3.2922 39.5561 -0.5774
-1.1881 29.7878 110.6278 -3.3249 39.5547 -0.5674
-1.2043 29.7882 110.6277 -3.3576 39.5527 -0.5573
-1.2205 29.7891 110.6277 -3.3904 39.5502 -0.5471
-1.2367 29.7905 110.6276 -3.4232 39.5472 -0.5369
-1.2528 29.7925 110.6276 -3.4561 39.5436 -0.5267
-1.269 29.7949 110.6276 -3.4889 39.5396 -0.5164
-1.2852 29.7978 110.6276 -3.5218 39.535 -0.506
-1.3013 29.8012 110.6277 -3.5547 39.5299 -0.4956
-1.3174 29.8051 110.6278 -3.5876 39.5243 -0.4852
-1.3335 29.8095 110.6279 -3.6206 39.5182 -0.4747
-1.3496 29.8144 110.628 -3.6535 39.5116 -0.4641
-1.3657 29.8198 110.6281 -3.6864 39.5044 -0.4535
-1.3817 29.8257 110.6283 -3.7193 39.4967 -0.4429
-1.3977 29.8321 110.6285 -3.7522 39.4886 -0.4322
-1.4137 29.839 110.6287 -3.7851 39.4799 -0.4215
-1.4296 29.8464 110.6289 -3.8179 39.4707 -0.4107
-1.4455 29.8543 110.6291 -3.8507 39.4609 -0.3999
-1.4613 29.8627 110.6294 -3.8835 39.4507 -0.3891
-1.4771 29.8716 110.6297 -3.9163 39.4399 -0.3782
-1.4928 29.881 110.63 -3.949 39.4287 -0.3673
-1.5085 29.8909 110.6304 -3.9816 39.4169 -0.3563
-1.5242 29.9012 110.6307 -4.0142 39.4046 -0.3454
-1.5397 29.9121 110.6311 -4.0468 39.3918 -0.3343
-1.5553 29.9235 110.6315 -4.0793 39.3785 -0.3233
-1.5707 29.9354 110.632 -4.1117 39.3647 -0.3122
-1.5861 29.9477 110.6324 -4.144 39.3503 -0.3011
-1.6014 29.9606 110.6329 -4.1763 39.3355 -0.2899
-1.6167 29.974 110.6334 -4.2085 39.3201 -0.2787
-1.6319 29.9878 110.6339 -4.2406 39.3043 -0.2675
-1.647 30.0022 110.6345 -4.2726 39.2879 -0.2563
-1.662 30.017 110.635 -4.3045 39.271 -0.245
-1.677 30.0324 110.6356 -4.3363 39.2536 -0.2337
-1.6919 30.0482 110.6362 -4.368 39.2357 -0.2224
-1.7067 30.0646 110.6369 -4.3996 39.2173 -0.211
-1.7214 30.0814 110.6375 -4.4311 39.1983 -0.1997
-1.736 30.0988 110.6382 -4.4625 39.1789 -0.1883
-1.7505 30.1166 110.6389 -4.4937 39.159 -0.1769
-1.7649 30.1349 110.6396 -4.5248 39.1385 -0.1654
-1.7792 30.1538 110.6404 -4.5558 39.1176 -0.154
-1.7934 30.1731 110.6412 -4.5866 39.0961 -0.1425
-1.8075 30.1929 110.642 -4.6173 39.0741 -0.131
-1.8215 30.2132 110.6428 -4.6479 39.0517 -0.1195
-1.8354 30.2341 110.6436 -4.6782 39.0287 -0.108
-1.8492 30.2554 110.6445 -4.7085 39.0052 -0.0965
-1.8629 30.2772 110.6454 -4.7385 38.9812 -0.0849
-1.8764 30.2995 110.6463 -4.7684 38.9567 -0.0733
-1.8899 30.3223 110.6472 -4.7981 38.9317 -0.0618
-1.9032 30.3456 110.6482 -4.8277 38.9062 -0.0502
-1.9163 30.3694 110.6491 -4.857 38.8802 -0.0386
-1.9294 30.3937 110.6501 -4.8862 38.8537 -0.027
-1.9423 30.4185 110.6512 -4.9152 38.8267 -0.0154
-1.9551 30.4438 110.6522 -4.944 38.7991 -0.0038
-1.9678 30.4695 110.6533 -4.9725 38.7711 0.0078
-1.9803 30.4958 110.6544 -5.0009 38.7426 0.0195
-1.9926 30.5226 110.6555 -5.0291 38.7136 0.0311
-2.0049 30.5499 110.6566 -5.057 38.684 0.0427
-2.0169 30.5776 110.6578 -5.0847 38.654 0.0544
-2.0289 30.6059 110.659 -5.1122 38.6235 0.066
-2.0406 30.6347 110.6602 -5.1395 38.5925 0.0777
-2.0523 30.6639 110.6614 -5.1665 38.5609 0.0893
-2.0637 30.6937 110.6627 -5.1933 38.5289 0.1009
-2.075 30.7239 110.664 -5.2198 38.4964 0.1126
-2.0862 30.7547 110.6653 -5.2461 38.4633 0.1242
-2.0971 30.7859 110.6666 -5.2721 38.4298 0.1358
-2.1079 30.8177 110.6679 -5.2979 38.3958 0.1474
-2.1186 30.8499 110.6693 -5.3234 38.3612 0.1591
-2.129 30.8826 110.6707 -5.3486 38.3262 0.1707
-2.1393 30.9159 110.6721 -5.3736 38.2907 0.1823
-2.1494 30.9496 110.6736 -5.3983 38.2546 0.1938
-2.1593 30.9838 110.675 -5.4227 38.2181 0.2054
-2.169 31.0185 110.6765 -5.4468 38.1811 0.217
-2.1786 31.0537 110.678 -5.4706 38.1436 0.2285
-2.1879 31.0894 110.6796 -5.4941 38.1056 0.2401
-2.1971 31.1256 110.6811 -5.5173 38.0671 0.2516
-2.2061 31.1623 110.6827 -5.5402 38.0281 0.2631
-2.2148 31.1995 110.6843 -5.5628 37.9886 0.2746
-2.2234 31.2372 110.6859 -5.585 37.9486 0.2861
-2.2318 31.2754 110.6876 -5.607 37.9081 0.2975
-2.2399 31.3141 110.6893 -5.6286 37.8671 0.309
-2.2479 31.3533 110.691 -5.6499 37.8256 0.3204
-2.2556 31.3929 110.6927 -5.6708 37.7836 0.3318
-2.2632 31.4331 110.6944 -5.6914 37.7412 0.3432
-2.2705 31.4738 110.6962 -5.7116 37.6982 0.3545
-2.2775 31.5149 110.698 -5.7315 37.6548 0.3659
-2.2844 31.5566 110.6998 -5.7511 37.6108 0.3772
-2.2911 31.5987 110.7016 -5.7703 37.5664 0.3885
-2.2975 31.6414 110.7035 -5.7891 37.5214 0.3997
-2.3036 31.6845 110.7054 -5.8075 37.476 0.4109
-2.3096 31.7281 110.7073 -5.8256 37.4301 0.4221
-2.3153 31.7723 110.7092 -5.8432 37.3837 0.4333
-2.3208 31.8169 110.7112 -5.8605 37.3368 0.4445
-2.326 31.862 110.7132 -5.8774 37.2894 0.4556
-2.331 31.9076 110.7152 -5.8939 37.2415 0.4666
-2.3358 31.9538 110.7172 -5.91 37.1932 0.4777
-2.3403 32.0004 110.7192 -5.9257 37.1443 0.4887
-2.3445 32.0475 110.7213 -5.941 37.095 0.4996
-2.3485 32.0951 110.7234 -5.9559 37.0451 0.5106
-2.3522 32.1432 110.7255 -5.9703 36.9948 0.5215
-2.3557 32.1918 110.7277 -5.9844 36.944 0.5323
-2.3589 32.2408 110.7298 -5.998 36.8927 0.5432
-2.3618 32.2904 110.732 -6.0111 36.8409 0.5539
-2.3645 32.3405 110.7343 -6.0238 36.7886 0.5647
-2.3669 32.3911 110.7365 -6.0361 36.7359 0.5754
-2.3691 32.4421 110.7388 -6.048 36.6826 0.586
-2.3709 32.4937 110.741 -6.0593 36.6289 0.5966
-2.3725 32.5457 110.7434 -6.0702 36.5747 0.6072
-2.3738 32.5983 110.7457 -6.0807 36.5199 0.6177
-2.3748 32.6513 110.748 -6.0907 36.4648 0.6282
-2.3755 32.7049 110.7504 -6.1002 36.4091 0.6386
-2.376 32.7589 110.7528 -6.1092 36.3529 0.649
-2.3761 32.8134 110.7553 -6.1178 36.2963 0.6593
-2.3761 32.8675 110.7576 -6.126 36.2401 0.6695
-2.3761 32.9203 110.7599 -6.134 36.1854 0.6795
-2.3761 32.9718 110.762 -6.1418 36.1321 0.6892
-2.3761 33.0219 110.764 -6.1495 36.0803 0.6986
-2.3761 33.0706 110.7659 -6.1569 36.03 0.7079
-2.3761 33.1181 110.7677 -6.1642 35.9811 0.7168
-2.3761 33.1641 110.7693 -6.1713 35.9336 0.7256
-2.3761 33.2089 110.7709 -6.1781 35.8876 0.7341
-2.3761 33.2522 110.7724 -6.1848 35.843 0.7423
-2.3761 33.2943 110.7737 -6.1913 35.7998 0.7503
-2.3761 33.3349 110.775 -6.1976 35.7581 0.758
-2.3761 33.3743 110.7762 -6.2037 35.7178 0.7655
-2.3761 33.4122 110.7774 -6.2095 35.679 0.7728
-2.3761 33.4488 110.7784 -6.2152 35.6415 0.7798
-2.3761 33.484 110.7794 -6.2207 35.6055 0.7865
-2.3761 33.5179 110.7803 -6.226 35.571 0.793
-2.3761 33.5504 110.7812 -6.231 35.5378 0.7992
-2.3761 33.5815 110.782 -6.2359 35.5061 0.8052
-2.3761 33.6113 110.7827 -6.2405 35.4758 0.8109
-2.3761 33.6396 110.7834 -6.245 35.4469 0.8163
-2.3761 33.6666 110.784 -6.2492 35.4194 0.8215
-2.3761 33.6923 110.7846 -6.2532 35.3934 0.8264
-2.3761 33.7165 110.7851 -6.257 35.3687 0.8311
-2.3761 33.7394 110.7856 -6.2606 35.3455 0.8355
-2.3761 33.7609 110.7861 -6.264 35.3237 0.8396
-2.3761 33.781 110.7865 -6.2671 35.3033 0.8435
-2.3761 33.7997 110.7869 -6.2701 35.2843 0.8471
-2.3761 33.8171 110.7872 -6.2728 35.2667 0.8505
-2.3761 33.833 110.7875 -6.2753 35.2506 0.8535
-2.3761 33.8476 110.7878 -6.2776 35.2358 0.8563
-2.3761 33.8608 110.788 -6.2797 35.2225 0.8589
-2.3761 33.8726 110.7882 -6.2816 35.2105 0.8612
-2.3761 33.883 110.7884 -6.2832 35.2 0.8632
-2.3761 33.892 110.7886 -6.2846 35.1909 0.8649
-2.3761 33.8997 110.7887 -6.2858 35.1831 0.8664
-2.3761 33.9059 110.7888 -6.2868 35.1768 0.8676
-2.3761 33.9108 110.7889 -6.2876 35.1719 0.8686
-2.3761 33.9143 110.7889 -6.2881 35.1684 0.8692
-2.3761 33.9163 110.789 -6.2885 35.1663 0.8696
-2.3761 33.917 110.789 -6.2886 35.1656 0.8698
-2.3761 33.9163 110.789 -6.2885 35.1663 0.8696
-2.3761 33.9143 110.7889 -6.2881 35.1684 0.8692
-2.3761 33.9108 110.7889 -6.2876 35.1719 0.8686
-2.3761 33.9059 110.7888 -6.2868 35.1768 0.8676
-2.3761 33.8997 110.7887 -6.2858 35.1831 0.8664
-2.3761 33.892 110.7886 -6.2846 35.1909 0.8649
-2.3761 33.883 110.7884 -6.2832 35.2 0.8632
-2.3761 33.8726 110.7882 -6.2816 35.2105 0.8612
-2.3761 33.8608 110.788 -6.2797 35.2225 0.8589
-2.3761 33.8476 110.7878 -6.2776 35.2358 0.8563
-2.3761 33.833 110.7875 -6.2753 35.2506 0.8535
-2.3761 33.8171 110.7872 -6.2728 35.2667 0.8505
-2.3761 33.7997 110.7869 -6.2701 35.2843 0.8471
-2.3761 33.781 110.7865 -6.2671 35.3033 0.8435
-2.3761 33.7609 110.7861 -6.264 35.3237 0.8396
-2.3761 33.7394 110.7856 -6.2606 35.3455 0.8355
-2.3761 33.7165 110.7851 -6.257 35.3687 0.8311
-2.3761 33.6923 110.7846 -6.2532 35.3934 0.8264
-2.3761 33.6666 110.784 -6.2492 35.4194 0.8215
-2.3761 33.6396 110.7834 -6.245 35.4469 0.8163
-2.3761 33.6113 110.7827 -6.2405 35.4758 0.8109
-2.3761 33.5815 110.782 -6.2359 35.5061 0.8052
-2.3761 33.5504 110.7812 -6.231 35.5378 0.7992
-2.3761 33.5179 110.7803 -6.226 35.571 0.793
-2.3761 33.484 110.7794 -6.2207 35.6055 0.7865
-2.3761 33.4488 110.7784 -6.2152 35.6415 0.7798
-2.3761 33.4122 110.7774 -6.2095 35.679 0.7728
-2.3761 33.3743 110.7762 -6.2037 35.7178 0.7655
-2.3761 33.3349 110.775 -6.1976 35.7581 0.758
-2.3761 33.2943 110.7737 -6.1913 35.7998 0.7503
-2.3761 33.2522 110.7724 -6.1848 35.843 0.7423
-2.3761 33.2089 110.7709 -6.1781 35.8876 0.7341
-2.3761 33.1641 110.7693 -6.1713 35.9336 0.7256
-2.3761 33.1181 110.7677 -6.1642 35.9811 0.7168
-2.3761 33.0706 110.7659 -6.1569 36.03 0.7079
-2.3761 33.0219 110.764 -6.1495 36.0803 0.6986
-2.3761 32.9718 110.762 -6.1418 36.1321 0.6892
-2.3761 32.9203 110.7599 -6.134 36.1854 0.6795
-2.3761 32.8675 110.7576 -6.126 36.2401 0.6695
-2.3761 32.8134 110.7553 -6.1178 36.2963 0.6593
-2.3761 32.7589 110.7528 -6.1095 36.3529 0.6491
-2.3761 32.7049 110.7504 -6.1013 36.409 0.6389
-2.3761 32.6513 110.748 -6.0932 36.4646 0.6288
-2.3761 32.5983 110.7457 -6.0851 36.5197 0.6189
-2.3761 32.5458 110.7433 -6.0772 36.5743 0.609
-2.3761 32.4937 110.741 -6.0693 36.6283 0.5992
-2.3761 32.4422 110.7387 -6.0615 36.6818 0.5895
-2.3761 32.3912 110.7364 -6.0537 36.7348 0.5799
-2.3761 32.3406 110.7342 -6.0461 36.7873 0.5704
-2.3761 32.2906 110.732 -6.0385 36.8393 0.561
-2.3761 32.241 110.7297 -6.031 36.8908 0.5517
-2.3761 32.192 110.7276 -6.0236 36.9417 0.5425
-2.3761 32.1434 110.7254 -6.0162 36.9921 0.5333
-2.3761 32.0954 110.7233 -6.0089 37.0421 0.5243
-2.3761 32.0478 110.7211 -6.0017 37.0914 0.5153
-2.3761 32.0008 110.719 -5.9946 37.1403 0.5065
-2.3761 31.9542 110.717 -5.9875 37.1887 0.4977
-2.3761 31.9081 110.7149 -5.9805 37.2365 0.4891
-2.3761 31.8626 110.7129 -5.9736 37.2838 0.4805
-2.3761 31.8175 110.7109 -5.9668 37.3306 0.472
-2.3761 31.7729 110.7089 -5.96 37.3769 0.4637
-2.3761 31.7289 110.7069 -5.9534 37.4227 0.4554
-2.3761 31.6853 110.705 -5.9468 37.468 0.4472
-2.3761 31.6422 110.7031 -5.9402 37.5127 0.4391
-2.3761 31.5997 110.7012 -5.9338 37.5569 0.4311
-2.3761 31.5576 110.6993 -5.9274 37.6006 0.4232
-2.3761 31.516 110.6974 -5.9211 37.6438 0.4153
-2.3761 31.4749 110.6956 -5.9149 37.6865 0.4076
-2.3761 31.4343 110.6938 -5.9087 37.7286 0.4
-2.3761 31.3942 110.692 -5.9026 37.7703 0.3924
-2.3761 31.3547 110.6902 -5.8966 37.8114 0.385
-2.3761 31.3156 110.6885 -5.8907 37.852 0.3776
-2.3761 31.277 110.6868 -5.8849 37.8921 0.3704
-2.3761 31.2389 110.6851 -5.8791 37.9316 0.3632
-2.3761 31.2013 110.6834 -5.8734 37.9707 0.3561
-2.3761 31.1642 110.6817 -5.8678 38.0092 0.3492
-2.3761 31.1276 110.6801 -5.8622 38.0472 0.3423
-2.3761 31.0915 110.6785 -5.8568 38.0847 0.3355
-2.3761 31.0559 110.6769 -5.8514 38.1217 0.3288
-2.3761 31.0208 110.6753 -5.846 38.1582 0.3222
-2.3761 30.9862 110.6738 -5.8408 38.1941 0.3157
-2.3761 30.9521 110.6723 -5.8356 38.2295 0.3093
-2.3761 30.9185 110.6708 -5.8305 38.2644 0.303
-2.3761 30.8853 110.6693 -5.8255 38.2988 0.2967
-2.3761 30.8527 110.6679 -5.8206 38.3327 0.2906
-2.3761 30.8206 110.6664 -5.8157 38.3661 0.2846
-2.3761 30.789 110.665 -5.8109 38.3989 0.2786
-2.3761 30.7579 110.6636 -5.8062 38.4312 0.2728
-2.3761 30.7272 110.6623 -5.8015 38.463 0.267
-2.3761 30.6971 110.6609 -5.797 38.4943 0.2613
-2.3761 30.6675 110.6596 -5.7925 38.5251 0.2558
-2.3761 30.6383 110.6583 -5.7881 38.5554 0.2503
-2.3761 30.6097 110.657 -5.7837 38.5851 0.2449
-2.3761 30.5816 110.6558 -5.7795 38.6143 0.2396
-2.3761 30.5539 110.6545 -5.7753 38.643 0.2344
-2.3761 30.5268 110.6533 -5.7712 38.6712 0.2293
-2.3761 30.5002 110.6521 -5.7671 38.6989 0.2243
-2.3761 30.474 110.651 -5.7632 38.726 0.2194
-2.3761 30.4484 110.6498 -5.7593 38.7527 0.2146
-2.3761 30.4232 110.6487 -5.7555 38.7788 0.2098
-2.3761 30.3986 110.6476 -5.7517 38.8044 0.2052
-2.3761 30.3744 110.6465 -5.7481 38.8295 0.2007
-2.3761 30.3508 110.6455 -5.7445 38.854 0.1962
-2.3761 30.3276 110.6444 -5.741 38.8781 0.1918
-2.3761 30.305 110.6434 -5.7375 38.9016 0.1876
-2.3761 30.2828 110.6424 -5.7342 38.9246 0.1834
-2.3761 30.2611 110.6415 -5.7309 38.9471 0.1793
-2.3761 30.24 110.6405 -5.7277 38.9691 0.1754
-2.3761 30.2193 110.6396 -5.7246 38.9906 0.1715
-2.3761 30.1992 110.6387 -5.7215 39.0115 0.1677
-2.3761 30.1795 110.6378 -5.7185 39.032 0.164
-2.3761 30.1603 110.637 -5.7156 39.0519 0.1604
-2.3761 30.1416 110.6362 -5.7128 39.0713 0.1569
-2.3761 30.1235 110.6353 -5.71 39.0901 0.1535
-2.3761 30.1058 110.6346 -5.7074 39.1085 0.1501
-2.3761 30.0886 110.6338 -5.7048 39.1263 0.1469
-2.3761 30.0719 110.633 -5.7022 39.1437 0.1438
-2.3761 30.0557 110.6323 -5.6998 39.1605 0.1407
-2.3761 30.0401 110.6316 -5.6974 39.1768 0.1378
-2.3761 30.0249 110.6309 -5.6951 39.1926 0.1349
-2.3761 30.0102 110.6303 -5.6929 39.2078 0.1322
-2.3761 29.996 110.6297 -5.6907 39.2225 0.1295
-2.3761 29.9823 110.629 -5.6886 39.2368 0.1269
-2.3761 29.9691 110.6285 -5.6866 39.2505 0.1244
-2.3761 29.9564 110.6279 -5.6847 39.2637 0.122
-2.3761 29.9442 110.6273 -5.6829 39.2763 0.1197
-2.3761 29.9325 110.6268 -5.6811 39.2885 0.1175
-2.3761 29.9213 110.6263 -5.6794 39.3001 0.1154
-2.3761 29.9106 110.6259 -5.6778 39.3112 0.1134
-2.3761 29.9004 110.6254 -5.6762 39.3218 0.1115
-2.3761 29.8907 110.625 -5.6748 39.3319 0.1097
-2.3761 29.8815 110.6246 -5.6734 39.3415 0.1079
-2.3761 29.8727 110.6242 -5.672 39.3506 0.1063
-2.3761 29.8645 110.6238 -5.6708 39.3591 0.1048
-2.3761 29.8568 110.6235 -5.6696 39.3671 0.1033
-2.3761 29.8496 110.6231 -5.6685 39.3746 0.102
-2.3761 29.8429 110.6228 -5.6675 39.3816 0.1007
-2.3761 29.8366 110.6226 -5.6666 39.3881 0.0995
-2.3761 29.8309 110.6223 -5.6657 39.394 0.0984
-2.3761 29.8257 110.6221 -5.6649 39.3994 0.0975
-2.3761 29.821 110.6219 -5.6642 39.4043 0.0966
-2.3761 29.8167 110.6217 -5.6635 39.4087 0.0958
-2.3761 29.813 110.6215 -5.663 39.4126 0.0951
-2.3761 29.8097 110.6214 -5.6625 39.416 0.0945
-2.3761 29.807 110.6212 -5.6621 39.4188 0.0939
-2.3761 29.8048 110.6211 -5.6617 39.4212 0.0935
-2.3761 29.803 110.6211 -5.6615 39.423 0.0932
-2.3761 29.8018 110.621 -5.6613 39.4243 0.093
-2.3761 29.801 110.621 -5.6612 39.425 0.0928
-2.3761 29.8008 110.621 -5.6611 39.4253 0.0928
-2.3761 29.801 110.621 -5.6612 39.425 0.0928
-2.3761 29.8018 110.621 -5.6613 39.4243 0.093
-2.3761 29.803 110.6211 -5.6615 39.423 0.0932
-2.3761 29.8048 110.6211 -5.6617 39.4212 0.0935
-2.3761 29.807 110.6212 -5.6621 39.4188 0.0939
-2.3761 29.8097 110.6214 -5.6625 39.416 0.0945
-2.3761 29.813 110.6215 -5.663 39.4126 0.0951
-2.3761 29.8167 110.6217 -5.6635 39.4087 0.0958
-2.3761 29.821 110.6219 -5.6642 39.4043 0.0966
-2.3761 29.8257 110.6221 -5.6649 39.3994 0.0975
-2.3761 29.8309 110.6223 -5.6657 39.394 0.0984
-2.3761 29.8366 110.6226 -5.6666 39.3881 0.0995
-2.3761 29.8429 110.6228 -5.6675 39.3816 0.1007
-2.3761 29.8496 110.6231 -5.6685 39.3746 0.102
-2.3761 29.8568 110.6235 -5.6696 39.3671 0.1033
-2.3761 29.8645 110.6238 -5.6708 39.3591 0.1048
-2.3761 29.8727 110.6242 -5.672 39.3506 0.1063
-2.3761 29.8815 110.6246 -5.6734 39.3415 0.1079
-2.3761 29.8907 110.625 -5.6748 39.3319 0.1097
-2.3761 29.9004 110.6254 -5.6762 39.3218 0.1115
-2.3761 29.9106 110.6259 -5.6778 39.3112 0.1134
-2.3761 29.9213 110.6263 -5.6794 39.3001 0.1154
-2.3761 29.9325 110.6268 -5.6811 39.2885 0.1175
-2.3761 29.9442 110.6273 -5.6829 39.2763 0.1197
-2.3761 29.9564 110.6279 -5.6847 39.2637 0.122
-2.3761 29.9691 110.6285 -5.6866 39.2505 0.1244
-2.3761 29.9823 110.629 -5.6886 39.2368 0.1269
-2.3761 29.996 110.6297 -5.6907 39.2225 0.1295
-2.3761 30.0102 110.6303 -5.6929 39.2078 0.1322
-2.3761 30.0249 110.6309 -5.6951 39.1926 0.1349
-2.3761 30.0401 110.6316 -5.6974 39.1768 0.1378
-2.3761 30.0557 110.6323 -5.6998 39.1605 0.1407
-2.3761 30.0719 110.633 -5.7022 39.1437 0.1438
-2.3761 30.0886 110.6338 -5.7048 39.1263 0.1469
-2.3761 30.1058 110.6346 -5.7074 39.1085 0.1501
-2.3761 30.1235 110.6353 -5.71 39.0901 0.1535
-2.3761 30.1416 110.6362 -5.7128 39.0713 0.1569
-2.3761 30.1603 110.637 -5.7156 39.0519 0.1604
-2.3761 30.1795 110.6378 -5.7185 39.032 0.164
-2.3761 30.1992 110.6387 -5.7215 39.0115 0.1677
-2.3761 30.2193 110.6396 -5.7246 38.9906 0.1715
-2.3761 30.24 110.6405 -5.7277 38.9691 0.1754
-2.3761 30.2611 110.6415 -5.7309 38.9471 0.1793
-2.3761 30.2828 110.6424 -5.7342 38.9246 0.1834
-2.3761 30.305 110.6434 -5.7375 38.9016 0.1876
-2.3761 30.3276 110.6444 -5.741 38.8781 0.1918
-2.3761 30.3508 110.6455 -5.7445 38.854 0.1962
-2.3761 30.3744 110.6465 -5.7481 38.8295 0.2007
-2.3761 30.3986 110.6476 -5.7517 38.8044 0.2052
-2.3761 30.4232 110.6487 -5.7555 38.7788 0.2098
-2.3761 30.4484 110.6498 -5.7593 38.7527 0.2146
-2.3761 30.474 110.651 -5.7632 38.726 0.2194
-2.3761 30.5002 110.6521 -5.7671 38.6989 0.2243
-2.3761 30.5268 110.6533 -5.7712 38.6712 0.2293
-2.3761 30.5539 110.6545 -5.7753 38.643 0.2344
-2.3761 30.5816 110.6558 -5.7795 38.6143 0.2396
-2.3761 30.6097 110.657 -5.7837 38.5851 0.2449
-2.3761 30.6383 110.6583 -5.7881 38.5554 0.2503
-2.3761 30.6675 110.6596 -5.7925 38.5251 0.2558
-2.3761 30.6971 110.6609 -5.797 38.4943 0.2613
-2.3761 30.7272 110.6623 -5.8015 38.463 0.267
-2.3761 30.7579 110.6636 -5.8062 38.4312 0.2728
-2.3761 30.789 110.665 -5.8109 38.3989 0.2786
-2.3761 30.8206 110.6664 -5.8157 38.3661 0.2846
-2.3761 30.8527 110.6679 -5.8206 38.3327 0.2906
-2.3761 30.8853 110.6693 -5.8255 38.2988 0.2967
-2.3761 30.9185 110.6708 -5.8305 38.2644 0.303
-2.3761 30.9521 110.6723 -5.8356 38.2295 0.3093
-2.3761 30.9862 110.6738 -5.8408 38.1941 0.3157
-2.3761 31.0208 110.6753 -5.846 38.1582 0.3222
-2.3761 31.0559 110.6769 -5.8514 38.1217 0.3288
-2.3761 31.0915 110.6785 -5.8568 38.0847 0.3355
-2.3761 31.1276 110.6801 -5.8622 38.0472 0.3423
-2.3761 31.1642 110.6817 -5.8678 38.0092 0.3492
-2.3761 31.2013 110.6834 -5.8734 37.9707 0.3561
-2.3761 31.2389 110.6851 -5.8791 37.9316 0.3632
-2.3761 31.277 110.6868 -5.8849 37.8921 0.3704
-2.3761 31.3156 110.6885 -5.8907 37.852 0.3776
-2.3761 31.3547 110.6902 -5.8966 37.8114 0.385
-2.3761 31.3942 110.692 -5.9026 37.7703 0.3924
-2.3761 31.4343 110.6938 -5.9087 37.7286 0.4
-2.3761 31.4749 110.6956 -5.9149 37.6865 0.4076
-2.3761 31.516 110.6974 -5.9211 37.6438 0.4153
-2.3761 31.5576 110.6993 -5.9274 37.6006 0.4232
-2.3761 31.5997 110.7012 -5.9338 37.5569 0.4311
-2.3761 31.6422 110.7031 -5.9402 37.5127 0.4391
-2.3761 31.6853 110.705 -5.9468 37.468 0.4472
-2.3761 31.7289 110.7069 -5.9534 37.4227 0.4554
-2.3761 31.7729 110.7089 -5.96 37.3769 0.4637
-2.3761 31.8175 110.7109 -5.9668 37.3306 0.472
-2.3761 31.8626 110.7129 -5.9736 37.2838 0.4805
-2.3761 31.9081 110.7149 -5.9805 37.2365 0.4891
-2.3761 31.9542 110.717 -5.9875 37.1887 0.4977
-2.3761 32.0008 110.719 -5.9946 37.1403 0.5065
-2.3761 32.0478 110.7211 -6.0017 37.0914 0.5153
-2.3761 32.0954 110.7233 -6.0089 37.0421 0.5243
-2.3761 32.1434 110.7254 -6.0162 36.9921 0.5333
-2.3761 32.192 110.7276 -6.0236 36.9417 0.5425
-2.3761 32.241 110.7297 -6.031 36.8908 0.5517
-2.3761 32.2906 110.732 -6.0385 36.8393 0.561
-2.3761 32.3406 110.7342 -6.0461 36.7873 0.5704
-2.3761 32.3912 110.7364 -6.0537 36.7348 0.5799
-2.3761 32.4422 110.7387 -6.0615 36.6818 0.5895
-2.3761 32.4937 110.741 -6.0693 36.6283 0.5992
-2.3761 32.5458 110.7433 -6.0772 36.5743 0.609
-2.3761 32.5983 110.7457 -6.0851 36.5197 0.6189
-2.3761 32.6513 110.748 -6.0932 36.4646 0.6288
-2.3761 32.7049 110.7504 -6.1013 36.409 0.6389
-2.3761 32.7589 110.7528 -6.1095 36.3529 0.6491
-2.3761 32.8134 110.7553 -6.1178 36.2963 0.6593
-2.3761 32.8675 110.7576 -6.126 36.2401 0.6695
-2.3761 32.9203 110.7599 -6.134 36.1854 0.6795
-2.3761 32.9718 110.762 -6.1418 36.1321 0.6892
-2.3761 33.0219 110.764 -6.1495 36.0803 0.6986
-2.3761 33.0706 110.7659 -6.1569 36.03 0.7079
-2.3761 33.1181 110.7677 -6.1642 35.9811 0.7168
-2.3761 33.1641 110.7693 -6.1713 35.9336 0.7256
-2.3761 33.2089 110.7709 -6.1781 35.8876 0.7341
-2.3761 33.2522 110.7724 -6.1848 35.843 0.7423
-2.3761 33.2943 110.7737 -6.1913 35.7998 0.7503
-2.3761 33.3349 110.775 -6.1976 35.7581 0.758
-2.3761 33.3743 110.7762 -6.2037 35.7178 0.7655
-2.3761 33.4122 110.7774 -6.2095 35.679 0.7728
-2.3761 33.4488 110.7784 -6.2152 35.6415 0.7798
-2.3761 33.484 110.7794 -6.2207 35.6055 0.7865
-2.3761 33.5179 110.7803 -6.226 35.571 0.793
-2.3761 33.5504 110.7812 -6.231 35.5378 0.7992
-2.3761 33.5815 110.782 -6.2359 35.5061 0.8052
-2.3761 33.6113 110.7827 -6.2405 35.4758 0.8109
-2.3761 33.6396 110.7834 -6.245 35.4469 0.8163
-2.3761 33.6666 110.784 -6.2492 35.4194 0.8215
-2.3761 33.6923 110.7846 -6.2532 35.3934 0.8264
-2.3761 33.7165 110.7851 -6.257 35.3687 0.8311
-2.3761 33.7394 110.7856 -6.2606 35.3455 0.8355
-2.3761 33.7609 110.7861 -6.264 35.3237 0.8396
-2.3761 33.781 110.7865 -6.2671 35.3033 0.8435
-2.3761 33.7997 110.7869 -6.2701 35.2843 0.8471
-2.3761 33.8171 110.7872 -6.2728 35.2667 0.8505
-2.3761 33.833 110.7875 -6.2753 35.2506 0.8535
-2.3761 33.8476 110.7878 -6.2776 35.2358 0.8563
-2.3761 33.8608 110.788 -6.2797 35.2225 0.8589
-2.3761 33.8726 110.7882 -6.2816 35.2105 0.8612
-2.3761 33.883 110.7884 -6.2832 35.2 0.8632
-2.3761 33.892 110.7886 -6.2846 35.1909 0.8649
-2.3761 33.8997 110.7887 -6.2858 35.1831 0.8664
-2.3761 33.9059 110.7888 -6.2868 35.1768 0.8676
-2.3761 33.9108 110.7889 -6.2876 35.1719 0.8686
-2.3761 33.9143 110.7889 -6.2881 35.1684 0.8692
-2.3761 33.9163 110.789 -6.2885 35.1663 0.8696
-2.3761 33.917 110.789 -6.2886 35.1656 0.8698
-2.3761 33.9163 110.789 -6.2885 35.1663 0.8696
-2.3761 33.9143 110.7889 -6.2881 35.1684 0.8692
-2.3761 33.9108 110.7889 -6.2876 35.1719 0.8686
-2.3761 33.9059 110.7888 -6.2868 35.1768 0.8676
-2.3761 33.8997 110.7887 -6.2858 35.1831 0.8664
-2.3761 33.892 110.7886 -6.2846 35.1909 0.8649
-2.3761 33.883 110.7884 -6.2832 35.2 0.8632
-2.3761 33.8726 110.7882 -6.2816 35.2105 0.8612
-2.3761 33.8608 110.788 -6.2797 35.2225 0.8589
-2.3761 33.8476 110.7878 -6.2776 35.2358 0.8563
-2.3761 33.833 110.7875 -6.2753 35.2506 0.8535
-2.3761 33.8171 110.7872 -6.2728 35.2667 0.8505
-2.3761 33.7997 110.7869 -6.2701 35.2843 0.8471
-2.3761 33.781 110.7865 -6.2671 35.3033 0.8435
-2.3761 33.7609 110.7861 -6.264 35.3237 0.8396
-2.3761 33.7394 110.7856 -6.2606 35.3455 0.8355
-2.3761 33.7165 110.7851 -6.257 35.3687 0.8311
-2.3761 33.6923 110.7846 -6.2532 35.3934 0.8264
-2.3761 33.6666 110.784 -6.2492 35.4194 0.8215
-2.3761 33.6396 110.7834 -6.245 35.4469 0.8163
-2.3761 33.6113 110.7827 -6.2405 35.4758 0.8109
-2.3761 33.5815 110.782 -6.2359 35.5061 0.8052
-2.3761 33.5504 110.7812 -6.231 35.5378 0.7992
-2.3761 33.5179 110.7803 -6.226 35.571 0.793
-2.3761 33.484 110.7794 -6.2207 35.6055 0.7865
-2.3761 33.4488 110.7784 -6.2152 35.6415 0.7798
-2.3761 33.4122 110.7774 -6.2095 35.679 0.7728
-2.3761 33.3743 110.7762 -6.2037 35.7178 0.7655
-2.3761 33.3349 110.775 -6.1976 35.7581 0.758
-2.3761 33.2943 110.7737 -6.1913 35.7998 0.7503
-2.3761 33.2522 110.7724 -6.1848 35.843 0.7423
-2.3761 33.2089 110.7709 -6.1781 35.8876 0.7341
-2.3761 33.1641 110.7693 -6.1713 35.9336 0.7256
-2.3761 33.1181 110.7677 -6.1642 35.9811 0.7168
-2.3761 33.0706 110.7659 -6.1569 36.03 0.7079
-2.3761 33.0219 110.764 -6.1495 36.0803 0.6986
-2.3761 32.9718 110.762 -6.1418 36.1321 0.6892
-2.3761 32.9203 110.7599 -6.134 36.1854 0.6795
-2.3761 32.8675 110.7576 -6.126 36.2401 0.6695
-2.3761 32.8134 110.7553 -6.1178 36.2963 0.6593
-2.376 32.7589 110.7528 -6.1092 36.3529 0.649
-2.3755 32.7049 110.7504 -6.1002 36.4091 0.6386
-2.3748 32.6513 110.748 -6.0907 36.4648 0.6282
-2.3738 32.5983 110.7457 -6.0807 36.5199 0.6177
-2.3725 32.5457 110.7434 -6.0702 36.5747 0.6072
-2.3709 32.4937 110.741 -6.0593 36.6289 0.5966
-2.3691 32.4421 110.7388 -6.048 36.6826 0.586
-2.3669 32.3911 110.7365 -6.0361 36.7359 0.5754
-2.3645 32.3405 110.7343 -6.0238 36.7886 0.5647
-2.3618 32.2904 110.732 -6.0111 36.8409 0.5539
-2.3589 32.2408 110.7298 -5.998 36.8927 0.5432
-2.3557 32.1918 110.7277 -5.9844 36.944 0.5323
-2.3522 32.1432 110.7255 -5.9703 36.9948 0.5215
-2.3485 32.0951 110.7234 -5.9559 37.0451 0.5106
-2.3445 32.0475 110.7213 -5.941 37.095 0.4996
-2.3403 32.0004 110.7192 -5.9257 37.1443 0.4887
-2.3358 31.9538 110.7172 -5.91 37.1932 0.4777
-2.331 31.9076 110.7152 -5.8939 37.2415 0.4666
-2.326 31.862 110.7132 -5.8774 37.2894 0.4556
-2.3208 31.8169 110.7112 -5.8605 37.3368 0.4445
-2.3153 31.7723 110.7092 -5.8432 37.3837 0.4333
-2.3096 31.7281 110.7073 -5.8256 37.4301 0.4221
-2.3036 31.6845 110.7054 -5.8075 37.476 0.4109
-2.2975 31.6414 110.7035 -5.7891 37.5214 0.3997
-2.2911 31.5987 110.7016 -5.7703 37.5664 0.3885
-2.2844 31.5566 110.6998 -5.7511 37.6108 0.3772
-2.2775 31.5149 110.698 -5.7315 37.6548 0.3659
-2.2705 31.4738 110.6962 -5.7116 37.6982 0.3545
-2.2632 31.4331 110.6944 -5.6914 37.7412 0.3432
-2.2556 31.3929 110.6927 -5.6708 37.7836 0.3318
-2.2479 31.3533 110.691 -5.6499 37.8256 0.3204
-2.2399 31.3141 110.6893 -5.6286 37.8671 0.309
-2.2318 31.2754 110.6876 -5.607 37.9081 0.2975
-2.2234 31.2372 110.6859 -5.585 37.9486 0.2861
-2.2148 31.1995 110.6843 -5.5628 37.9886 0.2746
-2.2061 31.1623 110.6827 -5.5402 38.0281 0.2631
-2.1971 31.1256 110.6811 -5.5173 38.0671 0.2516
-2.1879 31.0894 110.6796 -5.4941 38.1056 0.2401
-2.1786 31.0537 110.678 -5.4706 38.1436 0.2285
-2.169 31.0185 110.6765 -5.4468 38.1811 0.217
-2.1593 30.9838 110.675 -5.4227 38.2181 0.2054
-2.1494 30.9496 110.6736 -5.3983 38.2546 0.1938
-2.1393 30.9159 110.6721 -5.3736 38.2907 0.1823
-2.129 30.8826 110.6707 -5.3486 38.3262 0.1707
-2.1186 30.8499 110.6693 -5.3234 38.3612 0.1591
-2.1079 30.8177 110.6679 -5.2979 38.3958 0.1474
-2.0971 30.7859 110.6666 -5.2721 38.4298 0.1358
-2.0862 30.7547 110.6653 -5.2461 38.4633 0.1242
-2.075 30.7239 110.664 -5.2198 38.4964 0.1126
-2.0637 30.6937 110.6627 -5.1933 38.5289 0.1009
-2.0523 30.6639 110.6614 -5.1665 38.5609 0.0893
-2.0406 30.6347 110.6602 -5.1395 38.5925 0.0777
-2.0289 30.6059 110.659 -5.1122 38.6235 0.066
-2.0169 30.5776 110.6578 -5.0847 38.654 0.0544
-2.0049 30.5499 110.6566 -5.057 38.684 0.0427
-1.9926 30.5226 110.6555 -5.0291 38.7136 0.0311
-1.9803 30.4958 110.6544 -5.0009 38.7426 0.0195
-1.9678 30.4695 110.6533 -4.9725 38.7711 0.0078
-1.9551 30.4438 110.6522 -4.944 38.7991 -0.0038
-1.9423 30.4185 110.6512 -4.9152 38.8267 -0.0154
-1.9294 30.3937 110.6501 -4.8862 38.8537 -0.027
-1.9163 30.3694 110.6491 -4.857 38.8802 -0.0386
-1.9032 30.3456 110.6482 -4.8277 38.9062 -0.0502
-1.8899 30.3223 110.6472 -4.7981 38.9317 -0.0618
-1.8764 30.2995 110.6463 -4.7684 38.9567 -0.0733
-1.8629 30.2772 110.6454 -4.7385 38.9812 -0.0849
-1.8492 30.2554 110.6445 -4.7085 39.0052 -0.0965
-1.8354 30.2341 110.6436 -4.6782 39.0287 -0.108
-1.8215 30.2132 110.6428 -4.6479 39.0517 -0.1195
-1.8075 30.1929 110.642 -4.6173 39.0741 -0.131
-1.7934 30.1731 110.6412 -4.5866 39.0961 -0.1425
-1.7792 30.1538 110.6404 -4.5558 39.1176 -0.154
-1.7649 30.1349 110.6396 -4.5248 39.1385 -0.1654
-1.7505 30.1166 110.6389 -4.4937 39.159 -0.1769
-1.736 30.0988 110.6382 -4.4625 39.1789 -0.1883
-1.7214 30.0814 110.6375 -4.4311 39.1983 -0.1997
-1.7067 30.0646 110.6369 -4.3996 39.2173 -0.211
-1.6919 30.0482 110.6362 -4.368 39.2357 -0.2224
-1.677 30.0324 110.6356 -4.3363 39.2536 -0.2337
-1.662 30.017 110.635 -4.3045 39.271 -0.245
-1.647 30.0022 110.6345 -4.2726 39.2879 -0.2563
-1.6319 29.9878 110.6339 -4.2406 39.3043 -0.2675
-1.6167 29.974 110.6334 -4.2085 39.3201 -0.2787
-1.6014 29.9606 110.6329 -4.1763 39.3355 -0.2899
-1.5861 29.9477 110.6324 -4.144 39.3503 -0.3011
-1.5707 29.9354 110.632 -4.1117 39.3647 -0.3122
-1.5553 29.9235 110.6315 -4.0793 39.3785 -0.3233
-1.5397 29.9121 110.6311 -4.0468 39.3918 -0.3343
-1.5242 29.9012 110.6307 -4.0142 39.4046 -0.3454
-1.5085 29.8909 110.6304 -3.9816 39.4169 -0.3563
-1.4928 29.881 110.63 -3.949 39.4287 -0.3673
-1.4771 29.8716 110.6297 -3.9163 39.4399 -0.3782
-1.4613 29.8627 110.6294 -3.8835 39.4507 -0.3891
-1.4455 29.8543 110.6291 -3.8507 39.4609 -0.3999
-1.4296 29.8464 110.6289 -3.8179 39.4707 -0.4107
-1.4137 29.839 110.6287 -3.7851 39.4799 -0.4215
-1.3977 29.8321 110.6285 -3.7522 39.4886 -0.4322
-1.3817 29.8257 110.6283 -3.7193 39.4967 -0.4429
-1.3657 29.8198 110.6281 -3.6864 39.5044 -0.4535
-1.3496 29.8144 110.628 -3.6535 39.5116 -0.4641
-1.3335 29.8095 110.6279 -3.6206 39.5182 -0.4747
-1.3174 29.8051 110.6278 -3.5876 39.5243 -0.4852
-1.3013 29.8012 110.6277 -3.5547 39.5299 -0.4956
-1.2852 29.7978 110.6276 -3.5218 39.535 -0.506
-1.269 29.7949 110.6276 -3.4889 39.5396 -0.5164
-1.2528 29.7925 110.6276 -3.4561 39.5436 -0.5267
-1.2367 29.7905 110.6276 -3.4232 39.5472 -0.5369
-1.2205 29.7891 110.6277 -3.3904 39.5502 -0.5471
-1.2043 29.7882 110.6277 -3.3576 39.5527 -0.5573
-1.1881 29.7878 110.6278 -3.3249 39.5547 -0.5674
-1.1719 29.7878 110.6279 -3.2922 39.5561 -0.5774
-1.1557 29.7884 110.6281 -3.2596 39.5571 -0.5874
-1.1395 29.7895 110.6282 -3.227 39.5575 -0.5973
-1.1233 29.791 110.6284 -3.1945 39.5574 -0.6072
-1.1071 29.7931 110.6286 -3.162 39.5568 -0.617
-1.091 29.7957 110.6288 -3.1296 39.5557 -0.6267
-1.0748 29.7987 110.629 -3.0973 39.554 -0.6364
-1.0587 29.8023 110.6293 -3.065 39.5518 -0.646
-1.0426 29.8063 110.6296 -3.0329 39.5491 -0.6556
-1.0265 29.8109 110.6299 -3.0008 39.5459 -0.6651
-1.0104 29.8159 110.6302 -2.9688 39.5422 -0.6745
-0.9944 29.8215 110.6306 -2.9369 39.5379 -0.6839
-0.9784 29.8275 110.631 -2.9051 39.5331 -0.6932
-0.9625 29.8341 110.6314 -2.8735 39.5278 -0.7025
-0.9466 29.8411 110.6318 -2.8419 39.522 -0.7116
-0.9307 29.8487 110.6322 -2.8104 39.5156 -0.7207
-0.9148 29.8567 110.6327 -2.7791 39.5087 -0.7297
-0.8991 29.8652 110.6332 -2.7479 39.5013 -0.7387
-0.8833 29.8743 110.6337 -2.7168 39.4934 -0.7476
-0.8676 29.8838 110.6342 -2.6859 39.4849 -0.7564
-0.852 29.8939 110.6348 -2.6551 39.476 -0.7651
-0.8364 29.9044 110.6353 -2.6245 39.4665 -0.7738
-0.8209 29.9154 110.6359 -2.594 39.4564 -0.7824
-0.8054 29.927 110.6365 -2.5636 39.4459 -0.7909
-0.79 29.939 110.6372 -2.5335 39.4348 -0.7993
-0.7747 29.9515 110.6378 -2.5035 39.4232 -0.8077
-0.7594 29.9645 110.6385 -2.4736 39.4111 -0.8159
-0.7442 29.9781 110.6392 -2.444 39.3984 -0.8241
-0.7291 29.9921 110.64 -2.4145 39.3852 -0.8322
-0.7141 30.0066 110.6407 -2.3852 39.3715 -0.8403
-0.6991 30.0216 110.6415 -2.356 39.3572 -0.8482
-0.6843 30.0372 110.6423 -2.3271 39.3425 -0.8561
-0.6695 30.0532 110.6431 -2.2984 39.3272 -0.8638
-0.6548 30.0697 110.6439 -2.2699 39.3113 -0.8715
-0.6402 30.0867 110.6448 -2.2416 39.295 -0.8791
-0.6257 30.1042 110.6457 -2.2135 39.2781 -0.8866
-0.6112 30.1223 110.6466 -2.1856 39.2607 -0.8941
-0.5969 30.1408 110.6475 -2.158 39.2427 -0.9014
-0.5827 30.1598 110.6484 -2.1305 39.2242 -0.9086
-0.5686 30.1793 110.6494 -2.1034 39.2052 -0.9158
-0.5546 30.1993 110.6504 -2.0764 39.1857 -0.9228
-0.5407 30.2198 110.6514 -2.0497 39.1656 -0.9298
-0.5269 30.2408 110.6524 -2.0232 39.145 -0.9366
-0.5132 30.2624 110.6535 -1.997 39.1239 -0.9434
-0.4997 30.2844 110.6546 -1.9711 39.1022 -0.9501
-0.4863 30.3069 110.6557 -1.9454 39.08 -0.9566
-0.473 30.3299 110.6568 -1.92 39.0573 -0.9631
-0.4598 30.3534 110.6579 -1.8948 39.034 -0.9695
-0.4467 30.3774 110.6591 -1.8699 39.0102 -0.9758
-0.4338 30.4019 110.6603 -1.8453 38.9858 -0.9819
-0.421 30.4269 110.6615 -1.821 38.961 -0.988
-0.4084 30.4524 110.6627 -1.797 38.9356 -0.9939
-0.3959 30.4784 110.6639 -1.7733 38.9096 -0.9998
-0.3835 30.5049 110.6652 -1.7499 38.8831 -1.0056
-0.3713 30.5319 110.6665 -1.7268 38.8561 -1.0112
-0.3592 30.5594 110.6678 -1.704 38.8286 -1.0167
-0.3473 30.5874 110.6692 -1.6815 38.8005 -1.0222
-0.3355 30.6159 110.6705 -1.6593 38.7719 -1.0275
-0.3239 30.6449 110.6719 -1.6375 38.7427 -1.0327
-0.3124 30.6744 110.6733 -1.616 38.713 -1.0378
-0.3011 30.7044 110.6747 -1.5948 38.6828 -1.0428
-0.29 30.7349 110.6762 -1.5739 38.652 -1.0476
-0.279 30.7659 110.6776 -1.5534 38.6207 -1.0524
-0.2682 30.7974 110.6791 -1.5333 38.5889 -1.057
-0.2576 30.8294 110.6806 -1.5135 38.5565 -1.0615
-0.2471 30.8619 110.6821 -1.4941 38.5235 -1.0659
-0.2368 30.8949 110.6837 -1.475 38.4901 -1.0702
-0.2267 30.9284 110.6853 -1.4563 38.4561 -1.0744
-0.2168 30.9624 110.6869 -1.438 38.4215 -1.0784
-0.2071 30.9969 110.6885 -1.42 38.3864 -1.0824
-0.1975 31.0319 110.6901 -1.4025 38.3508 -1.0862
-0.1882 31.0674 110.6918 -1.3853 38.3147 -1.0899
-0.179 31.1034 110.6934 -1.3685 38.2779 -1.0934
-0.1701 31.1399 110.6951 -1.3521 38.2407 -1.0968
-0.1613 31.1769 110.6969 -1.3361 38.2029 -1.1001
-0.1527 31.2144 110.6986 -1.3206 38.1646 -1.1033
-0.1444 31.2524 110.7004 -1.3054 38.1257 -1.1064
-0.1362 31.2909 110.7021 -1.2907 38.0863 -1.1093
-0.1282 31.3299 110.7039 -1.2763 38.0463 -1.1121
-0.1205 31.3694 110.7058 -1.2624 38.0058 -1.1147
-0.113 31.4094 110.7076 -1.249 37.9648 -1.1173
-0.1057 31.4499 110.7095 -1.2359 37.9232 -1.1197
-0.0986 31.4909 110.7114 -1.2233 37.881 -1.1219
-0.0917 31.5324 110.7133 -1.2112 37.8383 -1.1241
-0.0851 31.5745 110.7152 -1.1995 37.7951 -1.1261
-0.0787 31.617 110.7172 -1.1883 37.7513 -1.1279
-0.0725 31.66 110.7192 -1.1775 37.707 -1.1296
-0.0665 31.7035 110.7212 -1.1672 37.6622 -1.1312
-0.0608 31.7475 110.7232 -1.1573 37.6168 -1.1326
-0.0553 31.792 110.7252 -1.148 37.5708 -1.1339
-0.0501 31.837 110.7273 -1.1391 37.5243 -1.1351
-0.0451 31.8825 110.7293 -1.1307 37.4772 -1.1361
-0.0404 31.9285 110.7314 -1.1228 37.4296 -1.137
-0.0359 31.975 110.7336 -1.1154 37.3815 -1.1377
-0.0316 32.022 110.7357 -1.1084 37.3328 -1.1383
-0.0276 32.0695 110.7379 -1.102 37.2836 -1.1387
-0.0239 32.1175 110.7401 -1.0961 37.2338 -1.139
-0.0204 32.166 110.7423 -1.0907 37.1834 -1.1392
-0.0172 32.215 110.7445 -1.0859 37.1325 -1.1392
-0.0143 32.2646 110.7467 -1.0815 37.0811 -1.139
-0.0116 32.3146 110.749 -1.0777 37.0291 -1.1387
-0.0092 32.3651 110.7513 -1.0744 36.9766 -1.1382
-0.0071 32.4161 110.7536 -1.0717 36.9235 -1.1376
-0.0052 32.4676 110.7559 -1.0695 36.8698 -1.1368
-0.0036 32.5196 110.7583 -1.0678 36.8156 -1.1359
-0.0023 32.5722 110.7607 -1.0667 36.7609 -1.1348
-0.0013 32.6252 110.7631 -1.0661 36.7056 -1.1336
-0.0006 32.6787 110.7655 -1.0661 36.6498 -1.1322
-0.0001 32.7327 110.7679 -1.0667 36.5934 -1.1307
-0 32.7872 110.7704 -1.0679 36.5364 -1.1289
-0 32.8413 110.7728 -1.0693 36.4799 -1.1272
-0 32.8941 110.775 -1.0707 36.4249 -1.1254
-0 32.9456 110.7772 -1.0721 36.3713 -1.1238
-0 32.9957 110.7792 -1.0734 36.3192 -1.1221
-0 33.0444 110.7811 -1.0747 36.2685 -1.1205
-0 33.0919 110.7829 -1.0759 36.2193 -1.1189
-0 33.1379 110.7846 -1.0772 36.1716 -1.1174
-0 33.1827 110.7862 -1.0784 36.1252 -1.1159
-0 33.226 110.7877 -1.0795 36.0804 -1.1145
-0 33.2681 110.7891 -1.0806 36.037 -1.1131
-0 33.3087 110.7904 -1.0817 35.995 -1.1118
-0 33.3481 110.7916 -1.0828 35.9545 -1.1105
-0 33.386 110.7927 -1.0838 35.9154 -1.1092
-0 33.4226 110.7938 -1.0848 35.8777 -1.108
-0 33.4578 110.7948 -1.0857 35.8415 -1.1068
-0 33.4917 110.7958 -1.0866 35.8067 -1.1057
-0 33.5242 110.7966 -1.0875 35.7734 -1.1046
-0 33.5553 110.7974 -1.0884 35.7414 -1.1036
-0 33.585 110.7982 -1.0892 35.7109 -1.1026
-0 33.6134 110.7989 -1.0899 35.6819 -1.1016
-0 33.6404 110.7995 -1.0907 35.6542 -1.1007
-0 33.666 110.8001 -1.0914 35.628 -1.0999
-0 33.6903 110.8006 -1.092 35.6032 -1.0991
-0 33.7132 110.8011 -1.0927 35.5799 -1.0983
-0 33.7347 110.8016 -1.0932 35.5579 -1.0976
-0 33.7548 110.802 -1.0938 35.5374 -1.0969
-0 33.7735 110.8024 -1.0943 35.5183 -1.0963
-0 33.7908 110.8027 -1.0948 35.5006 -1.0957
-0 33.8068 110.8031 -1.0952 35.4844 -1.0952
-0 33.8214 110.8033 -1.0956 35.4695 -1.0947
-0 33.8346 110.8036 -1.096 35.4561 -1.0942
-0 33.8464 110.8038 -1.0963 35.444 -1.0938
-0 33.8568 110.804 -1.0966 35.4334 -1.0935
-0 33.8658 110.8041 -1.0968 35.4243 -1.0932
-0 33.8734 110.8043 -1.097 35.4165 -1.0929
-0 33.8797 110.8044 -1.0972 35.4101 -1.0927
-0 33.8846 110.8045 -1.0973 35.4052 -1.0926
-0 33.888 110.8045 -1.0974 35.4016 -1.0924
-0 33.8901 110.8046 -1.0975 35.3995 -1.0924
-0 33.8908 110.8046 -1.0975 35.3988 -1.0923
-0 33.8901 110.8046 -1.0975 35.3995 -1.0924
-0 33.888 110.8045 -1.0974 35.4016 -1.0924
-0 33.8846 110.8045 -1.0973 35.4052 -1.0926
-0 33.8797 110.8044 -1.0972 35.4101 -1.0927
-0 33.8734 110.8043 -1.097 35.4165 -1.0929
-0 33.8658 110.8041 -1.0968 35.4243 -1.0932
-0 33.8568 110.804 -1.0966 35.4334 -1.0935
-0 33.8464 110.8038 -1.0963 35.444 -1.0938
-0 33.8346 110.8036 -1.096 35.4561 -1.0942
-0 33.8214 110.8033 -1.0956 35.4695 -1.0947
-0 33.8068 110.8031 -1.0952 35.4844 -1.0952
-0 33.7908 110.8027 -1.0948 35.5006 -1.0957
-0 33.7735 110.8024 -1.0943 35.5183 -1.0963
-0 33.7548 110.802 -1.0938 35.5374 -1.0969
-0 33.7347 110.8016 -1.0932 35.5579 -1.0976
-0 33.7132 110.8011 -1.0927 35.5799 -1.0983
-0 33.6903 110.8006 -1.092 35.6032 -1.0991
-0 33.666 110.8001 -1.0914 35.628 -1.0999
-0 33.6404 110.7995 -1.0907 35.6542 -1.1007
-0 33.6134 110.7989 -1.0899 35.6819 -1.1016
-0 33.585 110.7982 -1.0892 35.7109 -1.1026
-0 33.5553 110.7974 -1.0884 35.7414 -1.1036
-0 33.5242 110.7966 -1.0875 35.7734 -1.1046
-0 33.4917 110.7958 -1.0866 35.8067 -1.1057
-0 33.4578 110.7948 -1.0857 35.8415 -1.1068
-0 33.4226 110.7938 -1.0848 35.8777 -1.108
-0 33.386 110.7927 -1.0838 35.9154 -1.1092
-0 33.3481 110.7916 -1.0828 35.9545 -1.1105
-0 33.3087 110.7904 -1.0817 35.995 -1.1118
-0 33.2681 110.7891 -1.0806 36.037 -1.1131
-0 33.226 110.7877 -1.0795 36.0804 -1.1145
-0 33.1827 110.7862 -1.0784 36.1252 -1.1159
-0 33.1379 110.7846 -1.0772 36.1716 -1.1174
-0 33.0919 110.7829 -1.0759 36.2193 -1.1189
-0 33.0444 110.7811 -1.0747 36.2685 -1.1205
-0 32.9957 110.7792 -1.0734 36.3192 -1.1221
-0 32.9456 110.7772 -1.0721 36.3713 -1.1238
-0 32.8941 110.775 -1.0707 36.4249 -1.1254
-0 32.8413 110.7728 -1.0693 36.4799 -1.1272
-0 32.7872 110.7704 -1.0679 36.5364 -1.1289
0 32.7326 110.7679 -1.0665 36.5935 -1.1307
0.0001 32.6781 110.7655 -1.0652 36.6504 -1.1323
0.0003 32.6239 110.763 -1.064 36.7071 -1.1337
0.0006 32.5698 110.7606 -1.0629 36.7635 -1.135
0.0009 32.516 110.7581 -1.0618 36.8198 -1.1362
0.0013 32.4624 110.7557 -1.0609 36.8757 -1.1372
0.0018 32.409 110.7533 -1.06 36.9315 -1.1381
0.0024 32.3558 110.7509 -1.0593 36.9871 -1.1389
0.003 32.3028 110.7485 -1.0586 37.0424 -1.1395
0.0037 32.2501 110.7462 -1.058 37.0975 -1.14
0.0044 32.1975 110.7438 -1.0575 37.1524 -1.1403
0.0053 32.1452 110.7414 -1.0571 37.207 -1.1405
0.0062 32.093 110.7391 -1.0568 37.2614 -1.1406
0.0072 32.0411 110.7367 -1.0566 37.3156 -1.1406
0.0082 31.9894 110.7344 -1.0564 37.3696 -1.1404
0.0093 31.9379 110.7321 -1.0564 37.4234 -1.1401
0.0105 31.8866 110.7297 -1.0564 37.4769 -1.1396
0.0118 31.8356 110.7274 -1.0565 37.5302 -1.139
0.0131 31.7847 110.7251 -1.0567 37.5833 -1.1383
0.0145 31.734 110.7229 -1.057 37.6361 -1.1375
0.016 31.6836 110.7206 -1.0574 37.6887 -1.1365
0.0175 31.6334 110.7183 -1.0579 37.7412 -1.1354
0.0191 31.5834 110.716 -1.0584 37.7933 -1.1341
0.0208 31.5335 110.7138 -1.059 37.8453 -1.1328
0.0225 31.484 110.7115 -1.0598 37.897 -1.1313
0.0243 31.4346 110.7093 -1.0606 37.9485 -1.1297
0.0262 31.3854 110.7071 -1.0615 37.9998 -1.1279
0.0282 31.3364 110.7049 -1.0624 38.0509 -1.126
0.0302 31.2877 110.7027 -1.0635 38.1017 -1.124
0.0322 31.2391 110.7005 -1.0646 38.1523 -1.1219
0.0344 31.1908 110.6983 -1.0658 38.2027 -1.1196
0.0366 31.1427 110.6961 -1.0671 38.2529 -1.1173
0.0388 31.0948 110.6939 -1.0685 38.3028 -1.1147
0.0412 31.0471 110.6918 -1.07 38.3526 -1.1121
0.0436 30.9996 110.6896 -1.0716 38.402 -1.1094
0.046 30.9523 110.6875 -1.0732 38.4513 -1.1065
0.0486 30.9053 110.6853 -1.0749 38.5004 -1.1035
0.0512 30.8584 110.6832 -1.0767 38.5492 -1.1003
0.0538 30.8118 110.6811 -1.0786 38.5978 -1.0971
0.0565 30.7654 110.679 -1.0805 38.6462 -1.0937
0.0593 30.7191 110.6769 -1.0826 38.6943 -1.0902
0.0622 30.6731 110.6748 -1.0847 38.7422 -1.0866
0.0651 30.6274 110.6727 -1.0869 38.7899 -1.0829
0.068 30.5818 110.6706 -1.0892 38.8374 -1.079
0.0711 30.5364 110.6686 -1.0915 38.8847 -1.075
0.0742 30.4912 110.6665 -1.094 38.9317 -1.0709
0.0773 30.4463 110.6645 -1.0965 38.9785 -1.0667
0.0805 30.4016 110.6625 -1.0991 39.0251 -1.0624
0.0838 30.357 110.6604 -1.1017 39.0715 -1.0579
0.0872 30.3127 110.6584 -1.1045 39.1176 -1.0534
0.0906 30.2686 110.6564 -1.1073 39.1635 -1.0487
0.094 30.2247 110.6544 -1.1102 39.2092 -1.0439
0.0975 30.181 110.6524 -1.1132 39.2547 -1.039
0.1011 30.1376 110.6504 -1.1162 39.2999 -1.0339
0.1047 30.0943 110.6485 -1.1194 39.3449 -1.0288
0.1084 30.0513 110.6465 -1.1226 39.3897 -1.0235
0.1122 30.0084 110.6446 -1.1259 39.4343 -1.0181
0.116 29.9658 110.6426 -1.1292 39.4787 -1.0126
0.1199 29.9234 110.6407 -1.1327 39.5228 -1.007
0.1238 29.8812 110.6388 -1.1362 39.5667 -1.0013
0.1278 29.8392 110.6369 -1.1398 39.6104 -0.9955
0.1318 29.7974 110.6349 -1.1434 39.6538 -0.9895
0.1359 29.7558 110.6331 -1.1472 39.697 -0.9835
0.1401 29.7145 110.6312 -1.151 39.7401 -0.9773
0.1443 29.6733 110.6293 -1.1548 39.7828 -0.971
0.1485 29.6324 110.6274 -1.1588 39.8254 -0.9646
0.1529 29.5917 110.6256 -1.1628 39.8677 -0.9581
0.1572 29.5512 110.6237 -1.1669 39.9099 -0.9515
0.1617 29.5109 110.6219 -1.1711 39.9518 -0.9448
0.1661 29.4708 110.62 -1.1753 39.9934 -0.938
0.1707 29.4309 110.6182 -1.1797 40.0349 -0.931
0.1753 29.3912 110.6164 -1.1841 40.0761 -0.924
0.1799 29.3518 110.6146 -1.1885 40.1171 -0.9168
0.1846 29.3125 110.6128 -1.193 40.1579 -0.9096
0.1894 29.2735 110.611 -1.1976 40.1984 -0.9022
0.1942 29.2347 110.6092 -1.2023 40.2388 -0.8947
0.1991 29.196 110.6075 -1.2071 40.2789 -0.8871
0.204 29.1576 110.6057 -1.2119 40.3187 -0.8795
0.2089 29.1194 110.604 -1.2168 40.3584 -0.8717
0.2139 29.0815 110.6022 -1.2217 40.3978 -0.8638
0.219 29.0437 110.6005 -1.2267 40.4371 -0.8558
0.2241 29.0061 110.5988 -1.2318 40.4761 -0.8477
0.2293 28.9688 110.5971 -1.237 40.5148 -0.8395
0.2345 28.9317 110.5954 -1.2422 40.5534 -0.8312
0.2398 28.8947 110.5937 -1.2475 40.5917 -0.8228
0.2451 28.858 110.592 -1.2529 40.6298 -0.8143
0.2505 28.8215 110.5903 -1.2583 40.6677 -0.8057
0.2559 28.7852 110.5886 -1.2638 40.7053 -0.7969
0.2614 28.7492 110.587 -1.2694 40.7428 -0.7881
0.2669 28.7133 110.5853 -1.275 40.78 -0.7792
0.2725 28.6776 110.5837 -1.2807 40.817 -0.7702
0.2781 28.6422 110.5821 -1.2864 40.8537 -0.7611
0.2838 28.6069 110.5804 -1.2923 40.8903 -0.7519
0.2895 28.5719 110.5788 -1.2982 40.9266 -0.7426
0.2952 28.5371 110.5772 -1.3041 40.9627 -0.7332
0.301 28.5025 110.5756 -1.3102 40.9985 -0.7237
0.3069 28.4681 110.5741 -1.3162 41.0342 -0.7141
0.3128 28.4339 110.5725 -1.3224 41.0696 -0.7044
0.3187 28.4 110.5709 -1.3286 41.1048 -0.6946
0.3247 28.3662 110.5694 -1.3349 41.1398 -0.6847
0.3308 28.3327 110.5678 -1.3412 41.1746 -0.6748
0.3369 28.2993 110.5663 -1.3476 41.2091 -0.6647
0.343 28.2662 110.5648 -1.3541 41.2434 -0.6545
0.3492 28.2333 110.5632 -1.3607 41.2775 -0.6443
0.3554 28.2006 110.5617 -1.3672 41.3114 -0.6339
0.3617 28.1681 110.5602 -1.3739 41.345 -0.6235
0.368 28.1358 110.5587 -1.3806 41.3785 -0.6129
0.3743 28.1037 110.5573 -1.3874 41.4117 -0.6023
0.3807 28.0719 110.5558 -1.3943 41.4446 -0.5916
0.3872 28.0402 110.5543 -1.4012 41.4774 -0.5808
0.3936 28.0088 110.5529 -1.4081 41.5099 -0.5699
0.4002 27.9776 110.5514 -1.4151 41.5422 -0.5589
0.4067 27.9466 110.55 -1.4222 41.5743 -0.5478
0.4133 27.9158 110.5486 -1.4294 41.6062 -0.5366
0.42 27.8852 110.5471 -1.4366 41.6378 -0.5254
0.4267 27.8548 110.5457 -1.4438 41.6693 -0.514
0.4334 27.8246 110.5443 -1.4512 41.7005 -0.5026
0.4402 27.7947 110.5429 -1.4586 41.7315 -0.4911
0.447 27.7649 110.5416 -1.466 41.7622 -0.4795
0.4539 27.7354 110.5402 -1.4735 41.7927 -0.4678
0.4608 27.7061 110.5388 -1.481 41.8231 -0.456
0.4677 27.6769 110.5375 -1.4887 41.8531 -0.4441
0.4747 27.648 110.5361 -1.4963 41.883 -0.4322
0.4817 27.6193 110.5348 -1.5041 41.9127 -0.4201
0.4888 27.5909 110.5335 -1.5118 41.9421 -0.408
0.4958 27.5626 110.5322 -1.5197 41.9713 -0.3958
0.503 27.5345 110.5309 -1.5276 42.0003 -0.3835
0.5101 27.5067 110.5296 -1.5355 42.029 -0.3712
0.5174 27.479 110.5283 -1.5436 42.0575 -0.3587
0.5246 27.4516 110.527 -1.5516 42.0859 -0.3462
0.5319 27.4244 110.5257 -1.5597 42.114 -0.3336
0.5392 27.3974 110.5245 -1.5679 42.1418 -0.3209
0.5466 27.3706 110.5232 -1.5761 42.1695 -0.3081
0.554 27.344 110.522 -1.5844 42.1969 -0.2952
0.5614 27.3177 110.5207 -1.5928 42.2241 -0.2823
0.5688 27.2915 110.5195 -1.6012 42.2511 -0.2693
0.5763 27.2655 110.5183 -1.6096 42.2778 -0.2562
0.5839 27.2398 110.5171 -1.6181 42.3044 -0.243
0.5914 27.2143 110.5159 -1.6266 42.3307 -0.2298
0.5991 27.189 110.5147 -1.6353 42.3568 -0.2164
0.6067 27.1639 110.5135 -1.6439 42.3827 -0.203
0.6144 27.139 110.5124 -1.6526 42.4083 -0.1896
0.6221 27.1143 110.5112 -1.6614 42.4337 -0.176
0.6298 27.0898 110.5101 -1.6702 42.4589 -0.1624
0.6376 27.0655 110.5089 -1.6791 42.4839 -0.1487
0.6454 27.0415 110.5078 -1.688 42.5087 -0.1349
0.6532 27.0177 110.5067 -1.6969 42.5332 -0.121
0.6611 26.994 110.5056 -1.7059 42.5575 -0.1071
0.669 26.9706 110.5045 -1.715 42.5816 -0.0931
0.6769 26.9474 110.5034 -1.7241 42.6055 -0.079
0.6849 26.9244 110.5023 -1.7333 42.6292 -0.0649
0.6929 26.9016 110.5012 -1.7425 42.6526 -0.0506
0.7009 26.879 110.5002 -1.7518 42.6758 -0.0363
0.709 26.8567 110.4991 -1.7611 42.6988 -0.022
0.7171 26.8345 110.4981 -1.7704 42.7216 -0.0075
0.7252 26.8126 110.497 -1.7798 42.7441 0.007
0.7334 26.7909 110.496 -1.7893 42.7665 0.0215
0.7415 26.7693 110.495 -1.7988 42.7886 0.0362
0.7497 26.748 110.494 -1.8083 42.8104 0.0509
0.758 26.7269 110.493 -1.8179 42.8321 0.0657
0.7663 26.706 110.492 -1.8276 42.8535 0.0805
0.7745 26.6854 110.491 -1.8373 42.8748 0.0954
0.7829 26.6649 110.49 -1.847 42.8958 0.1104
0.7912 26.6447 110.4891 -1.8568 42.9165 0.1255
0.7996 26.6246 110.4881 -1.8666 42.9371 0.1406
0.808 26.6048 110.4872 -1.8765 42.9574 0.1558
0.8164 26.5852 110.4862 -1.8864 42.9775 0.171
0.8249 26.5657 110.4853 -1.8964 42.9974 0.1863
0.8334 26.5465 110.4844 -1.9064 43.0171 0.2017
0.8419 26.5276 110.4835 -1.9164 43.0365 0.2172
0.8504 26.5088 110.4826 -1.9265 43.0558 0.2327
0.859 26.4902 110.4817 -1.9367 43.0748 0.2482
0.8676 26.4719 110.4808 -1.9469 43.0935 0.2639
0.8762 26.4537 110.48 -1.9571 43.1121 0.2796
0.8848 26.4358 110.4791 -1.9674 43.1305 0.2953
0.8935 26.4181 110.4782 -1.9777 43.1486 0.3111
0.9022 26.4005 110.4774 -1.988 43.1665 0.327
0.9109 26.3832 110.4766 -1.9984 43.1842 0.3429
0.9196 26.3662 110.4757 -2.0088 43.2016 0.3589
0.9284 26.3493 110.4749 -2.0193 43.2188 0.375
0.9372 26.3326 110.4741 -2.0298 43.2359 0.3911
0.946 26.3161 110.4733 -2.0404 43.2527 0.4073
0.9548 26.2999 110.4726 -2.051 43.2692 0.4235
0.9636 26.2839 110.4718 -2.0616 43.2856 0.4398
0.9725 26.268 110.471 -2.0723 43.3017 0.4561
0.9814 26.2524 110.4703 -2.083 43.3176 0.4725
0.9903 26.237 110.4695 -2.0938 43.3333 0.489
0.9992 26.2218 110.4688 -2.1046 43.3488 0.5055
1.0082 26.2068 110.468 -2.1154 43.364 0.5221
1.0172 26.1921 110.4673 -2.1263 43.3791 0.5387
1.0262 26.1775 110.4666 -2.1372 43.3939 0.5554
1.0352 26.1632 110.4659 -2.1482 43.4084 0.5721
1.0442 26.149 110.4652 -2.1592 43.4228 0.5889
1.0532 26.1351 110.4645 -2.1702 43.437 0.6058
1.0623 26.1214 110.4639 -2.1813 43.4509 0.6227
1.0714 26.1079 110.4632 -2.1924 43.4646 0.6396
1.0805 26.0946 110.4625 -2.2035 43.4781 0.6566
1.0896 26.0815 110.4619 -2.2147 43.4913 0.6737
1.0988 26.0686 110.4613 -2.2259 43.5044 0.6908
1.1079 26.056 110.4606 -2.2372 43.5172 0.7079
1.1171 26.0435 110.46 -2.2484 43.5298 0.7251
1.1263 26.0313 110.4594 -2.2598 43.5422 0.7424
1.1355 26.0192 110.4588 -2.2711 43.5543 0.7597
1.1448 26.0074 110.4582 -2.2825 43.5663 0.777
1.154 25.9958 110.4576 -2.2939 43.578 0.7944
1.1633 25.9844 110.4571 -2.3054 43.5895 0.8119
1.1725 25.9732 110.4565 -2.3169 43.6007 0.8294
1.1818 25.9623 110.456 -2.3284 43.6118 0.8469
1.1911 25.9515 110.4554 -2.3399 43.6226 0.8645
1.2004 25.9409 110.4549 -2.3515 43.6332 0.8821
1.2098 25.9306 110.4544 -2.3632 43.6436 0.8998
1.2191 25.9205 110.4538 -2.3748 43.6538 0.9175
1.2285 25.9105 110.4533 -2.3865 43.6638 0.9353
1.2379 25.9008 110.4528 -2.3982 43.6735 0.9531
1.2473 25.8913 110.4524 -2.41 43.683 0.971
1.2567 25.882 110.4519 -2.4217 43.6923 0.9889
1.2661 25.8729 110.4514 -2.4336 43.7014 1.0068
1.2755 25.8641 110.451 -2.4454 43.7102 1.0248
1.2849 25.8554 110.4505 -2.4573 43.7189 1.0428
1.2944 25.847 110.4501 -2.4692 43.7273 1.0609
1.3038 25.8387 110.4496 -2.4811 43.7355 1.079
1.3133 25.8307 110.4492 -2.4931 43.7434 1.0971
1.3228 25.8229 110.4488 -2.5051 43.7512 1.1153
1.3323 25.8153 110.4484 -2.5171 43.7587 1.1336
1.3418 25.8079 110.448 -2.5291 43.766 1.1518
1.3513 25.8007 110.4476 -2.5412 43.7731 1.1701
1.3608 25.7938 110.4473 -2.5533 43.78 1.1885
1.3704 25.787 110.4469 -2.5655 43.7866 1.2069
1.3799 25.7804 110.4465 -2.5776 43.793 1.2253
1.3895 25.7741 110.4462 -2.5898 43.7993 1.2438
1.399 25.768 110.4459 -2.602 43.8052 1.2623
1.4086 25.7621 110.4455 -2.6143 43.811 1.2808
1.4182 25.7563 110.4452 -2.6266 43.8166 1.2994
1.4278 25.7509 110.4449 -2.6389 43.8219 1.318
1.4374 25.7456 110.4446 -2.6512 43.827 1.3366
1.4469 25.7405 110.4443 -2.6635 43.8319 1.3553
1.4566 25.7356 110.4441 -2.6759 43.8366 1.374
1.4662 25.731 110.4438 -2.6883 43.841 1.3927
1.4758 25.7265 110.4435 -2.7007 43.8452 1.4115
1.4854 25.7223 110.4433 -2.7132 43.8492 1.4303
1.495 25.7183 110.443 -2.7257 43.853 1.4492
1.5047 25.7145 110.4428 -2.7382 43.8566 1.468
1.5143 25.7109 110.4426 -2.7507 43.86 1.4869
1.524 25.7075 110.4424 -2.7632 43.8631 1.5059
1.5336 25.7043 110.4422 -2.7758 43.866 1.5248
1.5433 25.7013 110.442 -2.7884 43.8687 1.5438
1.5529 25.6986 110.4418 -2.801 43.8712 1.5628
1.5626 25.696 110.4416 -2.8136 43.8734 1.5819
1.5723 25.6937 110.4414 -2.8263 43.8754 1.601
1.5819 25.6916 110.4413 -2.839 43.8773 1.6201
1.5916 25.6897 110.4411 -2.8517 43.8788 1.6392
1.6013 25.6879 110.441 -2.8644 43.8802 1.6584
1.6109 25.6865 110.4409 -2.8771 43.8814 1.6776
1.6206 25.6852 110.4408 -2.8899 43.8823 1.6968
1.6303 25.6841 110.4406 -2.9027 43.883 1.716
1.64 25.6832 110.4405 -2.9155 43.8835 1.7353
1.6497 25.6826 110.4405 -2.9283 43.8838 1.7546
1.6594 25.6821 110.4404 -2.9412 43.8838 1.7739
1.669 25.6819 110.4403 -2.954 43.8837 1.7933
1.6787 25.6819 110.4402 -2.9669 43.8833 1.8126
1.6884 25.6821 110.4402 -2.9798 43.8827 1.832
1.6981 25.6825 110.4401 -2.9927 43.8819 1.8514
1.7078 25.6831 110.4401 -3.0057 43.8808 1.8709
1.7175 25.6839 110.4401 -3.0186 43.8796 1.8903
1.7271 25.685 110.4401 -3.0316 43.8781 1.9098
1.7368 25.6862 110.4401 -3.0446 43.8764 1.9293
1.7465 25.6877 110.4401 -3.0576 43.8745 1.9488
1.7562 25.6893 110.4401 -3.0706 43.8723 1.9683
1.7659 25.6912 110.4401 -3.0837 43.87 1.9879
1.7755 25.6933 110.4401 -3.0967 43.8674 2.0075
1.7852 25.6956 110.4402 -3.1098 43.8646 2.0271
1.7949 25.6981 110.4402 -3.1229 43.8616 2.0467
1.8045 25.7008 110.4403 -3.136 43.8583 2.0663
1.8142 25.7038 110.4404 -3.1491 43.8549 2.086
1.8238 25.7069 110.4404 -3.1622 43.8512 2.1057
1.8335 25.7103 110.4405 -3.1754 43.8473 2.1253
1.8431 25.7138 110.4406 -3.1885 43.8432 2.145
1.8528 25.7176 110.4407 -3.2017 43.8389 2.1648
1.8624 25.7216 110.4408 -3.2149 43.8343 2.1845
1.872 25.7258 110.441 -3.2281 43.8296 2.2042
1.8817 25.7302 110.4411 -3.2413 43.8246 2.224
1.8913 25.7348 110.4413 -3.2546 43.8194 2.2438
1.9009 25.7396 110.4414 -3.2678 43.8139 2.2636
1.9105 25.7447 110.4416 -3.281 43.8083 2.2834
1.9201 25.7499 110.4418 -3.2943 43.8024 2.3032
1.9297 25.7554 110.4419 -3.3076 43.7964 2.323
1.9393 25.761 110.4421 -3.3209 43.79 2.3428
1.9489 25.7669 110.4423 -3.3342 43.7835 2.3627
1.9584 25.773 110.4425 -3.3475 43.7768 2.3825
1.968 25.7793 110.4428 -3.3608 43.7698 2.4024
1.9775 25.7858 110.443 -3.3741 43.7627 2.4223
1.9871 25.7925 110.4432 -3.3875 43.7553 2.4422
1.9966 25.7995 110.4435 -3.4008 43.7476 2.4621
2.0061 25.8066 110.4437 -3.4142 43.7398 2.482
2.0157 25.814 110.444 -3.4276 43.7318 2.5019
2.0252 25.8215 110.4443 -3.441 43.7235 2.5218
2.0347 25.8293 110.4446 -3.4543 43.715 2.5417
2.0441 25.8373 110.4449 -3.4677 43.7063 2.5617
2.0536 25.8455 110.4452 -3.4811 43.6974 2.5816
2.0631 25.8539 110.4455 -3.4946 43.6882 2.6016
2.0725 25.8625 110.4458 -3.508 43.6788 2.6215
2.082 25.8713 110.4462 -3.5214 43.6693 2.6415
2.0914 25.8804 110.4465 -3.5348 43.6595 2.6614
2.1008 25.8896 110.4469 -3.5483 43.6494 2.6814
2.1102 25.8991 110.4472 -3.5617 43.6392 2.7014
2.1196 25.9087 110.4476 -3.5752 43.6287 2.7213
2.129 25.9186 110.448 -3.5886 43.6181 2.7413
2.1383 25.9287 110.4484 -3.6021 43.6072 2.7613
2.1477 25.939 110.4488 -3.6156 43.5961 2.7813
2.157 25.9495 110.4492 -3.629 43.5847 2.8012
2.1663 25.9602 110.4496 -3.6425 43.5732 2.8212
2.1756 25.9712 110.45 -3.656 43.5614 2.8412
2.1849 25.9823 110.4505 -3.6695 43.5494 2.8612
2.1942 25.9937 110.4509 -3.683 43.5372 2.8812
2.2035 26.0052 110.4514 -3.6965 43.5248 2.9012
2.2127 26.017 110.4519 -3.71 43.5121 2.9211
2.2219 26.029 110.4523 -3.7235 43.4993 2.9411
2.2311 26.0412 110.4528 -3.737 43.4862 2.9611
2.2403 26.0536 110.4533 -3.7505 43.4729 2.9811
2.2495 26.0662 110.4538 -3.764 43.4594 3.001
2.2587 26.079 110.4543 -3.7775 43.4457 3.021
2.2678 26.0921 110.4549 -3.791 43.4317 3.0409
2.2769 26.1053 110.4554 -3.8045 43.4175 3.0609
2.286 26.1188 110.4559 -3.8181 43.4031 3.0809
2.2951 26.1325 110.4565 -3.8316 43.3885 3.1008
2.3042 26.1463 110.4571 -3.8451 43.3737 3.1207
2.3133 26.1604 110.4576 -3.8586 43.3587 3.1407
2.3223 26.1747 110.4582 -3.8721 43.3434 3.1606
2.3313 26.1892 110.4588 -3.8856 43.3279 3.1805
2.3403 26.204 110.4594 -3.8992 43.3122 3.2004
2.3493 26.2189 110.46 -3.9127 43.2963 3.2203
2.3582 26.234 110.4606 -3.9262 43.2802 3.2402
2.3672 26.2494 110.4613 -3.9397 43.2638 3.2601
2.3761 26.265 110.4619 -3.9532 43.2473 3.28
2.385 26.2807 110.4626 -3.9667 43.2305 3.2999
2.3938 26.2967 110.4632 -3.9802 43.2135 3.3197
2.4027 26.3129 110.4639 -3.9937 43.1962 3.3396
2.4115 26.3293 110.4646 -4.0072 43.1788 3.3594
2.4203 26.3459 110.4653 -4.0207 43.1611 3.3792
2.4291 26.3628 110.466 -4.0342 43.1433 3.399
2.4378 26.3798 110.4667 -4.0477 43.1252 3.4188
2.4466 26.397 110.4674 -4.0612 43.1069 3.4386
2.4553 26.4145 110.4681 -4.0747 43.0883 3.4584
2.464 26.4322 110.4688 -4.0882 43.0696 3.4782
2.4726 26.45 110.4696 -4.1016 43.0506 3.4979
2.4813 26.4681 110.4703 -4.1151 43.0314 3.5176
2.4899 26.4864 110.4711 -4.1286 43.012 3.5374
2.4985 26.5049 110.4719 -4.142 42.9924 3.5571
2.507 26.5237 110.4727 -4.1555 42.9726 3.5767
2.5156 26.5426 110.4735 -4.1689 42.9525 3.5964
2.5241 26.5617 110.4743 -4.1823 42.9322 3.6161
2.5326 26.5811 110.4751 -4.1958 42.9117 3.6357
2.541 26.6006 110.4759 -4.2092 42.891 3.6553
2.5494 26.6204 110.4767 -4.2226 42.8701 3.6749
2.5579 26.6404 110.4776 -4.236 42.849 3.6945
2.5662 26.6606 110.4784 -4.2494 42.8276 3.714
2.5746 26.681 110.4793 -4.2628 42.806 3.7336
2.5829 26.7016 110.4801 -4.2762 42.7842 3.7531
2.5912 26.7224 110.481 -4.2896 42.7622 3.7726
2.5995 26.7435 110.4819 -4.3029 42.74 3.7921
2.6077 26.7647 110.4828 -4.3163 42.7175 3.8115
2.6159 26.7862 110.4837 -4.3297 42.6949 3.8309
2.6241 26.8078 110.4846 -4.343 42.672 3.8504
2.6322 26.8297 110.4856 -4.3563 42.6489 3.8697
2.6404 26.8518 110.4865 -4.3696 42.6256 3.8891
2.6485 26.8741 110.4874 -4.3829 42.602 3.9084
2.6565 26.8966 110.4884 -4.3962 42.5783 3.9278
2.6645 26.9193 110.4894 -4.4095 42.5543 3.9471
2.6725 26.9423 110.4903 -4.4228 42.5301 3.9663
2.6805 26.9654 110.4913 -4.4361 42.5057 3.9856
2.6884 26.9887 110.4923 -4.4493 42.4811 4.0048
2.6964 27.0123 110.4933 -4.4625 42.4562 4.024
2.7042 27.0361 110.4943 -4.4758 42.4312 4.0431
2.7121 27.0601 110.4953 -4.489 42.4059 4.0623
2.7199 27.0842 110.4964 -4.5022 42.3804 4.0814
2.7276 27.1086 110.4974 -4.5154 42.3547 4.1004
2.7354 27.1333 110.4985 -4.5285 42.3288 4.1195
2.7431 27.1581 110.4995 -4.5417 42.3026 4.1385
2.7508 27.1831 110.5006 -4.5548 42.2763 4.1575
2.7584 27.2083 110.5017 -4.568 42.2497 4.1765
2.766 27.2338 110.5028 -4.5811 42.2229 4.1954
2.7736 27.2595 110.5039 -4.5942 42.1959 4.2143
2.7811 27.2853 110.505 -4.6073 42.1687 4.2332
2.7886 27.3114 110.5061 -4.6203 42.1412 4.252
2.7961 27.3377 110.5072 -4.6334 42.1136 4.2708
2.8035 27.3642 110.5084 -4.6464 42.0857 4.2896
2.8109 27.3909 110.5095 -4.6594 42.0576 4.3083
2.8183 27.4179 110.5107 -4.6724 42.0293 4.327
2.8256 27.445 110.5118 -4.6854 42.0007 4.3457
2.8329 27.4723 110.513 -4.6984 41.972 4.3643
2.8401 27.4999 110.5142 -4.7113 41.943 4.3829
2.8473 27.5277 110.5154 -4.7242 41.9139 4.4015
2.8545 27.5556 110.5166 -4.7372 41.8845 4.42
2.8616 27.5838 110.5178 -4.7501 41.8548 4.4385
2.8687 27.6122 110.519 -4.7629 41.825 4.457
2.8758 27.6408 110.5203 -4.7758 41.795 4.4754
2.8828 27.6696 110.5215 -4.7886 41.7647 4.4938
2.8897 27.6987 110.5228 -4.8014 41.7342 4.5121
2.8967 27.7279 110.524 -4.8142 41.7035 4.5304
2.9036 27.7574 110.5253 -4.827 41.6726 4.5487
2.9104 27.787 110.5266 -4.8398 41.6415 4.5669
2.9173 27.8169 110.5279 -4.8525 41.6101 4.5851
2.924 27.847 110.5292 -4.8652 41.5786 4.6033
2.9308 27.8773 110.5305 -4.8779 41.5468 4.6214
2.9375 27.9078 110.5318 -4.8906 41.5148 4.6394
2.9441 27.9385 110.5331 -4.9032 41.4826 4.6574
2.9507 27.9694 110.5345 -4.9159 41.4501 4.6754
2.9573 28.0005 110.5358 -4.9285 41.4175 4.6934
2.9638 28.0319 110.5372 -4.941 41.3846 4.7113
2.9703 28.0634 110.5386 -4.9536 41.3515 4.7291
2.9767 28.0952 110.5399 -4.9661 41.3182 4.7469
2.9831 28.1272 110.5413 -4.9786 41.2847 4.7647
2.9895 28.1593 110.5427 -4.9911 41.251 4.7824
2.9958 28.1917 110.5441 -5.0036 41.217 4.8001
3.0021 28.2243 110.5455 -5.016 41.1829 4.8177
3.0083 28.2571 110.547 -5.0285 41.1485 4.8353
3.0145 28.2902 110.5484 -5.0408 41.1139 4.8528
3.0206 28.3234 110.5499 -5.0532 41.0791 4.8703
3.0267 28.3568 110.5513 -5.0655 41.0441 4.8878
3.0327 28.3905 110.5528 -5.0779 41.0088 4.9052
3.0387 28.4244 110.5542 -5.0901 40.9734 4.9225
3.0447 28.4584 110.5557 -5.1024 40.9377 4.9398
3.0506 28.4927 110.5572 -5.1146 40.9018 4.957
3.0564 28.5272 110.5587 -5.1268 40.8657 4.9742
3.0622 28.5619 110.5602 -5.139 40.8293 4.9914
3.068 28.5968 110.5618 -5.1512 40.7928 5.0085
3.0737 28.632 110.5633 -5.1633 40.756 5.0255
3.0794 28.6673 110.5648 -5.1754 40.7191 5.0425
3.085 28.7028 110.5664 -5.1875 40.6819 5.0595
3.0905 28.7386 110.568 -5.1995 40.6445 5.0764
3.0961 28.7746 110.5695 -5.2115 40.6068 5.0932
3.1015 28.8107 110.5711 -5.2235 40.569 5.11
3.107 28.8471 110.5727 -5.2355 40.5309 5.1267
3.1123 28.8837 110.5743 -5.2474 40.4927 5.1434
3.1177 28.9205 110.5759 -5.2593 40.4542 5.16
3.1229 28.9576 110.5775 -5.2711 40.4155 5.1766
3.1281 28.9948 110.5792 -5.283 40.3766 5.1931
3.1333 29.0322 110.5808 -5.2948 40.3374 5.2095
3.1384 29.0699 110.5824 -5.3065 40.2981 5.2259
3.1435 29.1077 110.5841 -5.3183 40.2585 5.2423
3.1485 29.1458 110.5858 -5.33 40.2187 5.2586
3.1535 29.1841 110.5874 -5.3416 40.1787 5.2748
3.1584 29.2226 110.5891 -5.3533 40.1385 5.291
3.1633 29.2613 110.5908 -5.3649 40.0981 5.3071
3.1681 29.3002 110.5925 -5.3765 40.0574 5.3231
3.1728 29.3393 110.5943 -5.388 40.0166 5.3391
3.1775 29.3786 110.596 -5.3995 39.9755 5.3551
3.1822 29.4182 110.5977 -5.411 39.9342 5.3709
3.1868 29.4579 110.5995 -5.4224 39.8927 5.3867
3.1913 29.4979 110.6012 -5.4339 39.851 5.4025
3.1958 29.538 110.603 -5.4452 39.809 5.4182
3.2002 29.5784 110.6048 -5.4566 39.7669 5.4338
3.2046 29.619 110.6065 -5.4679 39.7245 5.4494
3.2089 29.6598 110.6083 -5.4791 39.6819 5.4649
3.2132 29.7008 110.6101 -5.4904 39.6391 5.4803
3.2174 29.742 110.612 -5.5016 39.5961 5.4957
3.2216 29.7835 110.6138 -5.5127 39.5528 5.511
3.2256 29.8251 110.6156 -5.5238 39.5094 5.5262
3.2297 29.867 110.6175 -5.5349 39.4657 5.5414
3.2337 29.909 110.6193 -5.546 39.4218 5.5565
3.2376 29.9513 110.6212 -5.557 39.3777 5.5715
3.2415 29.9938 110.623 -5.568 39.3334 5.5865
3.2453 30.0365 110.6249 -5.5789 39.2889 5.6014
3.249 30.0794 110.6268 -5.5898 39.2442 5.6163
3.2527 30.1225 110.6287 -5.6007 39.1992 5.631
3.2564 30.1658 110.6306 -5.6115 39.154 5.6458
3.2599 30.2093 110.6325 -5.6223 39.1086 5.6604
3.2634 30.2531 110.6345 -5.633 39.063 5.675
3.2669 30.297 110.6364 -5.6437 39.0172 5.6895
3.2703 30.3412 110.6384 -5.6544 38.9712 5.7039
3.2736 30.3856 110.6403 -5.665 38.9249 5.7182
3.2769 30.4302 110.6423 -5.6756 38.8785 5.7325
3.2801 30.475 110.6443 -5.6861 38.8318 5.7467
3.2833 30.52 110.6463 -5.6966 38.7849 5.7609
3.2864 30.5652 110.6483 -5.7071 38.7378 5.775
3.2894 30.6106 110.6503 -5.7175 38.6904 5.789
3.2924 30.6562 110.6523 -5.7279 38.6429 5.8029
3.2953 30.7021 110.6543 -5.7382 38.5951 5.8167
3.2981 30.7481 110.6563 -5.7485 38.5472 5.8305
3.3009 30.7944 110.6584 -5.7588 38.499 5.8442
3.3036 30.8409 110.6604 -5.769 38.4506 5.8578
3.3063 30.8876 110.6625 -5.7792 38.4019 5.8714
3.3089 30.9344 110.6646 -5.7893 38.3531 5.8849
3.3114 30.9816 110.6667 -5.7994 38.3041 5.8983
3.3139 31.0289 110.6688 -5.8094 38.2548 5.9116
3.3163 31.0764 110.6709 -5.8194 38.2053 5.9248
3.3186 31.1241 110.673 -5.8293 38.1556 5.938
3.3209 31.1721 110.6751 -5.8392 38.1057 5.9511
3.3231 31.2202 110.6772 -5.8491 38.0556 5.9641
3.3252 31.2686 110.6794 -5.8589 38.0053 5.977
3.3273 31.3172 110.6815 -5.8687 37.9547 5.9899
3.3293 31.3659 110.6837 -5.8784 37.9039 6.0026
3.3312 31.4149 110.6859 -5.888 37.853 6.0153
3.3331 31.4641 110.6881 -5.8977 37.8018 6.0279
3.3349 31.5136 110.6903 -5.9072 37.7503 6.0404
3.3367 31.5632 110.6925 -5.9168 37.6987 6.0529
3.3383 31.613 110.6947 -5.9263 37.6469 6.0653
3.3399 31.6631 110.6969 -5.9357 37.5948 6.0775
3.3415 31.7133 110.6991 -5.9451 37.5425 6.0897
3.3429 31.7638 110.7014 -5.9544 37.4901 6.1018
3.3443 31.8145 110.7036 -5.9637 37.4374 6.1139
3.3457 31.8654 110.7059 -5.973 37.3844 6.1258
3.3469 31.9164 110.7081 -5.9821 37.3313 6.1377
3.3481 31.9678 110.7104 -5.9913 37.278 6.1494
3.3492 32.0193 110.7127 -6.0004 37.2244 6.1611
3.3503 32.071 110.715 -6.0094 37.1706 6.1727
3.3513 32.1229 110.7173 -6.0184 37.1166 6.1842
3.3522 32.1751 110.7196 -6.0274 37.0624 6.1957
3.353 32.2274 110.722 -6.0363 37.008 6.207
3.3538 32.28 110.7243 -6.0451 36.9534 6.2183
3.3545 32.3328 110.7267 -6.0539 36.8985 6.2294
3.3551 32.3858 110.729 -6.0626 36.8435 6.2405
3.3556 32.439 110.7314 -6.0713 36.7882 6.2515
3.3561 32.4924 110.7338 -6.0799 36.7327 6.2624
3.3565 32.546 110.7362 -6.0885 36.677 6.2732
3.3569 32.5998 110.7386 -6.0971 36.6211 6.2839
3.3571 32.6538 110.741 -6.1055 36.5649 6.2945
3.3573 32.7081 110.7434 -6.114 36.5086 6.305
3.3574 32.7625 110.7458 -6.1223 36.452 6.3155
3.3575 32.8172 110.7482 -6.1306 36.3952 6.3258
3.3575 32.8713 110.7506 -6.1388 36.3391 6.336
3.3575 32.9241 110.7529 -6.1469 36.2844 6.3459
3.3575 32.9755 110.755 -6.1547 36.2311 6.3556
3.3575 33.0256 110.757 -6.1623 36.1793 6.3651
3.3575 33.0744 110.7589 -6.1698 36.129 6.3743
3.3575 33.1218 110.7606 -6.177 36.0801 6.3833
3.3575 33.1679 110.7623 -6.1841 36.0326 6.392
3.3575 33.2126 110.7639 -6.1909 35.9866 6.4005
3.3575 33.256 110.7653 -6.1976 35.942 6.4088
3.3575 33.298 110.7667 -6.2041 35.8989 6.4167
3.3575 33.3387 110.768 -6.2103 35.8571 6.4245
3.3575 33.378 110.7692 -6.2164 35.8169 6.432
3.3575 33.4159 110.7703 -6.2223 35.778 6.4392
3.3575 33.4525 110.7714 -6.228 35.7406 6.4462
3.3575 33.4877 110.7724 -6.2334 35.7046 6.4529
3.3575 33.5216 110.7733 -6.2387 35.67 6.4594
3.3575 33.5541 110.7742 -6.2437 35.6369 6.4656
3.3575 33.5852 110.775 -6.2486 35.6052 6.4716
3.3575 33.615 110.7757 -6.2532 35.5749 6.4773
3.3575 33.6433 110.7764 -6.2577 35.546 6.4827
3.3575 33.6703 110.777 -6.2619 35.5185 6.4879
3.3575 33.696 110.7776 -6.2659 35.4925 6.4928
3.3575 33.7202 110.7781 -6.2697 35.4678 6.4975
3.3575 33.7431 110.7786 -6.2733 35.4446 6.5019
3.3575 33.7646 110.779 -6.2766 35.4228 6.506
3.3575 33.7847 110.7795 -6.2798 35.4024 6.5099
3.3575 33.8034 110.7798 -6.2827 35.3834 6.5135
3.3575 33.8207 110.7802 -6.2854 35.3659 6.5169
3.3575 33.8367 110.7805 -6.288 35.3497 6.5199
3.3575 33.8513 110.7807 -6.2903 35.3349 6.5227
3.3575 33.8645 110.781 -6.2923 35.3216 6.5253
3.3575 33.8763 110.7812 -6.2942 35.3096 6.5276
3.3575 33.8867 110.7814 -6.2958 35.2991 6.5296
3.3575 33.8957 110.7815 -6.2972 35.29 6.5313
3.3575 33.9034 110.7817 -6.2985 35.2823 6.5328
3.3575 33.9096 110.7818 -6.2994 35.2759 6.534
3.3575 33.9145 110.7819 -6.3002 35.271 6.5349
3.3575 33.9179 110.7819 -6.3008 35.2675 6.5356
3.3575 33.92 110.7819 -6.3011 35.2654 6.536
3.3575 33.9207 110.782 -6.3012 35.2647 6.5362
3.3575 33.92 110.7819 -6.3011 35.2654 6.536
3.3575 33.9179 110.7819 -6.3008 35.2675 6.5356
3.3575 33.9145 110.7819 -6.3002 35.271 6.5349
3.3575 33.9096 110.7818 -6.2994 35.2759 6.534
3.3575 33.9034 110.7817 -6.2985 35.2823 6.5328
3.3575 33.8957 110.7815 -6.2972 35.29 6.5313
3.3575 33.8867 110.7814 -6.2958 35.2991 6.5296
3.3575 33.8763 110.7812 -6.2942 35.3096 6.5276
3.3575 33.8645 110.781 -6.2923 35.3216 6.5253
3.3575 33.8513 110.7807 -6.2903 35.3349 6.5227
3.3575 33.8367 110.7805 -6.288 35.3497 6.5199
3.3575 33.8207 110.7802 -6.2854 35.3659 6.5169
3.3575 33.8034 110.7798 -6.2827 35.3834 6.5135
3.3575 33.7847 110.7795 -6.2798 35.4024 6.5099
3.3575 33.7646 110.779 -6.2766 35.4228 6.506
3.3575 33.7431 110.7786 -6.2733 35.4446 6.5019
3.3575 33.7202 110.7781 -6.2697 35.4678 6.4975
3.3575 33.696 110.7776 -6.2659 35.4925 6.4928
3.3575 33.6703 110.777 -6.2619 35.5185 6.4879
3.3575 33.6433 110.7764 -6.2577 35.546 6.4827
3.3575 33.615 110.7757 -6.2532 35.5749 6.4773
3.3575 33.5852 110.775 -6.2486 35.6052 6.4716
3.3575 33.5541 110.7742 -6.2437 35.6369 6.4656
3.3575 33.5216 110.7733 -6.2387 35.67 6.4594
3.3575 33.4877 110.7724 -6.2334 35.7046 6.4529
3.3575 33.4525 110.7714 -6.228 35.7406 6.4462
3.3575 33.4159 110.7703 -6.2223 35.778 6.4392
3.3575 33.378 110.7692 -6.2164 35.8169 6.432
3.3575 33.3387 110.768 -6.2103 35.8571 6.4245
3.3575 33.298 110.7667 -6.2041 35.8989 6.4167
3.3575 33.256 110.7653 -6.1976 35.942 6.4088
3.3575 33.2126 110.7639 -6.1909 35.9866 6.4005
3.3575 33.1679 110.7623 -6.1841 36.0326 6.392
3.3575 33.1218 110.7606 -6.177 36.0801 6.3833
3.3575 33.0744 110.7589 -6.1698 36.129 6.3743
3.3575 33.0256 110.757 -6.1623 36.1793 6.3651
3.3575 32.9755 110.755 -6.1547 36.2311 6.3556
3.3575 32.9241 110.7529 -6.1469 36.2844 6.3459
3.3575 32.8713 110.7506 -6.1388 36.3391 6.336
3.3575 32.8172 110.7482 -6.1306 36.3952 6.3258
3.3575 32.7627 110.7458 -6.1224 36.4519 6.3156
3.3575 32.7087 110.7434 -6.1142 36.508 6.3054
3.3575 32.6551 110.741 -6.1061 36.5636 6.2953
3.3575 32.6021 110.7387 -6.0981 36.6186 6.2854
3.3575 32.5496 110.7363 -6.0901 36.6732 6.2755
3.3575 32.4975 110.734 -6.0823 36.7272 6.2657
3.3575 32.446 110.7317 -6.0745 36.7808 6.256
3.3575 32.395 110.7294 -6.0667 36.8338 6.2464
3.3575 32.3444 110.7272 -6.0591 36.8863 6.2369
3.3575 32.2944 110.7249 -6.0515 36.9382 6.2275
3.3575 32.2448 110.7227 -6.044 36.9897 6.2182
3.3575 32.1958 110.7205 -6.0366 37.0406 6.209
3.3575 32.1473 110.7184 -6.0293 37.0911 6.1999
3.3575 32.0992 110.7162 -6.022 37.141 6.1908
3.3575 32.0517 110.7141 -6.0148 37.1903 6.1819
3.3575 32.0046 110.712 -6.0077 37.2392 6.173
3.3575 31.958 110.7099 -6.0006 37.2876 6.1643
3.3575 31.912 110.7079 -5.9937 37.3354 6.1556
3.3575 31.8664 110.7059 -5.9868 37.3827 6.1471
3.3575 31.8214 110.7038 -5.9799 37.4295 6.1386
3.3575 31.7768 110.7019 -5.9732 37.4758 6.1302
3.3575 31.7327 110.6999 -5.9665 37.5216 6.1219
3.3575 31.6892 110.698 -5.9599 37.5668 6.1137
3.3575 31.6461 110.696 -5.9534 37.6115 6.1056
3.3575 31.6035 110.6941 -5.947 37.6558 6.0976
3.3575 31.5615 110.6923 -5.9406 37.6995 6.0897
3.3575 31.5199 110.6904 -5.9343 37.7426 6.0819
3.3575 31.4788 110.6886 -5.9281 37.7853 6.0742
3.3575 31.4382 110.6868 -5.922 37.8275 6.0665
3.3575 31.3981 110.685 -5.9159 37.8691 6.059
3.3575 31.3586 110.6832 -5.9099 37.9102 6.0516
3.3575 31.3195 110.6815 -5.904 37.9508 6.0442
3.3575 31.2809 110.6798 -5.8981 37.9909 6.037
3.3575 31.2428 110.6781 -5.8924 38.0304 6.0298
3.3575 31.2052 110.6764 -5.8867 38.0695 6.0227
3.3575 31.1681 110.6747 -5.8811 38.108 6.0158
3.3575 31.1315 110.6731 -5.8755 38.146 6.0089
3.3575 31.0954 110.6715 -5.8701 38.1835 6.0021
3.3575 31.0598 110.6699 -5.8647 38.2205 5.9954
3.3575 31.0247 110.6683 -5.8594 38.2569 5.9888
3.3575 30.9901 110.6668 -5.8541 38.2929 5.9823
3.3575 30.956 110.6653 -5.849 38.3283 5.9759
3.3575 30.9224 110.6638 -5.8439 38.3632 5.9696
3.3575 30.8893 110.6623 -5.8389 38.3976 5.9633
3.3575 30.8567 110.6608 -5.8339 38.4315 5.9572
3.3575 30.8246 110.6594 -5.8291 38.4648 5.9512
3.3575 30.7929 110.658 -5.8243 38.4977 5.9452
3.3575 30.7618 110.6566 -5.8196 38.53 5.9394
3.3575 30.7312 110.6552 -5.815 38.5618 5.9336
3.3575 30.7011 110.6539 -5.8104 38.5931 5.928
3.3575 30.6714 110.6526 -5.8059 38.6238 5.9224
3.3575 30.6423 110.6513 -5.8015 38.6541 5.9169
3.3575 30.6137 110.65 -5.7972 38.6838 5.9115
3.3575 30.5856 110.6488 -5.7929 38.7131 5.9062
3.3575 30.5579 110.6475 -5.7887 38.7418 5.901
3.3575 30.5308 110.6463 -5.7846 38.7699 5.8959
3.3575 30.5041 110.6451 -5.7806 38.7976 5.8909
3.3575 30.478 110.644 -5.7766 38.8248 5.886
3.3575 30.4524 110.6428 -5.7728 38.8514 5.8812
3.3575 30.4272 110.6417 -5.7689 38.8775 5.8765
3.3575 30.4026 110.6406 -5.7652 38.9031 5.8718
3.3575 30.3784 110.6395 -5.7616 38.9282 5.8673
3.3575 30.3548 110.6385 -5.758 38.9527 5.8628
3.3575 30.3316 110.6374 -5.7545 38.9768 5.8585
3.3575 30.309 110.6364 -5.7511 39.0003 5.8542
3.3575 30.2868 110.6354 -5.7477 39.0233 5.8501
3.3575 30.2651 110.6345 -5.7444 39.0458 5.846
3.3575 30.244 110.6335 -5.7412 39.0678 5.842
3.3575 30.2233 110.6326 -5.7381 39.0893 5.8381
3.3575 30.2032 110.6317 -5.735 39.1102 5.8343
3.3575 30.1835 110.6308 -5.7321 39.1306 5.8306
3.3575 30.1643 110.63 -5.7292 39.1505 5.827
3.3575 30.1456 110.6291 -5.7263 39.1699 5.8235
3.3575 30.1275 110.6283 -5.7236 39.1888 5.8201
3.3575 30.1098 110.6275 -5.7209 39.2072 5.8168
3.3575 30.0926 110.6268 -5.7183 39.225 5.8136
3.3575 30.0759 110.626 -5.7158 39.2423 5.8104
3.3575 30.0598 110.6253 -5.7133 39.2591 5.8074
3.3575 30.0441 110.6246 -5.711 39.2754 5.8044
3.3575 30.0289 110.6239 -5.7087 39.2912 5.8016
3.3575 30.0142 110.6233 -5.7064 39.3065 5.7988
3.3575 30 110.6226 -5.7043 39.3212 5.7961
3.3575 29.9863 110.622 -5.7022 39.3354 5.7936
3.3575 29.9731 110.6214 -5.7002 39.3491 5.7911
3.3575 29.9604 110.6209 -5.6983 39.3623 5.7887
3.3575 29.9482 110.6203 -5.6965 39.375 5.7864
3.3575 29.9365 110.6198 -5.6947 39.3871 5.7842
3.3575 29.9253 110.6193 -5.693 39.3988 5.7821
3.3575 29.9146 110.6188 -5.6914 39.4099 5.7801
3.3575 29.9044 110.6184 -5.6898 39.4205 5.7782
3.3575 29.8947 110.618 -5.6884 39.4306 5.7763
3.3575 29.8855 110.6175 -5.687 39.4401 5.7746
3.3575 29.8768 110.6172 -5.6856 39.4492 5.773
3.3575 29.8686 110.6168 -5.6844 39.4577 5.7714
3.3575 29.8608 110.6164 -5.6832 39.4657 5.77
3.3575 29.8536 110.6161 -5.6821 39.4732 5.7686
3.3575 29.8469 110.6158 -5.6811 39.4802 5.7674
3.3575 29.8407 110.6155 -5.6802 39.4867 5.7662
3.3575 29.8349 110.6153 -5.6793 39.4926 5.7651
3.3575 29.8297 110.6151 -5.6785 39.4981 5.7641
3.3575 29.825 110.6148 -5.6778 39.503 5.7632
3.3575 29.8208 110.6147 -5.6772 39.5074 5.7624
3.3575 29.817 110.6145 -5.6766 39.5113 5.7617
3.3575 29.8138 110.6143 -5.6761 39.5146 5.7611
3.3575 29.811 110.6142 -5.6757 39.5175 5.7606
3.3575 29.8088 110.6141 -5.6754 39.5198 5.7602
3.3575 29.8071 110.614 -5.6751 39.5216 5.7599
3.3575 29.8058 110.614 -5.6749 39.5229 5.7596
3.3575 29.8051 110.614 -5.6748 39.5237 5.7595
3.3575 29.8048 110.6139 -5.6748 39.5239 5.7594
3.3575 29.8051 110.614 -5.6748 39.5237 5.7595
3.3575 29.8058 110.614 -5.6749 39.5229 5.7596
3.3575 29.8071 110.614 -5.6751 39.5216 5.7599
3.3575 29.8088 110.6141 -5.6754 39.5198 5.7602
3.3575 29.811 110.6142 -5.6757 39.5175 5.7606
3.3575 29.8138 110.6143 -5.6761 39.5146 5.7611
3.3575 29.817 110.6145 -5.6766 39.5113 5.7617
3.3575 29.8208 110.6147 -5.6772 39.5074 5.7624
3.3575 29.825 110.6148 -5.6778 39.503 5.7632
3.3575 29.8297 110.6151 -5.6785 39.4981 5.7641
3.3575 29.8349 110.6153 -5.6793 39.4926 5.7651
3.3575 29.8407 110.6155 -5.6802 39.4867 5.7662
3.3575 29.8469 110.6158 -5.6811 39.4802 5.7674
3.3575 29.8536 110.6161 -5.6821 39.4732 5.7686
3.3575 29.8608 110.6164 -5.6832 39.4657 5.77
3.3575 29.8686 110.6168 -5.6844 39.4577 5.7714
3.3575 29.8768 110.6172 -5.6856 39.4492 5.773
3.3575 29.8855 110.6175 -5.687 39.4401 5.7746
3.3575 29.8947 110.618 -5.6884 39.4306 5.7763
3.3575 29.9044 110.6184 -5.6898 39.4205 5.7782
3.3575 29.9146 110.6188 -5.6914 39.4099 5.7801
3.3575 29.9253 110.6193 -5.693 39.3988 5.7821
3.3575 29.9365 110.6198 -5.6947 39.3871 5.7842
3.3575 29.9482 110.6203 -5.6965 39.375 5.7864
3.3575 29.9604 110.6209 -5.6983 39.3623 5.7887
3.3575 29.9731 110.6214 -5.7002 39.3491 5.7911
3.3575 29.9863 110.622 -5.7022 39.3354 5.7936
3.3575 30 110.6226 -5.7043 39.3212 5.7961
3.3575 30.0142 110.6233 -5.7064 39.3065 5.7988
3.3575 30.0289 110.6239 -5.7087 39.2912 5.8016
3.3575 30.0441 110.6246 -5.711 39.2754 5.8044
3.3575 30.0598 110.6253 -5.7133 39.2591 5.8074
3.3575 30.0759 110.626 -5.7158 39.2423 5.8104
3.3575 30.0926 110.6268 -5.7183 39.225 5.8136
3.3575 30.1098 110.6275 -5.7209 39.2072 5.8168
3.3575 30.1275 110.6283 -5.7236 39.1888 5.8201
3.3575 30.1456 110.6291 -5.7263 39.1699 5.8235
3.3575 30.1643 110.63 -5.7292 39.1505 5.827
3.3575 30.1835 110.6308 -5.7321 39.1306 5.8306
3.3575 30.2032 110.6317 -5.735 39.1102 5.8343
3.3575 30.2233 110.6326 -5.7381 39.0893 5.8381
3.3575 30.244 110.6335 -5.7412 39.0678 5.842
3.3575 30.2651 110.6345 -5.7444 39.0458 5.846
3.3575 30.2868 110.6354 -5.7477 39.0233 5.8501
3.3575 30.309 110.6364 -5.7511 39.0003 5.8542
3.3575 30.3316 110.6374 -5.7545 38.9768 5.8585
3.3575 30.3548 110.6385 -5.758 38.9527 5.8628
3.3575 30.3784 110.6395 -5.7616 38.9282 5.8673
3.3575 30.4026 110.6406 -5.7652 38.9031 5.8718
3.3575 30.4272 110.6417 -5.7689 38.8775 5.8765
3.3575 30.4524 110.6428 -5.7728 38.8514 5.8812
3.3575 30.478 110.644 -5.7766 38.8248 5.886
3.3575 30.5041 110.6451 -5.7806 38.7976 5.8909
3.3575 30.5308 110.6463 -5.7846 38.7699 5.8959
3.3575 30.5579 110.6475 -5.7887 38.7418 5.901
3.3575 30.5856 110.6488 -5.7929 38.7131 5.9062
3.3575 30.6137 110.65 -5.7972 38.6838 5.9115
3.3575 30.6423 110.6513 -5.8015 38.6541 5.9169
3.3575 30.6714 110.6526 -5.8059 38.6238 5.9224
3.3575 30.7011 110.6539 -5.8104 38.5931 5.928
3.3575 30.7312 110.6552 -5.815 38.5618 5.9336
3.3575 30.7618 110.6566 -5.8196 38.53 5.9394
3.3575 30.7929 110.658 -5.8243 38.4977 5.9452
3.3575 30.8246 110.6594 -5.8291 38.4648 5.9512
3.3575 30.8567 110.6608 -5.8339 38.4315 5.9572
3.3575 30.8893 110.6623 -5.8389 38.3976 5.9633
3.3575 30.9224 110.6638 -5.8439 38.3632 5.9696
3.3575 30.956 110.6653 -5.849 38.3283 5.9759
3.3575 30.9901 110.6668 -5.8541 38.2929 5.9823
3.3575 31.0247 110.6683 -5.8594 38.2569 5.9888
3.3575 31.0598 110.6699 -5.8647 38.2205 5.9954
3.3575 31.0954 110.6715 -5.8701 38.1835 6.0021
3.3575 31.1315 110.6731 -5.8755 38.146 6.0089
3.3575 31.1681 110.6747 -5.8811 38.108 6.0158
3.3575 31.2052 110.6764 -5.8867 38.0695 6.0227
3.3575 31.2428 110.6781 -5.8924 38.0304 6.0298
3.3575 31.2809 110.6798 -5.8981 37.9909 6.037
3.3575 31.3195 110.6815 -5.904 37.9508 6.0442
3.3575 31.3586 110.6832 -5.9099 37.9102 6.0516
3.3575 31.3981 110.685 -5.9159 37.8691 6.059
3.3575 31.4382 110.6868 -5.922 37.8275 6.0665
3.3575 31.4788 110.6886 -5.9281 37.7853 6.0742
3.3575 31.5199 110.6904 -5.9343 37.7426 6.0819
3.3575 31.5615 110.6923 -5.9406 37.6995 6.0897
3.3575 31.6035 110.6941 -5.947 37.6558 6.0976
3.3575 31.6461 110.696 -5.9534 37.6115 6.1056
3.3575 31.6892 110.698 -5.9599 37.5668 6.1137
3.3575 31.7327 110.6999 -5.9665 37.5216 6.1219
3.3575 31.7768 110.7019 -5.9732 37.4758 6.1302
3.3575 31.8214 110.7038 -5.9799 37.4295 6.1386
3.3575 31.8664 110.7059 -5.9868 37.3827 6.1471
3.3575 31.912 110.7079 -5.9937 37.3354 6.1556
3.3575 31.958 110.7099 -6.0006 37.2876 6.1643
3.3575 32.0046 110.712 -6.0077 37.2392 6.173
3.3575 32.0517 110.7141 -6.0148 37.1903 6.1819
3.3575 32.0992 110.7162 -6.022 37.141 6.1908
3.3575 32.1473 110.7184 -6.0293 37.0911 6.1999
3.3575 32.1958 110.7205 -6.0366 37.0406 6.209
3.3575 32.2448 110.7227 -6.044 36.9897 6.2182
3.3575 32.2944 110.7249 -6.0515 36.9382 6.2275
3.3575 32.3444 110.7272 -6.0591 36.8863 6.2369
3.3575 32.395 110.7294 -6.0667 36.8338 6.2464
3.3575 32.446 110.7317 -6.0745 36.7808 6.256
3.3575 32.4975 110.734 -6.0823 36.7272 6.2657
3.3575 32.5496 110.7363 -6.0901 36.6732 6.2755
3.3575 32.6021 110.7387 -6.0981 36.6186 6.2854
3.3575 32.6551 110.741 -6.1061 36.5636 6.2953
3.3575 32.7087 110.7434 -6.1142 36.508 6.3054
3.3575 32.7627 110.7458 -6.1224 36.4519 6.3156
3.3575 32.8172 110.7482 -6.1306 36.3952 6.3258
3.3575 32.8713 110.7506 -6.1388 36.3391 6.336
3.3575 32.9241 110.7529 -6.1469 36.2844 6.3459
3.3575 32.9755 110.755 -6.1547 36.2311 6.3556
3.3575 33.0256 110.757 -6.1623 36.1793 6.3651
3.3575 33.0744 110.7589 -6.1698 36.129 6.3743
3.3575 33.1218 110.7606 -6.177 36.0801 6.3833
3.3575 33.1679 110.7623 -6.1841 36.0326 6.392
3.3575 33.2126 110.7639 -6.1909 35.9866 6.4005
3.3575 33.256 110.7653 -6.1976 35.942 6.4088
3.3575 33.298 110.7667 -6.2041 35.8989 6.4167
3.3575 33.3387 110.768 -6.2103 35.8571 6.4245
3.3575 33.378 110.7692 -6.2164 35.8169 6.432
3.3575 33.4159 110.7703 -6.2223 35.778 6.4392
3.3575 33.4525 110.7714 -6.228 35.7406 6.4462
3.3575 33.4877 110.7724 -6.2334 35.7046 6.4529
3.3575 33.5216 110.7733 -6.2387 35.67 6.4594
3.3575 33.5541 110.7742 -6.2437 35.6369 6.4656
3.3575 33.5852 110.775 -6.2486 35.6052 6.4716
3.3575 33.615 110.7757 -6.2532 35.5749 6.4773
3.3575 33.6433 110.7764 -6.2577 35.546 6.4827
3.3575 33.6703 110.777 -6.2619 35.5185 6.4879
3.3575 33.696 110.7776 -6.2659 35.4925 6.4928
3.3575 33.7202 110.7781 -6.2697 35.4678 6.4975
3.3575 33.7431 110.7786 -6.2733 35.4446 6.5019
3.3575 33.7646 110.779 -6.2766 35.4228 6.506
3.3575 33.7847 110.7795 -6.2798 35.4024 6.5099
3.3575 33.8034 110.7798 -6.2827 35.3834 6.5135
3.3575 33.8207 110.7802 -6.2854 35.3659 6.5169
3.3575 33.8367 110.7805 -6.288 35.3497 6.5199
3.3575 33.8513 110.7807 -6.2903 35.3349 6.5227
3.3575 33.8645 110.781 -6.2923 35.3216 6.5253
3.3575 33.8763 110.7812 -6.2942 35.3096 6.5276
3.3575 33.8867 110.7814 -6.2958 35.2991 6.5296
3.3575 33.8957 110.7815 -6.2972 35.29 6.5313
3.3575 33.9034 110.7817 -6.2985 35.2823 6.5328
3.3575 33.9096 110.7818 -6.2994 35.2759 6.534
3.3575 33.9145 110.7819 -6.3002 35.271 6.5349
3.3575 33.9179 110.7819 -6.3008 35.2675 6.5356
3.3575 33.92 110.7819 -6.3011 35.2654 6.536
3.3575 33.9207 110.782 -6.3012 35.2647 6.5362
3.3575 33.92 110.7819 -6.3011 35.2654 6.536
3.3575 33.9179 110.7819 -6.3008 35.2675 6.5356
3.3575 33.9145 110.7819 -6.3002 35.271 6.5349
3.3575 33.9096 110.7818 -6.2994 35.2759 6.534
3.3575 33.9034 110.7817 -6.2985 35.2823 6.5328
3.3575 33.8957 110.7815 -6.2972 35.29 6.5313
3.3575 33.8867 110.7814 -6.2958 35.2991 6.5296
3.3575 33.8763 110.7812 -6.2942 35.3096 6.5276
3.3575 33.8645 110.781 -6.2923 35.3216 6.5253
3.3575 33.8513 110.7807 -6.2903 35.3349 6.5227
3.3575 33.8367 110.7805 -6.288 35.3497 6.5199
3.3575 33.8207 110.7802 -6.2854 35.3659 6.5169
3.3575 33.8034 110.7798 -6.2827 35.3834 6.5135
3.3575 33.7847 110.7795 -6.2798 35.4024 6.5099
3.3575 33.7646 110.779 -6.2766 35.4228 6.506
3.3575 33.7431 110.7786 -6.2733 35.4446 6.5019
3.3575 33.7202 110.7781 -6.2697 35.4678 6.4975
3.3575 33.696 110.7776 -6.2659 35.4925 6.4928
3.3575 33.6703 110.777 -6.2619 35.5185 6.4879
3.3575 33.6433 110.7764 -6.2577 35.546 6.4827
3.3575 33.615 110.7757 -6.2532 35.5749 6.4773
3.3575 33.5852 110.775 -6.2486 35.6052 6.4716
3.3575 33.5541 110.7742 -6.2437 35.6369 6.4656
3.3575 33.5216 110.7733 -6.2387 35.67 6.4594
3.3575 33.4877 110.7724 -6.2334 35.7046 6.4529
3.3575 33.4525 110.7714 -6.228 35.7406 6.4462
3.3575 33.4159 110.7703 -6.2223 35.778 6.4392
3.3575 33.378 110.7692 -6.2164 35.8169 6.432
3.3575 33.3387 110.768 -6.2103 35.8571 6.4245
3.3575 33.298 110.7667 -6.2041 35.8989 6.4167
3.3575 33.256 110.7653 -6.1976 35.942 6.4088
3.3575 33.2126 110.7639 -6.1909 35.9866 6.4005
3.3575 33.1679 110.7623 -6.1841 36.0326 6.392
3.3575 33.1218 110.7606 -6.177 36.0801 6.3833
3.3575 33.0744 110.7589 -6.1698 36.129 6.3743
3.3575 33.0256 110.757 -6.1623 36.1793 6.3651
3.3575 32.9755 110.755 -6.1547 36.2311 6.3556
3.3575 32.9241 110.7529 -6.1469 36.2844 6.3459
3.3575 32.8713 110.7506 -6.1388 36.3391 6.336
3.3575 32.8172 110.7482 -6.1306 36.3952 6.3258
3.3576 32.7627 110.7458 -6.1217 36.4519 6.3151
3.3579 32.7087 110.7433 -6.1115 36.508 6.3037
3.3584 32.6552 110.7409 -6.1 36.5635 6.2916
3.3591 32.6022 110.7384 -6.0873 36.6186 6.2788
3.36 32.5498 110.7359 -6.0734 36.6731 6.2652
3.3611 32.4979 110.7334 -6.0582 36.7271 6.2509
3.3624 32.4464 110.7309 -6.0418 36.7806 6.236
3.3639 32.3955 110.7284 -6.0241 36.8336 6.2203
3.3656 32.3451 110.7259 -6.0053 36.886 6.204
3.3675 32.2953 110.7234 -5.9854 36.9379 6.187
3.3696 32.2459 110.7209 -5.9642 36.9893 6.1693
3.3718 32.197 110.7184 -5.9419 37.0402 6.1509
3.3742 32.1487 110.7158 -5.9184 37.0905 6.1319
3.3769 32.1009 110.7133 -5.8938 37.1403 6.1122
3.3797 32.0536 110.7108 -5.8681 37.1896 6.0919
3.3826 32.0068 110.7082 -5.8413 37.2384 6.0709
3.3858 31.9605 110.7056 -5.8133 37.2866 6.0493
3.3891 31.9147 110.7031 -5.7843 37.3344 6.0271
3.3926 31.8695 110.7005 -5.7542 37.3816 6.0043
3.3963 31.8247 110.698 -5.7231 37.4283 5.9808
3.4002 31.7805 110.6954 -5.6908 37.4744 5.9568
3.4042 31.7368 110.6928 -5.6576 37.5201 5.9321
3.4083 31.6936 110.6902 -5.6233 37.5652 5.9069
3.4127 31.6509 110.6877 -5.588 37.6098 5.881
3.4172 31.6087 110.6851 -5.5517 37.6538 5.8546
3.4218 31.567 110.6825 -5.5144 37.6974 5.8276
3.4267 31.5259 110.6799 -5.4761 37.7404 5.8001
3.4316 31.4852 110.6773 -5.4368 37.7829 5.772
3.4368 31.4451 110.6748 -5.3966 37.8249 5.7433
3.4421 31.4055 110.6722 -5.3555 37.8663 5.7141
3.4475 31.3663 110.6696 -5.3134 37.9073 5.6844
3.4531 31.3277 110.667 -5.2703 37.9477 5.6541
3.4588 31.2896 110.6644 -5.2264 37.9876 5.6233
3.4647 31.2521 110.6618 -5.1816 38.027 5.592
3.4707 31.215 110.6592 -5.1358 38.0658 5.5602
3.4768 31.1784 110.6566 -5.0892 38.1041 5.5279
3.4831 31.1424 110.6541 -5.0418 38.142 5.4951
3.4896 31.1068 110.6515 -4.9934 38.1792 5.4617
3.4961 31.0718 110.6489 -4.9443 38.216 5.4279
3.5028 31.0373 110.6463 -4.8943 38.2522 5.3937
3.5097 31.0032 110.6437 -4.8435 38.288 5.3589
3.5166 30.9697 110.6412 -4.7918 38.3232 5.3237
3.5237 30.9367 110.6386 -4.7394 38.3579 5.288
3.5309 30.9042 110.636 -4.6862 38.392 5.2519
3.5383 30.8723 110.6334 -4.6322 38.4257 5.2153
3.5457 30.8408 110.6309 -4.5775 38.4588 5.1783
3.5533 30.8098 110.6283 -4.522 38.4914 5.1409
3.561 30.7794 110.6258 -4.4658 38.5234 5.103
3.5688 30.7494 110.6232 -4.4088 38.555 5.0648
3.5768 30.72 110.6207 -4.3512 38.586 5.0261
3.5848 30.691 110.6181 -4.2928 38.6166 4.987
3.593 30.6626 110.6156 -4.2338 38.6465 4.9475
3.6012 30.6347 110.6131 -4.174 38.676 4.9077
3.6096 30.6073 110.6105 -4.1136 38.705 4.8674
3.6181 30.5804 110.608 -4.0526 38.7334 4.8268
3.6267 30.554 110.6055 -3.9909 38.7613 4.7858
3.6354 30.5281 110.603 -3.9286 38.7887 4.7444
3.6441 30.5027 110.6005 -3.8656 38.8156 4.7027
3.653 30.4778 110.598 -3.8021 38.8419 4.6606
3.662 30.4534 110.5956 -3.7379 38.8678 4.6182
3.6711 30.4295 110.5931 -3.6732 38.8931 4.5754
3.6802 30.4062 110.5906 -3.6079 38.9179 4.5324
3.6895 30.3833 110.5882 -3.542 38.9422 4.489
3.6988 30.361 110.5857 -3.4756 38.9659 4.4452
3.7083 30.3391 110.5833 -3.4086 38.9892 4.4012
3.7178 30.3178 110.5808 -3.3411 39.0119 4.3569
3.7274 30.2969 110.5784 -3.2731 39.0341 4.3123
3.737 30.2766 110.576 -3.2046 39.0557 4.2673
3.7468 30.2567 110.5736 -3.1356 39.0769 4.2221
3.7566 30.2374 110.5712 -3.0662 39.0975 4.1767
3.7665 30.2186 110.5688 -2.9962 39.1177 4.1309
3.7765 30.2003 110.5665 -2.9258 39.1373 4.0849
3.7866 30.1824 110.5641 -2.855 39.1563 4.0387
3.7967 30.1651 110.5618 -2.7837 39.1749 3.9922
3.8069 30.1483 110.5594 -2.712 39.193 3.9454
3.8171 30.132 110.5571 -2.6399 39.2105 3.8984
3.8274 30.1162 110.5548 -2.5674 39.2275 3.8512
3.8378 30.1009 110.5525 -2.4945 39.244 3.8038
3.8483 30.0861 110.5502 -2.4213 39.2599 3.7561
3.8588 30.0718 110.548 -2.3477 39.2754 3.7083
3.8693 30.058 110.5457 -2.2737 39.2903 3.6602
3.8799 30.0447 110.5435 -2.1994 39.3047 3.612
3.8906 30.0319 110.5413 -2.1247 39.3186 3.5635
3.9013 30.0196 110.539 -2.0498 39.332 3.5149
3.9121 30.0079 110.5368 -1.9745 39.3449 3.4661
3.9229 29.9966 110.5347 -1.899 39.3572 3.4171
3.9337 29.9858 110.5325 -1.8231 39.369 3.368
3.9446 29.9755 110.5303 -1.747 39.3803 3.3187
3.9556 29.9657 110.5282 -1.6707 39.3911 3.2693
3.9665 29.9564 110.5261 -1.5941 39.4014 3.2197
3.9776 29.9476 110.524 -1.5172 39.4112 3.17
3.9886 29.9394 110.5219 -1.4402 39.4204 3.1202
3.9997 29.9316 110.5198 -1.3629 39.4291 3.0703
4.0108 29.9243 110.5178 -1.2854 39.4373 3.0202
4.022 29.9175 110.5158 -1.2078 39.445 2.97
4.0331 29.9112 110.5137 -1.1299 39.4522 2.9198
4.0443 29.9055 110.5117 -1.0519 39.4588 2.8694
4.0556 29.9002 110.5098 -0.9738 39.4649 2.8189
4.0668 29.8954 110.5078 -0.8955 39.4705 2.7684
4.0781 29.8911 110.5059 -0.8171 39.4756 2.7178
4.0894 29.8873 110.5039 -0.7386 39.4802 2.6671
4.1007 29.884 110.502 -0.6599 39.4843 2.6164
4.112 29.8812 110.5002 -0.5812 39.4878 2.5656
4.1233 29.8789 110.4983 -0.5024 39.4909 2.5148
4.1347 29.8772 110.4964 -0.4235 39.4934 2.4639
4.146 29.8759 110.4946 -0.3446 39.4954 2.413
4.1574 29.8751 110.4928 -0.2656 39.4968 2.3621
4.1688 29.8748 110.491 -0.1866 39.4978 2.3111
4.1801 29.875 110.4893 -0.1075 39.4983 2.2602
4.1915 29.8757 110.4876 -0.0285 39.4982 2.2092
4.2029 29.8768 110.4858 0.0506 39.4976 2.1582
4.2142 29.8785 110.4842 0.1296 39.4965 2.1073
4.2256 29.8807 110.4825 0.2086 39.4949 2.0563
4.237 29.8834 110.4808 0.2876 39.4927 2.0054
4.2483 29.8866 110.4792 0.3665 39.4901 1.9545
4.2597 29.8903 110.4776 0.4454 39.4869 1.9036
4.271 29.8944 110.476 0.5242 39.4832 1.8528
4.2823 29.8991 110.4745 0.6029 39.479 1.802
4.2936 29.9043 110.473 0.6816 39.4743 1.7513
4.3049 29.9099 110.4715 0.7601 39.4691 1.7006
4.3162 29.9161 110.47 0.8385 39.4633 1.65
4.3274 29.9227 110.4685 0.9168 39.4571 1.5995
4.3387 29.9299 110.4671 0.9949 39.4503 1.5491
4.3499 29.9375 110.4657 1.0729 39.443 1.4987
4.361 29.9456 110.4644 1.1507 39.4352 1.4485
4.3722 29.9543 110.463 1.2283 39.4269 1.3983
4.3833 29.9634 110.4617 1.3058 39.418 1.3483
4.3944 29.973 110.4604 1.383 39.4087 1.2983
4.4054 29.9831 110.4591 1.4601 39.3988 1.2485
4.4165 29.9937 110.4579 1.5369 39.3884 1.1989
4.4274 30.0048 110.4567 1.6135 39.3775 1.1493
4.4384 30.0164 110.4555 1.6898 39.3661 1.0999
4.4493 30.0285 110.4544 1.7659 39.3542 1.0507
4.4601 30.0411 110.4532 1.8417 39.3417 1.0016
4.4709 30.0542 110.4521 1.9173 39.3288 0.9526
4.4817 30.0677 110.4511 1.9925 39.3153 0.9039
4.4924 30.0818 110.45 2.0674 39.3013 0.8553
4.5031 30.0963 110.449 2.142 39.2868 0.8069
4.5137 30.1114 110.448 2.2163 39.2718 0.7586
4.5242 30.1269 110.4471 2.2903 39.2562 0.7106
4.5347 30.1429 110.4462 2.3639 39.2402 0.6628
4.5452 30.1594 110.4453 2.4371 39.2236 0.6152
4.5556 30.1765 110.4445 2.51 39.2066 0.5678
4.5659 30.194 110.4436 2.5824 39.189 0.5206
4.5761 30.2119 110.4428 2.6545 39.1709 0.4737
4.5863 30.2304 110.4421 2.7262 39.1523 0.427
4.5964 30.2494 110.4414 2.7974 39.1331 0.3805
4.6065 30.2689 110.4407 2.8682 39.1135 0.3343
4.6165 30.2888 110.44 2.9386 39.0933 0.2883
4.6264 30.3093 110.4394 3.0085 39.0727 0.2426
4.6362 30.3302 110.4388 3.0779 39.0515 0.1972
4.646 30.3516 110.4382 3.1469 39.0298 0.152
4.6556 30.3736 110.4377 3.2154 39.0076 0.1072
4.6652 30.396 110.4372 3.2833 38.9848 0.0626
4.6747 30.4189 110.4368 3.3508 38.9616 0.0183
4.6842 30.4422 110.4363 3.4177 38.9378 -0.0256
4.6935 30.4661 110.436 3.4841 38.9136 -0.0693
4.7028 30.4905 110.4356 3.5499 38.8888 -0.1127
4.7119 30.5153 110.4353 3.6152 38.8635 -0.1557
4.721 30.5407 110.435 3.6798 38.8377 -0.1984
4.73 30.5665 110.4348 3.744 38.8114 -0.2407
4.7389 30.5928 110.4346 3.8075 38.7845 -0.2827
4.7476 30.6196 110.4344 3.8704 38.7572 -0.3244
4.7563 30.6469 110.4343 3.9326 38.7293 -0.3657
4.7649 30.6747 110.4342 3.9943 38.701 -0.4067
4.7734 30.703 110.4341 4.0553 38.6721 -0.4472
4.7818 30.7317 110.4341 4.1156 38.6427 -0.4874
4.79 30.761 110.4341 4.1753 38.6128 -0.5272
4.7982 30.7907 110.4342 4.2343 38.5824 -0.5666
4.8062 30.8209 110.4343 4.2926 38.5514 -0.6057
4.8142 30.8516 110.4344 4.3502 38.52 -0.6443
4.822 30.8828 110.4346 4.4071 38.4881 -0.6825
4.8297 30.9145 110.4348 4.4633 38.4556 -0.7203
4.8373 30.9467 110.4351 4.5187 38.4226 -0.7576
4.8447 30.9793 110.4354 4.5734 38.3891 -0.7945
4.8521 31.0125 110.4357 4.6273 38.3551 -0.831
4.8593 31.0461 110.4361 4.6805 38.3206 -0.8671
4.8664 31.0802 110.4365 4.7328 38.2856 -0.9027
4.8733 31.1148 110.437 4.7844 38.25 -0.9378
4.8802 31.1499 110.4375 4.8351 38.214 -0.9725
4.8869 31.1855 110.438 4.8851 38.1774 -1.0067
4.8934 31.2215 110.4386 4.9342 38.1403 -1.0404
4.8999 31.258 110.4393 4.9824 38.1028 -1.0736
4.9062 31.2951 110.4399 5.0298 38.0647 -1.1064
4.9123 31.3326 110.4407 5.0764 38.0261 -1.1386
4.9183 31.3706 110.4414 5.122 37.9869 -1.1703
4.9242 31.409 110.4422 5.1668 37.9473 -1.2016
4.9299 31.448 110.4431 5.2107 37.9072 -1.2323
4.9355 31.4874 110.444 5.2536 37.8665 -1.2624
4.9409 31.5274 110.4449 5.2957 37.8254 -1.2921
4.9462 31.5678 110.4459 5.3368 37.7837 -1.3212
4.9514 31.6087 110.4469 5.3769 37.7415 -1.3498
4.9563 31.65 110.448 5.4161 37.6988 -1.3778
4.9612 31.6919 110.4491 5.4543 37.6556 -1.4052
4.9658 31.7342 110.4503 5.4915 37.6119 -1.4321
4.9703 31.7771 110.4515 5.5278 37.5677 -1.4584
4.9747 31.8204 110.4528 5.563 37.5229 -1.4841
4.9788 31.8642 110.4541 5.5972 37.4777 -1.5093
4.9828 31.9084 110.4554 5.6304 37.4319 -1.5338
4.9867 31.9532 110.4568 5.6625 37.3856 -1.5578
4.9904 31.9984 110.4583 5.6936 37.3389 -1.5811
4.9939 32.0441 110.4598 5.7236 37.2916 -1.6039
4.9972 32.0903 110.4613 5.7525 37.2438 -1.626
5.0004 32.137 110.4629 5.7804 37.1955 -1.6475
5.0033 32.1842 110.4646 5.8071 37.1467 -1.6683
5.0061 32.2318 110.4662 5.8328 37.0973 -1.6885
5.0088 32.2799 110.468 5.8573 37.0475 -1.7081
5.0112 32.3285 110.4698 5.8807 36.9971 -1.727
5.0134 32.3776 110.4716 5.9029 36.9463 -1.7453
5.0155 32.4272 110.4735 5.924 36.8949 -1.7628
5.0174 32.4772 110.4755 5.9439 36.843 -1.7797
5.0191 32.5277 110.4774 5.9626 36.7907 -1.796
5.0206 32.5787 110.4795 5.9801 36.7378 -1.8115
5.0219 32.6302 110.4816 5.9964 36.6844 -1.8264
5.023 32.6822 110.4837 6.0115 36.6304 -1.8405
5.0239 32.7346 110.4859 6.0254 36.576 -1.8539
5.0246 32.7875 110.4882 6.038 36.5211 -1.8667
5.0251 32.8409 110.4905 6.0494 36.4656 -1.8787
5.0254 32.8948 110.4929 6.0595 36.4097 -1.89
5.0255 32.9492 110.4953 6.0683 36.3532 -1.9005
5.0255 33.0031 110.4976 6.0764 36.2973 -1.9105
5.0255 33.0557 110.4999 6.0843 36.2427 -1.9204
5.0255 33.107 110.502 6.0921 36.1896 -1.9299
5.0255 33.1569 110.504 6.0996 36.138 -1.9393
5.0255 33.2055 110.5059 6.107 36.0878 -1.9484
5.0255 33.2528 110.5076 6.1141 36.039 -1.9573
5.0255 33.2987 110.5093 6.1211 35.9917 -1.9659
5.0255 33.3433 110.5109 6.1279 35.9458 -1.9743
5.0255 33.3865 110.5123 6.1345 35.9014 -1.9824
5.0255 33.4284 110.5137 6.1409 35.8584 -1.9903
5.0255 33.469 110.515 6.1471 35.8168 -1.998
5.0255 33.5081 110.5162 6.1531 35.7766 -2.0054
5.0255 33.546 110.5173 6.1589 35.7379 -2.0125
5.0255 33.5824 110.5184 6.1645 35.7006 -2.0194
5.0255 33.6175 110.5194 6.1699 35.6647 -2.026
5.0255 33.6513 110.5203 6.1751 35.6302 -2.0324
5.0255 33.6837 110.5211 6.1801 35.5972 -2.0386
5.0255 33.7147 110.5219 6.1849 35.5656 -2.0445
5.0255 33.7444 110.5227 6.1895 35.5353 -2.0501
5.0255 33.7726 110.5233 6.1938 35.5065 -2.0555
5.0255 33.7996 110.524 6.198 35.4792 -2.0606
5.0255 33.8251 110.5246 6.202 35.4532 -2.0655
5.0255 33.8493 110.5251 6.2057 35.4286 -2.0701
5.0255 33.8721 110.5256 6.2093 35.4055 -2.0744
5.0255 33.8935 110.526 6.2126 35.3838 -2.0785
5.0255 33.9135 110.5264 6.2157 35.3634 -2.0823
5.0255 33.9322 110.5268 6.2186 35.3445 -2.0859
5.0255 33.9495 110.5271 6.2213 35.327 -2.0892
5.0255 33.9654 110.5274 6.2238 35.3109 -2.0922
5.0255 33.9799 110.5277 6.226 35.2961 -2.095
5.0255 33.9931 110.528 6.2281 35.2828 -2.0975
5.0255 34.0048 110.5282 6.2299 35.2709 -2.0998
5.0255 34.0152 110.5283 6.2316 35.2604 -2.1018
5.0255 34.0242 110.5285 6.233 35.2513 -2.1035
5.0255 34.0318 110.5286 6.2342 35.2436 -2.1049
5.0255 34.0381 110.5287 6.2351 35.2373 -2.1061
5.0255 34.0429 110.5288 6.2359 35.2324 -2.1071
5.0255 34.0464 110.5289 6.2364 35.2289 -2.1077
5.0255 34.0484 110.5289 6.2368 35.2268 -2.1081
5.0255 34.0491 110.5289 6.2369 35.2261 -2.1082
5.0255 34.0484 110.5289 6.2368 35.2268 -2.1081
5.0255 34.0464 110.5289 6.2364 35.2289 -2.1077
5.0255 34.0429 110.5288 6.2359 35.2324 -2.1071
5.0255 34.0381 110.5287 6.2351 35.2373 -2.1061
5.0255 34.0318 110.5286 6.2342 35.2436 -2.1049
5.0255 34.0242 110.5285 6.233 35.2513 -2.1035
5.0255 34.0152 110.5283 6.2316 35.2604 -2.1018
5.0255 34.0048 110.5282 6.2299 35.2709 -2.0998
5.0255 33.9931 110.528 6.2281 35.2828 -2.0975
5.0255 33.9799 110.5277 6.226 35.2961 -2.095
5.0255 33.9654 110.5274 6.2238 35.3109 -2.0922
5.0255 33.9495 110.5271 6.2213 35.327 -2.0892
5.0255 33.9322 110.5268 6.2186 35.3445 -2.0859
5.0255 33.9135 110.5264 6.2157 35.3634 -2.0823
5.0255 33.8935 110.526 6.2126 35.3838 -2.0785
5.0255 33.8721 110.5256 6.2093 35.4055 -2.0744
5.0255 33.8493 110.5251 6.2057 35.4286 -2.0701
5.0255 33.8251 110.5246 6.202 35.4532 -2.0655
5.0255 33.7996 110.524 6.198 35.4792 -2.0606
5.0255 33.7726 110.5233 6.1938 35.5065 -2.0555
5.0255 33.7444 110.5227 6.1895 35.5353 -2.0501
5.0255 33.7147 110.5219 6.1849 35.5656 -2.0445
5.0255 33.6837 110.5211 6.1801 35.5972 -2.0386
5.0255 33.6513 110.5203 6.1751 35.6302 -2.0324
5.0255 33.6175 110.5194 6.1699 35.6647 -2.026
5.0255 33.5824 110.5184 6.1645 35.7006 -2.0194
5.0255 33.546 110.5173 6.1589 35.7379 -2.0125
5.0255 33.5081 110.5162 6.1531 35.7766 -2.0054
5.0255 33.469 110.515 6.1471 35.8168 -1.998
5.0255 33.4284 110.5137 6.1409 35.8584 -1.9903
5.0255 33.3865 110.5123 6.1345 35.9014 -1.9824
5.0255 33.3433 110.5109 6.1279 35.9458 -1.9743
5.0255 33.2987 110.5093 6.1211 35.9917 -1.9659
5.0255 33.2528 110.5076 6.1141 36.039 -1.9573
5.0255 33.2055 110.5059 6.107 36.0878 -1.9484
5.0255 33.1569 110.504 6.0996 36.138 -1.9393
5.0255 33.107 110.502 6.0921 36.1896 -1.9299
5.0255 33.0557 110.4999 6.0843 36.2427 -1.9204
5.0255 33.0031 110.4976 6.0764 36.2973 -1.9105
5.0255 32.9492 110.4953 6.0683 36.3532 -1.9005
5.0255 32.8948 110.4928 6.0602 36.4097 -1.8904
5.0255 32.841 110.4904 6.0521 36.4656 -1.8803
5.0255 32.7876 110.4881 6.0441 36.5211 -1.8704
5.0255 32.7348 110.4857 6.0362 36.576 -1.8605
5.0255 32.6824 110.4834 6.0283 36.6304 -1.8508
5.0255 32.6305 110.481 6.0205 36.6842 -1.8411
5.0255 32.5792 110.4787 6.0128 36.7376 -1.8316
5.0255 32.5283 110.4765 6.0052 36.7904 -1.8221
5.0255 32.4779 110.4742 5.9976 36.8428 -1.8127
5.0255 32.428 110.472 5.9901 36.8946 -1.8034
5.0255 32.3787 110.4698 5.9827 36.9459 -1.7942
5.0255 32.3298 110.4676 5.9754 36.9967 -1.7851
5.0255 32.2814 110.4654 5.9681 37.0469 -1.7761
5.0255 32.2335 110.4633 5.9609 37.0967 -1.7672
5.0255 32.1861 110.4612 5.9538 37.1459 -1.7583
5.0255 32.1392 110.4591 5.9468 37.1947 -1.7496
5.0255 32.0928 110.457 5.9398 37.2429 -1.7409
5.0255 32.0469 110.455 5.9329 37.2905 -1.7324
5.0255 32.0015 110.4529 5.9261 37.3377 -1.7239
5.0255 31.9565 110.4509 5.9194 37.3844 -1.7156
5.0255 31.9121 110.449 5.9127 37.4305 -1.7073
5.0255 31.8682 110.447 5.9061 37.4762 -1.6991
5.0255 31.8248 110.4451 5.8996 37.5213 -1.691
5.0255 31.7818 110.4431 5.8932 37.5659 -1.683
5.0255 31.7394 110.4412 5.8868 37.6099 -1.6751
5.0255 31.6975 110.4394 5.8805 37.6535 -1.6673
5.0255 31.656 110.4375 5.8743 37.6966 -1.6596
5.0255 31.6151 110.4357 5.8682 37.7391 -1.6519
5.0255 31.5746 110.4339 5.8621 37.7811 -1.6444
5.0255 31.5347 110.4321 5.8561 37.8226 -1.637
5.0255 31.4952 110.4303 5.8502 37.8636 -1.6296
5.0255 31.4563 110.4286 5.8443 37.9041 -1.6224
5.0255 31.4178 110.4269 5.8386 37.944 -1.6152
5.0255 31.3798 110.4252 5.8329 37.9835 -1.6081
5.0255 31.3424 110.4235 5.8272 38.0224 -1.6011
5.0255 31.3054 110.4219 5.8217 38.0608 -1.5942
5.0255 31.2689 110.4202 5.8162 38.0987 -1.5874
5.0255 31.2329 110.4186 5.8108 38.1361 -1.5807
5.0255 31.1974 110.417 5.8055 38.1729 -1.5741
5.0255 31.1624 110.4155 5.8002 38.2093 -1.5676
5.0255 31.1279 110.4139 5.7951 38.2451 -1.5612
5.0255 31.094 110.4124 5.79 38.2804 -1.5549
5.0255 31.0605 110.4109 5.7849 38.3152 -1.5486
5.0255 31.0274 110.4094 5.78 38.3495 -1.5425
5.0255 30.9949 110.408 5.7751 38.3833 -1.5364
5.0255 30.9629 110.4066 5.7703 38.4166 -1.5304
5.0255 30.9314 110.4052 5.7656 38.4493 -1.5246
5.0255 30.9004 110.4038 5.7609 38.4815 -1.5188
5.0255 30.8699 110.4024 5.7563 38.5132 -1.5131
5.0255 30.8398 110.4011 5.7518 38.5444 -1.5075
5.0255 30.8103 110.3997 5.7474 38.5751 -1.502
5.0255 30.7813 110.3984 5.743 38.6053 -1.4966
5.0255 30.7527 110.3972 5.7388 38.6349 -1.4913
5.0255 30.7247 110.3959 5.7346 38.664 -1.4861
5.0255 30.6972 110.3947 5.7304 38.6926 -1.4809
5.0255 30.6701 110.3935 5.7264 38.7207 -1.4759
5.0255 30.6436 110.3923 5.7224 38.7483 -1.4709
5.0255 30.6175 110.3911 5.7185 38.7754 -1.4661
5.0255 30.5919 110.39 5.7146 38.8019 -1.4613
5.0255 30.5669 110.3889 5.7109 38.828 -1.4567
5.0255 30.5423 110.3878 5.7072 38.8535 -1.4521
5.0255 30.5182 110.3867 5.7036 38.8785 -1.4476
5.0255 30.4947 110.3856 5.7 38.903 -1.4432
5.0255 30.4716 110.3846 5.6966 38.927 -1.4389
5.0255 30.449 110.3836 5.6932 38.9504 -1.4347
5.0255 30.4269 110.3826 5.6899 38.9734 -1.4306
5.0255 30.4053 110.3817 5.6866 38.9958 -1.4266
5.0255 30.3842 110.3807 5.6835 39.0177 -1.4226
5.0255 30.3636 110.3798 5.6804 39.0391 -1.4188
5.0255 30.3435 110.3789 5.6774 39.06 -1.415
5.0255 30.3239 110.378 5.6744 39.0803 -1.4114
5.0255 30.3048 110.3772 5.6716 39.1002 -1.4078
5.0255 30.2862 110.3763 5.6688 39.1195 -1.4044
5.0255 30.2681 110.3755 5.666 39.1383 -1.401
5.0255 30.2505 110.3747 5.6634 39.1567 -1.3977
5.0255 30.2333 110.374 5.6608 39.1744 -1.3945
5.0255 30.2167 110.3732 5.6583 39.1917 -1.3914
5.0255 30.2006 110.3725 5.6559 39.2085 -1.3884
5.0255 30.185 110.3718 5.6536 39.2247 -1.3855
5.0255 30.1698 110.3711 5.6513 39.2404 -1.3827
5.0255 30.1552 110.3705 5.6491 39.2556 -1.38
5.0255 30.141 110.3699 5.647 39.2703 -1.3773
5.0255 30.1274 110.3692 5.6449 39.2845 -1.3748
5.0255 30.1142 110.3687 5.643 39.2982 -1.3723
5.0255 30.1016 110.3681 5.6411 39.3113 -1.37
5.0255 30.0894 110.3676 5.6392 39.324 -1.3677
5.0255 30.0778 110.367 5.6375 39.3361 -1.3655
5.0255 30.0666 110.3665 5.6358 39.3477 -1.3634
5.0255 30.0559 110.3661 5.6342 39.3588 -1.3615
5.0255 30.0457 110.3656 5.6327 39.3693 -1.3596
5.0255 30.0361 110.3652 5.6312 39.3794 -1.3578
5.0255 30.0269 110.3648 5.6298 39.3889 -1.3561
5.0255 30.0182 110.3644 5.6285 39.3979 -1.3544
5.0255 30.01 110.364 5.6273 39.4064 -1.3529
5.0255 30.0023 110.3637 5.6262 39.4144 -1.3515
5.0255 29.9951 110.3633 5.6251 39.4219 -1.3501
5.0255 29.9884 110.363 5.6241 39.4289 -1.3489
5.0255 29.9822 110.3628 5.6231 39.4353 -1.3477
5.0255 29.9765 110.3625 5.6223 39.4412 -1.3467
5.0255 29.9713 110.3623 5.6215 39.4467 -1.3457
5.0255 29.9666 110.3621 5.6208 39.4516 -1.3448
5.0255 29.9624 110.3619 5.6202 39.4559 -1.344
5.0255 29.9586 110.3617 5.6196 39.4598 -1.3433
5.0255 29.9554 110.3616 5.6191 39.4632 -1.3427
5.0255 29.9527 110.3614 5.6187 39.466 -1.3422
5.0255 29.9505 110.3613 5.6184 39.4683 -1.3418
5.0255 29.9487 110.3613 5.6181 39.4701 -1.3415
5.0255 29.9475 110.3612 5.6179 39.4714 -1.3413
5.0255 29.9467 110.3612 5.6178 39.4722 -1.3411
5.0255 29.9465 110.3612 5.6178 39.4724 -1.3411
5.0255 29.9467 110.3612 5.6178 39.4722 -1.3411
5.0255 29.9475 110.3612 5.6179 39.4714 -1.3413
5.0255 29.9487 110.3613 5.6181 39.4701 -1.3415
5.0255 29.9505 110.3613 5.6184 39.4683 -1.3418
5.0255 29.9527 110.3614 5.6187 39.466 -1.3422
5.0255 29.9554 110.3616 5.6191 39.4632 -1.3427
5.0255 29.9586 110.3617 5.6196 39.4598 -1.3433
5.0255 29.9624 110.3619 5.6202 39.4559 -1.344
5.0255 29.9666 110.3621 5.6208 39.4516 -1.3448
5.0255 29.9713 110.3623 5.6215 39.4467 -1.3457
5.0255 29.9765 110.3625 5.6223 39.4412 -1.3467
5.0255 29.9822 110.3628 5.6231 39.4353 -1.3477
5.0255 29.9884 110.363 5.6241 39.4289 -1.3489
5.0255 29.9951 110.3633 5.6251 39.4219 -1.3501
5.0255 30.0023 110.3637 5.6262 39.4144 -1.3515
5.0255 30.01 110.364 5.6273 39.4064 -1.3529
5.0255 30.0182 110.3644 5.6285 39.3979 -1.3544
5.0255 30.0269 110.3648 5.6298 39.3889 -1.3561
5.0255 30.0361 110.3652 5.6312 39.3794 -1.3578
5.0255 30.0457 110.3656 5.6327 39.3693 -1.3596
5.0255 30.0559 110.3661 5.6342 39.3588 -1.3615
5.0255 30.0666 110.3665 5.6358 39.3477 -1.3634
5.0255 30.0778 110.367 5.6375 39.3361 -1.3655
5.0255 30.0894 110.3676 5.6392 39.324 -1.3677
5.0255 30.1016 110.3681 5.6411 39.3113 -1.37
5.0255 30.1142 110.3687 5.643 39.2982 -1.3723
5.0255 30.1274 110.3692 5.6449 39.2845 -1.3748
5.0255 30.141 110.3699 5.647 39.2703 -1.3773
5.0255 30.1552 110.3705 5.6491 39.2556 -1.38
5.0255 30.1698 110.3711 5.6513 39.2404 -1.3827
5.0255 30.185 110.3718 5.6536 39.2247 -1.3855
5.0255 30.2006 110.3725 5.6559 39.2085 -1.3884
5.0255 30.2167 110.3732 5.6583 39.1917 -1.3914
5.0255 30.2333 110.374 5.6608 39.1744 -1.3945
5.0255 30.2505 110.3747 5.6634 39.1567 -1.3977
5.0255 30.2681 110.3755 5.666 39.1383 -1.401
5.0255 30.2862 110.3763 5.6688 39.1195 -1.4044
5.0255 30.3048 110.3772 5.6716 39.1002 -1.4078
5.0255 30.3239 110.378 5.6744 39.0803 -1.4114
5.0255 30.3435 110.3789 5.6774 39.06 -1.415
5.0255 30.3636 110.3798 5.6804 39.0391 -1.4188
5.0255 30.3842 110.3807 5.6835 39.0177 -1.4226
5.0255 30.4053 110.3817 5.6866 38.9958 -1.4266
5.0255 30.4269 110.3826 5.6899 38.9734 -1.4306
5.0255 30.449 110.3836 5.6932 38.9504 -1.4347
5.0255 30.4716 110.3846 5.6966 38.927 -1.4389
5.0255 30.4947 110.3856 5.7 38.903 -1.4432
5.0255 30.5182 110.3867 5.7036 38.8785 -1.4476
5.0255 30.5423 110.3878 5.7072 38.8535 -1.4521
5.0255 30.5669 110.3889 5.7109 38.828 -1.4567
5.0255 30.5919 110.39 5.7146 38.8019 -1.4613
5.0255 30.6175 110.3911 5.7185 38.7754 -1.4661
5.0255 30.6436 110.3923 5.7224 38.7483 -1.4709
5.0255 30.6701 110.3935 5.7264 38.7207 -1.4759
5.0255 30.6972 110.3947 5.7304 38.6926 -1.4809
5.0255 30.7247 110.3959 5.7346 38.664 -1.4861
5.0255 30.7527 110.3972 5.7388 38.6349 -1.4913
5.0255 30.7813 110.3984 5.743 38.6053 -1.4966
5.0255 30.8103 110.3997 5.7474 38.5751 -1.502
5.0255 30.8398 110.4011 5.7518 38.5444 -1.5075
5.0255 30.8699 110.4024 5.7563 38.5132 -1.5131
5.0255 30.9004 110.4038 5.7609 38.4815 -1.5188
5.0255 30.9314 110.4052 5.7656 38.4493 -1.5246
5.0255 30.9629 110.4066 5.7703 38.4166 -1.5304
5.0255 30.9949 110.408 5.7751 38.3833 -1.5364
5.0255 31.0274 110.4094 5.78 38.3495 -1.5425
5.0255 31.0605 110.4109 5.7849 38.3152 -1.5486
5.0255 31.094 110.4124 5.79 38.2804 -1.5549
5.0255 31.1279 110.4139 5.7951 38.2451 -1.5612
5.0255 31.1624 110.4155 5.8002 38.2093 -1.5676
5.0255 31.1974 110.417 5.8055 38.1729 -1.5741
5.0255 31.2329 110.4186 5.8108 38.1361 -1.5807
5.0255 31.2689 110.4202 5.8162 38.0987 -1.5874
5.0255 31.3054 110.4219 5.8217 38.0608 -1.5942
5.0255 31.3424 110.4235 5.8272 38.0224 -1.6011
5.0255 31.3798 110.4252 5.8329 37.9835 -1.6081
5.0255 31.4178 110.4269 5.8386 37.944 -1.6152
5.0255 31.4563 110.4286 5.8443 37.9041 -1.6224
5.0255 31.4952 110.4303 5.8502 37.8636 -1.6296
5.0255 31.5347 110.4321 5.8561 37.8226 -1.637
5.0255 31.5746 110.4339 5.8621 37.7811 -1.6444
5.0255 31.6151 110.4357 5.8682 37.7391 -1.6519
5.0255 31.656 110.4375 5.8743 37.6966 -1.6596
5.0255 31.6975 110.4394 5.8805 37.6535 -1.6673
5.0255 31.7394 110.4412 5.8868 37.6099 -1.6751
5.0255 31.7818 110.4431 5.8932 37.5659 -1.683
5.0255 31.8248 110.4451 5.8996 37.5213 -1.691
5.0255 31.8682 110.447 5.9061 37.4762 -1.6991
5.0255 31.9121 110.449 5.9127 37.4305 -1.7073
5.0255 31.9565 110.4509 5.9194 37.3844 -1.7156
5.0255 32.0015 110.4529 5.9261 37.3377 -1.7239
5.0255 32.0469 110.455 5.9329 37.2905 -1.7324
5.0255 32.0928 110.457 5.9398 37.2429 -1.7409
5.0255 32.1392 110.4591 5.9468 37.1947 -1.7496
5.0255 32.1861 110.4612 5.9538 37.1459 -1.7583
5.0255 32.2335 110.4633 5.9609 37.0967 -1.7672
5.0255 32.2814 110.4654 5.9681 37.0469 -1.7761
5.0255 32.3298 110.4676 5.9754 36.9967 -1.7851
5.0255 32.3787 110.4698 5.9827 36.9459 -1.7942
5.0255 32.428 110.472 5.9901 36.8946 -1.8034
5.0255 32.4779 110.4742 5.9976 36.8428 -1.8127
5.0255 32.5283 110.4765 6.0052 36.7904 -1.8221
5.0255 32.5792 110.4787 6.0128 36.7376 -1.8316
5.0255 32.6305 110.481 6.0205 36.6842 -1.8411
5.0255 32.6824 110.4834 6.0283 36.6304 -1.8508
5.0255 32.7348 110.4857 6.0362 36.576 -1.8605
5.0255 32.7876 110.4881 6.0441 36.5211 -1.8704
5.0255 32.841 110.4904 6.0521 36.4656 -1.8803
5.0255 32.8948 110.4928 6.0602 36.4097 -1.8904
5.0255 32.9492 110.4953 6.0683 36.3532 -1.9005
5.0255 33.0031 110.4976 6.0764 36.2973 -1.9105
5.0255 33.0557 110.4999 6.0843 36.2427 -1.9204
5.0255 33.107 110.502 6.0921 36.1896 -1.9299
5.0255 33.1569 110.504 6.0996 36.138 -1.9393
5.0255 33.2055 110.5059 6.107 36.0878 -1.9484
5.0255 33.2528 110.5076 6.1141 36.039 -1.9573
5.0255 33.2987 110.5093 6.1211 35.9917 -1.9659
5.0255 33.3433 110.5109 6.1279 35.9458 -1.9743
5.0255 33.3865 110.5123 6.1345 35.9014 -1.9824
5.0255 33.4284 110.5137 6.1409 35.8584 -1.9903
5.0255 33.469 110.515 6.1471 35.8168 -1.998
5.0255 33.5081 110.5162 6.1531 35.7766 -2.0054
5.0255 33.546 110.5173 6.1589 35.7379 -2.0125
5.0255 33.5824 110.5184 6.1645 35.7006 -2.0194
5.0255 33.6175 110.5194 6.1699 35.6647 -2.026
5.0255 33.6513 110.5203 6.1751 35.6302 -2.0324
5.0255 33.6837 110.5211 6.1801 35.5972 -2.0386
5.0255 33.7147 110.5219 6.1849 35.5656 -2.0445
5.0255 33.7444 110.5227 6.1895 35.5353 -2.0501
5.0255 33.7726 110.5233 6.1938 35.5065 -2.0555
5.0255 33.7996 110.524 6.198 35.4792 -2.0606
5.0255 33.8251 110.5246 6.202 35.4532 -2.0655
5.0255 33.8493 110.5251 6.2057 35.4286 -2.0701
5.0255 33.8721 110.5256 6.2093 35.4055 -2.0744
5.0255 33.8935 110.526 6.2126 35.3838 -2.0785
5.0255 33.9135 110.5264 6.2157 35.3634 -2.0823
5.0255 33.9322 110.5268 6.2186 35.3445 -2.0859
5.0255 33.9495 110.5271 6.2213 35.327 -2.0892
5.0255 33.9654 110.5274 6.2238 35.3109 -2.0922
5.0255 33.9799 110.5277 6.226 35.2961 -2.095
5.0255 33.9931 110.528 6.2281 35.2828 -2.0975
5.0255 34.0048 110.5282 6.2299 35.2709 -2.0998
5.0255 34.0152 110.5283 6.2316 35.2604 -2.1018
5.0255 34.0242 110.5285 6.233 35.2513 -2.1035
5.0255 34.0318 110.5286 6.2342 35.2436 -2.1049
5.0255 34.0381 110.5287 6.2351 35.2373 -2.1061
5.0255 34.0429 110.5288 6.2359 35.2324 -2.1071
5.0255 34.0464 110.5289 6.2364 35.2289 -2.1077
5.0255 34.0484 110.5289 6.2368 35.2268 -2.1081
5.0255 34.0491 110.5289 6.2369 35.2261 -2.1082
5.0255 34.0484 110.5289 6.2368 35.2268 -2.1081
5.0255 34.0464 110.5289 6.2364 35.2289 -2.1077
5.0255 34.0429 110.5288 6.2359 35.2324 -2.1071
5.0255 34.0381 110.5287 6.2351 35.2373 -2.1061
5.0255 34.0318 110.5286 6.2342 35.2436 -2.1049
5.0255 34.0242 110.5285 6.233 35.2513 -2.1035
5.0255 34.0152 110.5283 6.2316 35.2604 -2.1018
5.0255 34.0048 110.5282 6.2299 35.2709 -2.0998
5.0255 33.9931 110.528 6.2281 35.2828 -2.0975
5.0255 33.9799 110.5277 6.226 35.2961 -2.095
5.0255 33.9654 110.5274 6.2238 35.3109 -2.0922
5.0255 33.9495 110.5271 6.2213 35.327 -2.0892
5.0255 33.9322 110.5268 6.2186 35.3445 -2.0859
5.0255 33.9135 110.5264 6.2157 35.3634 -2.0823
5.0255 33.8935 110.526 6.2126 35.3838 -2.0785
5.0255 33.8721 110.5256 6.2093 35.4055 -2.0744
5.0255 33.8493 110.5251 6.2057 35.4286 -2.0701
5.0255 33.8251 110.5246 6.202 35.4532 -2.0655
5.0255 33.7996 110.524 6.198 35.4792 -2.0606
5.0255 33.7726 110.5233 6.1938 35.5065 -2.0555
5.0255 33.7444 110.5227 6.1895 35.5353 -2.0501
5.0255 33.7147 110.5219 6.1849 35.5656 -2.0445
5.0255 33.6837 110.5211 6.1801 35.5972 -2.0386
5.0255 33.6513 110.5203 6.1751 35.6302 -2.0324
5.0255 33.6175 110.5194 6.1699 35.6647 -2.026
5.0255 33.5824 110.5184 6.1645 35.7006 -2.0194
5.0255 33.546 110.5173 6.1589 35.7379 -2.0125
5.0255 33.5081 110.5162 6.1531 35.7766 -2.0054
5.0255 33.469 110.515 6.1471 35.8168 -1.998
5.0255 33.4284 110.5137 6.1409 35.8584 -1.9903
5.0255 33.3865 110.5123 6.1345 35.9014 -1.9824
5.0255 33.3433 110.5109 6.1279 35.9458 -1.9743
5.0255 33.2987 110.5093 6.1211 35.9917 -1.9659
5.0255 33.2528 110.5076 6.1141 36.039 -1.9573
5.0255 33.2055 110.5059 6.107 36.0878 -1.9484
5.0255 33.1569 110.504 6.0996 36.138 -1.9393
5.0255 33.107 110.502 6.0921 36.1896 -1.9299
5.0255 33.0557 110.4999 6.0843 36.2427 -1.9204
5.0255 33.0031 110.4976 6.0764 36.2973 -1.9105
5.0255 32.9492 110.4953 6.0683 36.3532 -1.9005
5.0257 32.8948 110.4928 6.0602 36.4097 -1.8902
5.0262 32.841 110.4903 6.0521 36.4657 -1.8796
5.0271 32.7878 110.4878 6.0441 36.5212 -1.8689
5.0283 32.735 110.4852 6.0362 36.5762 -1.8578
5.0299 32.6828 110.4826 6.0283 36.6306 -1.8465
5.0317 32.6311 110.48 6.0205 36.6846 -1.835
5.0339 32.58 110.4773 6.0128 36.7382 -1.8233
5.0365 32.5294 110.4746 6.0052 36.7912 -1.8113
5.0393 32.4793 110.4719 5.9976 36.8437 -1.7991
5.0425 32.4297 110.4691 5.9901 36.8957 -1.7867
5.046 32.3806 110.4663 5.9827 36.9473 -1.774
5.0499 32.3321 110.4635 5.9753 36.9983 -1.7612
5.054 32.2841 110.4606 5.9681 37.0488 -1.7481
5.0584 32.2367 110.4577 5.9609 37.0989 -1.7348
5.0632 32.1897 110.4548 5.9538 37.1484 -1.7213
5.0682 32.1433 110.4518 5.9467 37.1975 -1.7076
5.0736 32.0975 110.4488 5.9397 37.2461 -1.6937
5.0792 32.0521 110.4458 5.9328 37.2941 -1.6796
5.0851 32.0073 110.4428 5.926 37.3417 -1.6653
5.0914 31.9629 110.4397 5.9193 37.3888 -1.6508
5.0979 31.9192 110.4366 5.9126 37.4354 -1.6361
5.1047 31.8759 110.4335 5.906 37.4814 -1.6212
5.1118 31.8332 110.4304 5.8994 37.527 -1.6061
5.1191 31.7909 110.4272 5.893 37.5721 -1.5909
5.1267 31.7492 110.424 5.8866 37.6167 -1.5755
5.1346 31.7081 110.4208 5.8803 37.6608 -1.5599
5.1428 31.6674 110.4176 5.874 37.7044 -1.5441
5.1512 31.6273 110.4143 5.8679 37.7475 -1.5282
5.1599 31.5877 110.411 5.8618 37.7901 -1.5121
5.1689 31.5486 110.4077 5.8558 37.8322 -1.4959
5.1781 31.51 110.4044 5.8498 37.8738 -1.4794
5.1875 31.472 110.401 5.844 37.9149 -1.4629
5.1972 31.4345 110.3977 5.8382 37.9555 -1.4462
5.2072 31.3975 110.3943 5.8325 37.9957 -1.4293
5.2174 31.361 110.3909 5.8268 38.0353 -1.4123
5.2278 31.325 110.3874 5.8212 38.0744 -1.3951
5.2385 31.2896 110.384 5.8157 38.113 -1.3778
5.2494 31.2547 110.3805 5.8103 38.1511 -1.3604
5.2605 31.2202 110.3771 5.805 38.1887 -1.3428
5.2719 31.1863 110.3736 5.7997 38.2258 -1.3251
5.2834 31.153 110.37 5.7945 38.2624 -1.3073
5.2952 31.1201 110.3665 5.7894 38.2986 -1.2893
5.3073 31.0878 110.363 5.7843 38.3342 -1.2713
5.3195 31.056 110.3594 5.7793 38.3693 -1.2531
5.3319 31.0246 110.3559 5.7744 38.4039 -1.2348
5.3446 30.9939 110.3523 5.7696 38.438 -1.2164
5.3574 30.9636 110.3487 5.7648 38.4716 -1.1978
5.3705 30.9338 110.3451 5.7601 38.5047 -1.1792
5.3837 30.9046 110.3415 5.7555 38.5373 -1.1605
5.3972 30.8758 110.3378 5.751 38.5694 -1.1416
5.4108 30.8476 110.3342 5.7465 38.601 -1.1227
5.4246 30.8199 110.3305 5.7421 38.6321 -1.1037
5.4386 30.7927 110.3269 5.7378 38.6627 -1.0846
5.4528 30.7661 110.3232 5.7336 38.6928 -1.0654
5.4672 30.7399 110.3195 5.7294 38.7224 -1.0461
5.4817 30.7142 110.3159 5.7253 38.7515 -1.0268
5.4964 30.6891 110.3122 5.7213 38.7801 -1.0073
5.5113 30.6645 110.3085 5.7173 38.8082 -0.9878
5.5263 30.6404 110.3048 5.7135 38.8357 -0.9682
5.5416 30.6168 110.3011 5.7097 38.8628 -0.9486
5.5569 30.5937 110.2974 5.7059 38.8894 -0.9289
5.5725 30.5711 110.2936 5.7023 38.9154 -0.9091
5.5881 30.549 110.2899 5.6987 38.941 -0.8893
5.604 30.5275 110.2862 5.6952 38.9661 -0.8694
5.6199 30.5064 110.2825 5.6918 38.9906 -0.8494
5.636 30.4859 110.2787 5.6884 39.0147 -0.8294
5.6523 30.4658 110.275 5.6851 39.0382 -0.8094
5.6687 30.4463 110.2713 5.6819 39.0612 -0.7893
5.6852 30.4273 110.2675 5.6788 39.0838 -0.7692
5.7019 30.4088 110.2638 5.6757 39.1058 -0.7491
5.7187 30.3908 110.2601 5.6727 39.1273 -0.7289
5.7356 30.3733 110.2563 5.6698 39.1483 -0.7087
5.7526 30.3563 110.2526 5.667 39.1688 -0.6884
5.7698 30.3398 110.2489 5.6642 39.1888 -0.6681
5.787 30.3239 110.2452 5.6615 39.2083 -0.6478
5.8044 30.3084 110.2414 5.6589 39.2273 -0.6275
5.8219 30.2934 110.2377 5.6563 39.2458 -0.6072
5.8395 30.279 110.234 5.6539 39.2637 -0.5869
5.8572 30.265 110.2303 5.6515 39.2812 -0.5665
5.875 30.2516 110.2266 5.6491 39.2981 -0.5462
5.8928 30.2387 110.2229 5.6469 39.3146 -0.5259
5.9108 30.2262 110.2192 5.6447 39.3305 -0.5055
5.9289 30.2143 110.2155 5.6426 39.3459 -0.4852
5.947 30.2029 110.2118 5.6406 39.3609 -0.4648
5.9653 30.1919 110.2082 5.6386 39.3753 -0.4445
5.9836 30.1815 110.2045 5.6368 39.3892 -0.4242
6.002 30.1716 110.2009 5.6349 39.4026 -0.4039
6.0204 30.1622 110.1972 5.6332 39.4154 -0.3836
6.039 30.1533 110.1936 5.6316 39.4278 -0.3634
6.0576 30.1449 110.19 5.63 39.4397 -0.3431
6.0762 30.1369 110.1864 5.6285 39.451 -0.3229
6.095 30.1295 110.1828 5.627 39.4619 -0.3028
6.1137 30.1226 110.1792 5.6257 39.4722 -0.2826
6.1326 30.1162 110.1756 5.6244 39.482 -0.2626
6.1515 30.1103 110.172 5.6232 39.4913 -0.2425
6.1704 30.1049 110.1685 5.622 39.5001 -0.2225
6.1894 30.1 110.165 5.6209 39.5084 -0.2026
6.2084 30.0956 110.1615 5.6199 39.5162 -0.1826
6.2275 30.0917 110.158 5.619 39.5235 -0.1628
6.2466 30.0882 110.1545 5.6182 39.5302 -0.143
6.2657 30.0853 110.151 5.6174 39.5365 -0.1233
6.2849 30.0829 110.1476 5.6167 39.5422 -0.1036
6.304 30.081 110.1441 5.6161 39.5474 -0.084
6.3232 30.0796 110.1407 5.6155 39.5521 -0.0645
6.3425 30.0786 110.1373 5.6151 39.5563 -0.045
6.3617 30.0782 110.1339 5.6146 39.56 -0.0256
6.3809 30.0783 110.1306 5.6143 39.5631 -0.0063
6.4002 30.0788 110.1273 5.6141 39.5658 0.0129
6.4195 30.0799 110.1239 5.6139 39.5679 0.032
6.4387 30.0814 110.1206 5.6138 39.5695 0.0511
6.458 30.0835 110.1174 5.6137 39.5707 0.07
6.4773 30.086 110.1141 5.6138 39.5712 0.0889
6.4965 30.0891 110.1109 5.6139 39.5713 0.1077
6.5158 30.0926 110.1077 5.6141 39.5709 0.1263
6.535 30.0966 110.1045 5.6143 39.5699 0.1449
6.5543 30.1011 110.1014 5.6147 39.5685 0.1633
6.5735 30.1061 110.0983 5.6151 39.5665 0.1817
6.5926 30.1116 110.0952 5.6156 39.564 0.1999
6.6118 30.1176 110.0921 5.6161 39.561 0.218
6.6309 30.1241 110.089 5.6168 39.5575 0.236
6.65 30.1311 110.086 5.6175 39.5534 0.2538
6.6691 30.1386 110.083 5.6182 39.5489 0.2716
6.6881 30.1465 110.0801 5.6191 39.5438 0.2892
6.7071 30.155 110.0771 5.62 39.5382 0.3067
6.726 30.1639 110.0742 5.621 39.5321 0.324
6.7449 30.1733 110.0714 5.6221 39.5255 0.3412
6.7637 30.1832 110.0685 5.6232 39.5183 0.3583
6.7825 30.1937 110.0657 5.6245 39.5107 0.3752
6.8013 30.2046 110.0629 5.6258 39.5025 0.3919
6.8199 30.2159 110.0602 5.6271 39.4938 0.4086
6.8385 30.2278 110.0575 5.6286 39.4846 0.425
6.8571 30.2402 110.0548 5.6301 39.4748 0.4413
6.8755 30.253 110.0521 5.6317 39.4646 0.4575
6.8939 30.2664 110.0495 5.6333 39.4538 0.4734
6.9122 30.2802 110.047 5.6351 39.4425 0.4892
6.9305 30.2945 110.0444 5.6369 39.4307 0.5049
6.9486 30.3093 110.0419 5.6388 39.4184 0.5204
6.9667 30.3246 110.0394 5.6407 39.4056 0.5356
6.9847 30.3403 110.037 5.6428 39.3922 0.5508
7.0025 30.3566 110.0346 5.6449 39.3783 0.5657
7.0203 30.3733 110.0323 5.6471 39.3639 0.5804
7.038 30.3906 110.03 5.6493 39.349 0.595
7.0556 30.4083 110.0277 5.6517 39.3335 0.6094
7.0731 30.4265 110.0254 5.6541 39.3176 0.6235
7.0905 30.4451 110.0232 5.6565 39.3011 0.6375
7.1077 30.4643 110.0211 5.6591 39.2841 0.6513
7.1249 30.4839 110.019 5.6617 39.2666 0.6648
7.1419 30.5041 110.0169 5.6644 39.2485 0.6782
7.1588 30.5247 110.0149 5.6672 39.2299 0.6913
7.1756 30.5458 110.0129 5.67 39.2108 0.7043
7.1923 30.5673 110.011 5.673 39.1912 0.717
7.2088 30.5894 110.0091 5.6759 39.1711 0.7295
7.2252 30.6119 110.0072 5.679 39.1504 0.7417
7.2414 30.6349 110.0054 5.6822 39.1292 0.7538
7.2576 30.6584 110.0036 5.6854 39.1075 0.7656
7.2735 30.6824 110.0019 5.6887 39.0853 0.7772
7.2894 30.7069 110.0003 5.692 39.0626 0.7885
7.305 30.7318 109.9986 5.6955 39.0393 0.7996
7.3206 30.7572 109.9971 5.699 39.0155 0.8105
7.3359 30.7831 109.9956 5.7026 38.9912 0.8211
7.3511 30.8095 109.9941 5.7062 38.9663 0.8315
7.3662 30.8363 109.9927 5.71 38.9409 0.8416
7.3811 30.8637 109.9913 5.7138 38.9151 0.8515
7.3958 30.8915 109.99 5.7177 38.8886 0.8611
7.4103 30.9198 109.9887 5.7216 38.8617 0.8704
7.4247 30.9485 109.9875 5.7256 38.8342 0.8795
7.4389 30.9778 109.9863 5.7297 38.8062 0.8883
7.4529 31.0075 109.9852 5.7339 38.7777 0.8969
7.4667 31.0377 109.9841 5.7382 38.7487 0.9052
7.4803 31.0683 109.9831 5.7425 38.7191 0.9131
7.4938 31.0995 109.9822 5.7469 38.689 0.9209
7.507 31.1311 109.9813 5.7514 38.6584 0.9283
7.5201 31.1632 109.9804 5.7559 38.6272 0.9354
7.5329 31.1957 109.9797 5.7605 38.5956 0.9423
7.5456 31.2288 109.9789 5.7652 38.5634 0.9489
7.558 31.2623 109.9783 5.77 38.5306 0.9551
7.5702 31.2963 109.9777 5.7748 38.4974 0.9611
7.5822 31.3307 109.9771 5.7798 38.4636 0.9668
7.594 31.3657 109.9766 5.7848 38.4293 0.9722
7.6056 31.4011 109.9762 5.7898 38.3944 0.9772
7.617 31.4369 109.9758 5.795 38.3591 0.982
7.6281 31.4733 109.9755 5.8002 38.3232 0.9864
7.639 31.5101 109.9752 5.8055 38.2868 0.9905
7.6497 31.5474 109.975 5.8108 38.2498 0.9943
7.6601 31.5852 109.9749 5.8163 38.2123 0.9978
7.6703 31.6234 109.9748 5.8218 38.1743 1.0009
7.6802 31.6621 109.9748 5.8273 38.1358 1.0038
7.69 31.7013 109.9749 5.833 38.0967 1.0062
7.6994 31.7409 109.975 5.8387 38.0571 1.0084
7.7086 31.781 109.9752 5.8445 38.017 1.0102
7.7176 31.8216 109.9755 5.8504 37.9763 1.0117
7.7263 31.8626 109.9758 5.8564 37.9351 1.0128
7.7347 31.9041 109.9762 5.8624 37.8934 1.0136
7.7429 31.9461 109.9766 5.8685 37.8512 1.014
7.7508 31.9886 109.9772 5.8747 37.8084 1.0141
7.7584 32.0315 109.9778 5.8809 37.7651 1.0138
7.7657 32.0749 109.9784 5.8872 37.7213 1.0131
7.7728 32.1187 109.9791 5.8936 37.6769 1.0121
7.7796 32.1631 109.9799 5.9001 37.632 1.0107
7.7861 32.2078 109.9808 5.9066 37.5865 1.009
7.7924 32.2531 109.9818 5.9133 37.5406 1.0068
7.7983 32.2988 109.9828 5.92 37.4941 1.0043
7.8039 32.345 109.9838 5.9267 37.447 1.0014
7.8093 32.3916 109.985 5.9336 37.3995 0.9982
7.8143 32.4387 109.9862 5.9405 37.3514 0.9945
7.8191 32.4863 109.9875 5.9475 37.3028 0.9905
7.8235 32.5343 109.9889 5.9545 37.2536 0.9861
7.8276 32.5828 109.9904 5.9617 37.2039 0.9812
7.8315 32.6318 109.9919 5.9689 37.1537 0.976
7.835 32.6812 109.9935 5.9762 37.1029 0.9704
7.8381 32.7311 109.9952 5.9835 37.0516 0.9643
7.841 32.7815 109.9969 5.9909 36.9998 0.9579
7.8436 32.8323 109.9988 5.9984 36.9474 0.951
7.8458 32.8835 110.0007 6.006 36.8945 0.9438
7.8476 32.9353 110.0027 6.0137 36.8411 0.9361
7.8492 32.9875 110.0047 6.0214 36.7871 0.928
7.8504 33.0401 110.0069 6.0292 36.7326 0.9195
7.8513 33.0932 110.0091 6.0371 36.6776 0.9105
7.8518 33.1468 110.0114 6.045 36.622 0.9011
7.852 33.2008 110.0138 6.053 36.5659 0.8913
7.852 33.2544 110.0162 6.061 36.5102 0.8814
7.852 33.3067 110.0184 6.0688 36.456 0.8717
7.852 33.3577 110.0205 6.0764 36.4033 0.8622
7.852 33.4073 110.0225 6.0838 36.3519 0.853
7.852 33.4556 110.0244 6.0911 36.302 0.844
7.852 33.5026 110.0261 6.0981 36.2535 0.8353
7.852 33.5483 110.0278 6.105 36.2065 0.8268
7.852 33.5926 110.0293 6.1117 36.1609 0.8185
7.852 33.6356 110.0308 6.1181 36.1167 0.8105
7.852 33.6772 110.0322 6.1244 36.0739 0.8027
7.852 33.7175 110.0335 6.1305 36.0326 0.7952
7.852 33.7564 110.0347 6.1364 35.9927 0.7879
7.852 33.794 110.0358 6.1421 35.9542 0.7808
7.852 33.8303 110.0369 6.1476 35.9171 0.774
7.852 33.8652 110.0378 6.153 35.8814 0.7675
7.852 33.8987 110.0387 6.1581 35.8472 0.7612
7.852 33.9309 110.0396 6.163 35.8143 0.7551
7.852 33.9618 110.0404 6.1677 35.7829 0.7493
7.852 33.9912 110.0411 6.1722 35.7529 0.7437
7.852 34.0193 110.0418 6.1765 35.7242 0.7384
7.852 34.0461 110.0424 6.1806 35.697 0.7334
7.852 34.0715 110.043 6.1845 35.6712 0.7286
7.852 34.0955 110.0435 6.1882 35.6468 0.7241
7.852 34.1182 110.044 6.1917 35.6238 0.7198
7.852 34.1395 110.0445 6.1949 35.6022 0.7157
7.852 34.1594 110.0449 6.198 35.582 0.712
7.852 34.1779 110.0452 6.2009 35.5631 0.7085
7.852 34.1951 110.0456 6.2035 35.5457 0.7052
7.852 34.2109 110.0459 6.2059 35.5297 0.7022
7.852 34.2254 110.0461 6.2082 35.5151 0.6995
7.852 34.2384 110.0464 6.2102 35.5019 0.697
7.852 34.2501 110.0466 6.212 35.49 0.6948
7.852 34.2604 110.0468 6.2136 35.4796 0.6928
7.852 34.2694 110.0469 6.215 35.4705 0.6911
7.852 34.277 110.0471 6.2161 35.4629 0.6897
7.852 34.2831 110.0472 6.2171 35.4566 0.6885
7.852 34.288 110.0473 6.2178 35.4517 0.6876
7.852 34.2914 110.0473 6.2184 35.4483 0.6869
7.852 34.2935 110.0473 6.2187 35.4462 0.6865
7.852 34.2942 110.0474 6.2188 35.4455 0.6864
7.852 34.2935 110.0473 6.2187 35.4462 0.6865
7.852 34.2914 110.0473 6.2184 35.4483 0.6869
7.852 34.288 110.0473 6.2178 35.4517 0.6876
7.852 34.2831 110.0472 6.2171 35.4566 0.6885
7.852 34.277 110.0471 6.2161 35.4629 0.6897
7.852 34.2694 110.0469 6.215 35.4705 0.6911
7.852 34.2604 110.0468 6.2136 35.4796 0.6928
7.852 34.2501 110.0466 6.212 35.49 0.6948
7.852 34.2384 110.0464 6.2102 35.5019 0.697
7.852 34.2254 110.0461 6.2082 35.5151 0.6995
7.852 34.2109 110.0459 6.2059 35.5297 0.7022
7.852 34.1951 110.0456 6.2035 35.5457 0.7052
7.852 34.1779 110.0452 6.2009 35.5631 0.7085
7.852 34.1594 110.0449 6.198 35.582 0.712
7.852 34.1395 110.0445 6.1949 35.6022 0.7157
7.852 34.1182 110.044 6.1917 35.6238 0.7198
7.852 34.0955 110.0435 6.1882 35.6468 0.7241
7.852 34.0715 110.043 6.1845 35.6712 0.7286
7.852 34.0461 110.0424 6.1806 35.697 0.7334
7.852 34.0193 110.0418 6.1765 35.7242 0.7384
7.852 33.9912 110.0411 6.1722 35.7529 0.7437
7.852 33.9618 110.0404 6.1677 35.7829 0.7493
7.852 33.9309 110.0396 6.163 35.8143 0.7551
7.852 33.8987 110.0387 6.1581 35.8472 0.7612
7.852 33.8652 110.0378 6.153 35.8814 0.7675
7.852 33.8303 110.0369 6.1476 35.9171 0.774
7.852 33.794 110.0358 6.1421 35.9542 0.7808
7.852 33.7564 110.0347 6.1364 35.9927 0.7879
7.852 33.7175 110.0335 6.1305 36.0326 0.7952
7.852 33.6772 110.0322 6.1244 36.0739 0.8027
7.852 33.6356 110.0308 6.1181 36.1167 0.8105
7.852 33.5926 110.0293 6.1117 36.1609 0.8185
7.852 33.5483 110.0278 6.105 36.2065 0.8268
7.852 33.5026 110.0261 6.0981 36.2535 0.8353
7.852 33.4556 110.0244 6.0911 36.302 0.844
7.852 33.4073 110.0225 6.0838 36.3519 0.853
7.852 33.3577 110.0205 6.0764 36.4033 0.8622
7.852 33.3067 110.0184 6.0688 36.456 0.8717
7.852 33.2544 110.0162 6.061 36.5102 0.8814
7.852 33.2008 110.0138 6.053 36.5659 0.8913
7.852 33.1468 110.0114 6.045 36.622 0.9013
7.852 33.0933 110.009 6.0371 36.6776 0.9112
7.852 33.0403 110.0066 6.0292 36.7327 0.921
7.852 32.9877 110.0043 6.0214 36.7873 0.9307
7.852 32.9357 110.0019 6.0137 36.8414 0.9403
7.852 32.8841 109.9996 6.006 36.8949 0.9499
7.852 32.8331 109.9973 5.9984 36.948 0.9593
7.852 32.7825 109.9951 5.9909 37.0005 0.9687
7.852 32.7325 109.9928 5.9835 37.0525 0.9779
7.852 32.6829 109.9906 5.9761 37.104 0.9871
7.852 32.6338 109.9884 5.9688 37.155 0.9962
7.852 32.5852 109.9862 5.9616 37.2055 1.0052
7.852 32.5371 109.9841 5.9545 37.2555 1.0141
7.852 32.4895 109.9819 5.9474 37.305 1.0229
7.852 32.4424 109.9798 5.9404 37.3539 1.0316
7.852 32.3958 109.9777 5.9335 37.4023 1.0402
7.852 32.3497 109.9757 5.9266 37.4503 1.0487
7.852 32.304 109.9736 5.9198 37.4977 1.0572
7.852 32.2589 109.9716 5.9131 37.5446 1.0655
7.852 32.2142 109.9696 5.9065 37.5909 1.0738
7.852 32.1701 109.9676 5.9 37.6368 1.0819
7.852 32.1264 109.9657 5.8935 37.6822 1.09
7.852 32.0833 109.9637 5.8871 37.727 1.098
7.852 32.0406 109.9618 5.8807 37.7713 1.1059
7.852 31.9984 109.9599 5.8745 37.8152 1.1137
7.852 31.9567 109.9581 5.8683 37.8585 1.1214
7.852 31.9156 109.9562 5.8621 37.9013 1.129
7.852 31.8749 109.9544 5.8561 37.9436 1.1365
7.852 31.8347 109.9526 5.8501 37.9853 1.144
7.852 31.7949 109.9508 5.8442 38.0266 1.1513
7.852 31.7557 109.9491 5.8384 38.0673 1.1586
7.852 31.717 109.9473 5.8327 38.1076 1.1657
7.852 31.6788 109.9456 5.827 38.1473 1.1728
7.852 31.641 109.9439 5.8214 38.1865 1.1798
7.852 31.6038 109.9423 5.8158 38.2252 1.1867
7.852 31.567 109.9406 5.8104 38.2634 1.1934
7.852 31.5308 109.939 5.805 38.301 1.2002
7.852 31.495 109.9374 5.7997 38.3382 1.2068
7.852 31.4597 109.9358 5.7944 38.3748 1.2133
7.852 31.425 109.9343 5.7893 38.411 1.2197
7.852 31.3907 109.9327 5.7842 38.4466 1.2261
7.852 31.3569 109.9312 5.7792 38.4817 1.2323
7.852 31.3236 109.9297 5.7742 38.5163 1.2385
7.852 31.2908 109.9282 5.7693 38.5504 1.2445
7.852 31.2585 109.9268 5.7645 38.5839 1.2505
7.852 31.2267 109.9254 5.7598 38.617 1.2564
7.852 31.1953 109.924 5.7552 38.6496 1.2622
7.852 31.1645 109.9226 5.7506 38.6816 1.2679
7.852 31.1342 109.9212 5.7461 38.7131 1.2735
7.852 31.1043 109.9199 5.7417 38.7441 1.279
7.852 31.075 109.9186 5.7373 38.7746 1.2844
7.852 31.0461 109.9173 5.733 38.8046 1.2898
7.852 31.0178 109.916 5.7288 38.8341 1.295
7.852 30.9899 109.9148 5.7247 38.863 1.3002
7.852 30.9625 109.9135 5.7206 38.8915 1.3052
7.852 30.9356 109.9123 5.7166 38.9194 1.3102
7.852 30.9092 109.9112 5.7127 38.9468 1.3151
7.852 30.8833 109.91 5.7088 38.9737 1.3199
7.852 30.8579 109.9089 5.7051 39.0001 1.3246
7.852 30.833 109.9077 5.7014 39.026 1.3292
7.852 30.8086 109.9067 5.6977 39.0514 1.3337
7.852 30.7847 109.9056 5.6942 39.0762 1.3381
7.852 30.7612 109.9045 5.6907 39.1006 1.3425
7.852 30.7383 109.9035 5.6873 39.1244 1.3467
7.852 30.7159 109.9025 5.6839 39.1477 1.3509
7.852 30.6939 109.9015 5.6807 39.1705 1.3549
7.852 30.6724 109.9006 5.6775 39.1928 1.3589
7.852 30.6515 109.8996 5.6744 39.2146 1.3628
7.852 30.631 109.8987 5.6713 39.2359 1.3665
7.852 30.611 109.8978 5.6684 39.2566 1.3702
7.852 30.5915 109.8969 5.6655 39.2769 1.3738
7.852 30.5726 109.8961 5.6627 39.2966 1.3774
7.852 30.5541 109.8952 5.6599 39.3158 1.3808
7.852 30.536 109.8944 5.6572 39.3345 1.3841
7.852 30.5185 109.8937 5.6546 39.3527 1.3873
7.852 30.5015 109.8929 5.6521 39.3704 1.3905
7.852 30.485 109.8922 5.6497 39.3876 1.3936
7.852 30.469 109.8914 5.6473 39.4042 1.3965
7.852 30.4534 109.8907 5.645 39.4204 1.3994
7.852 30.4384 109.8901 5.6427 39.436 1.4022
7.852 30.4238 109.8894 5.6406 39.4511 1.4049
7.852 30.4098 109.8888 5.6385 39.4657 1.4075
7.852 30.3962 109.8882 5.6365 39.4798 1.41
7.852 30.3831 109.8876 5.6345 39.4934 1.4124
7.852 30.3705 109.887 5.6327 39.5065 1.4147
7.852 30.3585 109.8865 5.6309 39.519 1.417
7.852 30.3469 109.886 5.6291 39.5311 1.4191
7.852 30.3358 109.8855 5.6275 39.5426 1.4211
7.852 30.3252 109.885 5.6259 39.5536 1.4231
7.852 30.315 109.8845 5.6244 39.5641 1.425
7.852 30.3054 109.8841 5.623 39.5741 1.4268
7.852 30.2963 109.8837 5.6216 39.5836 1.4284
7.852 30.2877 109.8833 5.6204 39.5926 1.43
7.852 30.2795 109.883 5.6191 39.601 1.4315
7.852 30.2719 109.8826 5.618 39.609 1.433
7.852 30.2647 109.8823 5.6169 39.6164 1.4343
7.852 30.2581 109.882 5.616 39.6233 1.4355
7.852 30.2519 109.8817 5.615 39.6297 1.4367
7.852 30.2462 109.8815 5.6142 39.6356 1.4377
7.852 30.2411 109.8812 5.6134 39.641 1.4387
7.852 30.2364 109.881 5.6127 39.6459 1.4395
7.852 30.2322 109.8808 5.6121 39.6502 1.4403
7.852 30.2285 109.8807 5.6116 39.6541 1.441
7.852 30.2253 109.8805 5.6111 39.6574 1.4416
7.852 30.2226 109.8804 5.6107 39.6602 1.4421
7.852 30.2203 109.8803 5.6103 39.6625 1.4425
7.852 30.2186 109.8802 5.6101 39.6643 1.4428
7.852 30.2174 109.8802 5.6099 39.6656 1.443
7.852 30.2166 109.8801 5.6098 39.6664 1.4432
7.852 30.2164 109.8801 5.6098 39.6666 1.4432
7.852 30.2166 109.8801 5.6098 39.6664 1.4432
7.852 30.2174 109.8802 5.6099 39.6656 1.443
7.852 30.2186 109.8802 5.6101 39.6643 1.4428
7.852 30.2203 109.8803 5.6103 39.6625 1.4425
7.852 30.2226 109.8804 5.6107 39.6602 1.4421
7.852 30.2253 109.8805 5.6111 39.6574 1.4416
7.852 30.2285 109.8807 5.6116 39.6541 1.441
7.852 30.2322 109.8808 5.6121 39.6502 1.4403
7.852 30.2364 109.881 5.6127 39.6459 1.4395
7.852 30.2411 109.8812 5.6134 39.641 1.4387
7.852 30.2462 109.8815 5.6142 39.6356 1.4377
7.852 30.2519 109.8817 5.615 39.6297 1.4367
7.852 30.2581 109.882 5.616 39.6233 1.4355
7.852 30.2647 109.8823 5.6169 39.6164 1.4343
7.852 30.2719 109.8826 5.618 39.609 1.433
7.852 30.2795 109.883 5.6191 39.601 1.4315
7.852 30.2877 109.8833 5.6204 39.5926 1.43
7.852 30.2963 109.8837 5.6216 39.5836 1.4284
7.852 30.3054 109.8841 5.623 39.5741 1.4268
7.852 30.315 109.8845 5.6244 39.5641 1.425
7.852 30.3252 109.885 5.6259 39.5536 1.4231
7.852 30.3358 109.8855 5.6275 39.5426 1.4211
7.852 30.3469 109.886 5.6291 39.5311 1.4191
7.852 30.3585 109.8865 5.6309 39.519 1.417
7.852 30.3705 109.887 5.6327 39.5065 1.4147
7.852 30.3831 109.8876 5.6345 39.4934 1.4124
7.852 30.3962 109.8882 5.6365 39.4798 1.41
7.852 30.4098 109.8888 5.6385 39.4657 1.4075
7.852 30.4238 109.8894 5.6406 39.4511 1.4049
7.852 30.4384 109.8901 5.6427 39.436 1.4022
7.852 30.4534 109.8907 5.645 39.4204 1.3994
7.852 30.469 109.8914 5.6473 39.4042 1.3965
7.852 30.485 109.8922 5.6497 39.3876 1.3936
7.852 30.5015 109.8929 5.6521 39.3704 1.3905
7.852 30.5185 109.8937 5.6546 39.3527 1.3873
7.852 30.536 109.8944 5.6572 39.3345 1.3841
7.852 30.5541 109.8952 5.6599 39.3158 1.3808
7.852 30.5726 109.8961 5.6627 39.2966 1.3774
7.852 30.5915 109.8969 5.6655 39.2769 1.3738
7.852 30.611 109.8978 5.6684 39.2566 1.3702
7.852 30.631 109.8987 5.6713 39.2359 1.3665
7.852 30.6515 109.8996 5.6744 39.2146 1.3628
7.852 30.6724 109.9006 5.6775 39.1928 1.3589
7.852 30.6939 109.9015 5.6807 39.1705 1.3549
7.852 30.7159 109.9025 5.6839 39.1477 1.3509
7.852 30.7383 109.9035 5.6873 39.1244 1.3467
7.852 30.7612 109.9045 5.6907 39.1006 1.3425
7.852 30.7847 109.9056 5.6942 39.0762 1.3381
7.852 30.8086 109.9067 5.6977 39.0514 1.3337
7.852 30.833 109.9077 5.7014 39.026 1.3292
7.852 30.8579 109.9089 5.7051 39.0001 1.3246
7.852 30.8833 109.91 5.7088 38.9737 1.3199
7.852 30.9092 109.9112 5.7127 38.9468 1.3151
7.852 30.9356 109.9123 5.7166 38.9194 1.3102
7.852 30.9625 109.9135 5.7206 38.8915 1.3052
7.852 30.9899 109.9148 5.7247 38.863 1.3002
7.852 31.0178 109.916 5.7288 38.8341 1.295
7.852 31.0461 109.9173 5.733 38.8046 1.2898
7.852 31.075 109.9186 5.7373 38.7746 1.2844
7.852 31.1043 109.9199 5.7417 38.7441 1.279
7.852 31.1342 109.9212 5.7461 38.7131 1.2735
7.852 31.1645 109.9226 5.7506 38.6816 1.2679
7.852 31.1953 109.924 5.7552 38.6496 1.2622
7.852 31.2267 109.9254 5.7598 38.617 1.2564
7.852 31.2585 109.9268 5.7645 38.5839 1.2505
7.852 31.2908 109.9282 5.7693 38.5504 1.2445
7.852 31.3236 109.9297 5.7742 38.5163 1.2385
7.852 31.3569 109.9312 5.7792 38.4817 1.2323
7.852 31.3907 109.9327 5.7842 38.4466 1.2261
7.852 31.425 109.9343 5.7893 38.411 1.2197
7.852 31.4597 109.9358 5.7944 38.3748 1.2133
7.852 31.495 109.9374 5.7997 38.3382 1.2068
7.852 31.5308 109.939 5.805 38.301 1.2002
7.852 31.567 109.9406 5.8104 38.2634 1.1934
7.852 31.6038 109.9423 5.8158 38.2252 1.1867
7.852 31.641 109.9439 5.8214 38.1865 1.1798
7.852 31.6788 109.9456 5.827 38.1473 1.1728
7.852 31.717 109.9473 5.8327 38.1076 1.1657
7.852 31.7557 109.9491 5.8384 38.0673 1.1586
7.852 31.7949 109.9508 5.8442 38.0266 1.1513
7.852 31.8347 109.9526 5.8501 37.9853 1.144
7.852 31.8749 109.9544 5.8561 37.9436 1.1365
7.852 31.9156 109.9562 5.8621 37.9013 1.129
7.852 31.9567 109.9581 5.8683 37.8585 1.1214
7.852 31.9984 109.9599 5.8745 37.8152 1.1137
7.852 32.0406 109.9618 5.8807 37.7713 1.1059
7.852 32.0833 109.9637 5.8871 37.727 1.098
7.852 32.1264 109.9657 5.8935 37.6822 1.09
7.852 32.1701 109.9676 5.9 37.6368 1.0819
7.852 32.2142 109.9696 5.9065 37.5909 1.0738
7.852 32.2589 109.9716 5.9131 37.5446 1.0655
7.852 32.304 109.9736 5.9198 37.4977 1.0572
7.852 32.3497 109.9757 5.9266 37.4503 1.0487
7.852 32.3958 109.9777 5.9335 37.4023 1.0402
7.852 32.4424 109.9798 5.9404 37.3539 1.0316
7.852 32.4895 109.9819 5.9474 37.305 1.0229
7.852 32.5371 109.9841 5.9545 37.2555 1.0141
7.852 32.5852 109.9862 5.9616 37.2055 1.0052
7.852 32.6338 109.9884 5.9688 37.155 0.9962
7.852 32.6829 109.9906 5.9761 37.104 0.9871
7.852 32.7325 109.9928 5.9835 37.0525 0.9779
7.852 32.7825 109.9951 5.9909 37.0005 0.9687
7.852 32.8331 109.9973 5.9984 36.948 0.9593
7.852 32.8841 109.9996 6.006 36.8949 0.9499
7.852 32.9357 110.0019 6.0137 36.8414 0.9403
7.852 32.9877 110.0043 6.0214 36.7873 0.9307
7.852 33.0403 110.0066 6.0292 36.7327 0.921
7.852 33.0933 110.009 6.0371 36.6776 0.9112
7.852 33.1468 110.0114 6.045 36.622 0.9013
7.852 33.2008 110.0138 6.053 36.5659 0.8913
7.852 33.2544 110.0162 6.061 36.5102 0.8814
7.852 33.3067 110.0184 6.0688 36.456 0.8717
7.852 33.3577 110.0205 6.0764 36.4033 0.8622
7.852 33.4073 110.0225 6.0838 36.3519 0.853
7.852 33.4556 110.0244 6.0911 36.302 0.844
7.852 33.5026 110.0261 6.0981 36.2535 0.8353
7.852 33.5483 110.0278 6.105 36.2065 0.8268
7.852 33.5926 110.0293 6.1117 36.1609 0.8185
7.852 33.6356 110.0308 6.1181 36.1167 0.8105
7.852 33.6772 110.0322 6.1244 36.0739 0.8027
7.852 33.7175 110.0335 6.1305 36.0326 0.7952
7.852 33.7564 110.0347 6.1364 35.9927 0.7879
7.852 33.794 110.0358 6.1421 35.9542 0.7808
7.852 33.8303 110.0369 6.1476 35.9171 0.774
7.852 33.8652 110.0378 6.153 35.8814 0.7675
7.852 33.8987 110.0387 6.1581 35.8472 0.7612
7.852 33.9309 110.0396 6.163 35.8143 0.7551
7.852 33.9618 110.0404 6.1677 35.7829 0.7493
7.852 33.9912 110.0411 6.1722 35.7529 0.7437
7.852 34.0193 110.0418 6.1765 35.7242 0.7384
7.852 34.0461 110.0424 6.1806 35.697 0.7334
7.852 34.0715 110.043 6.1845 35.6712 0.7286
7.852 34.0955 110.0435 6.1882 35.6468 0.7241
7.852 34.1182 110.044 6.1917 35.6238 0.7198
7.852 34.1395 110.0445 6.1949 35.6022 0.7157
7.852 34.1594 110.0449 6.198 35.582 0.712
7.852 34.1779 110.0452 6.2009 35.5631 0.7085
7.852 34.1951 110.0456 6.2035 35.5457 0.7052
7.852 34.2109 110.0459 6.2059 35.5297 0.7022
7.852 34.2254 110.0461 6.2082 35.5151 0.6995
7.852 34.2384 110.0464 6.2102 35.5019 0.697
7.852 34.2501 110.0466 6.212 35.49 0.6948
7.852 34.2604 110.0468 6.2136 35.4796 0.6928
7.852 34.2694 110.0469 6.215 35.4705 0.6911
7.852 34.277 110.0471 6.2161 35.4629 0.6897
7.852 34.2831 110.0472 6.2171 35.4566 0.6885
7.852 34.288 110.0473 6.2178 35.4517 0.6876
7.852 34.2914 110.0473 6.2184 35.4483 0.6869
7.852 34.2935 110.0473 6.2187 35.4462 0.6865
7.852 34.2942 110.0474 6.2188 35.4455 0.6864
7.852 34.2935 110.0473 6.2187 35.4462 0.6865
7.852 34.2914 110.0473 6.2184 35.4483 0.6869
7.852 34.288 110.0473 6.2178 35.4517 0.6876
7.852 34.2831 110.0472 6.2171 35.4566 0.6885
7.852 34.277 110.0471 6.2161 35.4629 0.6897
7.852 34.2694 110.0469 6.215 35.4705 0.6911
7.852 34.2604 110.0468 6.2136 35.4796 0.6928
7.852 34.2501 110.0466 6.212 35.49 0.6948
7.852 34.2384 110.0464 6.2102 35.5019 0.697
7.852 34.2254 110.0461 6.2082 35.5151 0.6995
7.852 34.2109 110.0459 6.2059 35.5297 0.7022
7.852 34.1951 110.0456 6.2035 35.5457 0.7052
7.852 34.1779 110.0452 6.2009 35.5631 0.7085
7.852 34.1594 110.0449 6.198 35.582 0.712
7.852 34.1395 110.0445 6.1949 35.6022 0.7157
7.852 34.1182 110.044 6.1917 35.6238 0.7198
7.852 34.0955 110.0435 6.1882 35.6468 0.7241
7.852 34.0715 110.043 6.1845 35.6712 0.7286
7.852 34.0461 110.0424 6.1806 35.697 0.7334
7.852 34.0193 110.0418 6.1765 35.7242 0.7384
7.852 33.9912 110.0411 6.1722 35.7529 0.7437
7.852 33.9618 110.0404 6.1677 35.7829 0.7493
7.852 33.9309 110.0396 6.163 35.8143 0.7551
7.852 33.8987 110.0387 6.1581 35.8472 0.7612
7.852 33.8652 110.0378 6.153 35.8814 0.7675
7.852 33.8303 110.0369 6.1476 35.9171 0.774
7.852 33.794 110.0358 6.1421 35.9542 0.7808
7.852 33.7564 110.0347 6.1364 35.9927 0.7879
7.852 33.7175 110.0335 6.1305 36.0326 0.7952
7.852 33.6772 110.0322 6.1244 36.0739 0.8027
7.852 33.6356 110.0308 6.1181 36.1167 0.8105
7.852 33.5926 110.0293 6.1117 36.1609 0.8185
7.852 33.5483 110.0278 6.105 36.2065 0.8268
7.852 33.5026 110.0261 6.0981 36.2535 0.8353
7.852 33.4556 110.0244 6.0911 36.302 0.844
7.852 33.4073 110.0225 6.0838 36.3519 0.853
7.852 33.3577 110.0205 6.0764 36.4033 0.8622
7.852 33.3067 110.0184 6.0688 36.456 0.8717
7.852 33.2544 110.0162 6.061 36.5102 0.8814
7.852 33.2008 110.0138 6.053 36.5659 0.8913
7.8521 33.1469 110.0113 6.045 36.622 0.9015
7.8526 33.0934 110.0088 6.0371 36.6777 0.9119
7.8535 33.0405 110.0062 6.0292 36.7329 0.9225
7.8547 32.9881 110.0036 6.0214 36.7876 0.9334
7.8562 32.9363 110.0009 6.0136 36.8418 0.9446
7.8581 32.885 109.9981 6.006 36.8955 0.9559
7.8602 32.8342 109.9953 5.9984 36.9488 0.9675
7.8627 32.784 109.9925 5.9908 37.0016 0.9793
7.8656 32.7343 109.9895 5.9834 37.0539 0.9914
7.8687 32.6852 109.9865 5.976 37.1057 1.0037
7.8722 32.6366 109.9835 5.9687 37.157 1.0162
7.8759 32.5885 109.9804 5.9614 37.2078 1.0289
7.88 32.541 109.9773 5.9542 37.2582 1.0418
7.8844 32.494 109.9741 5.9471 37.3081 1.055
7.8891 32.4475 109.9708 5.9401 37.3575 1.0683
7.894 32.4016 109.9676 5.9331 37.4064 1.0818
7.8993 32.3562 109.9642 5.9262 37.4548 1.0956
7.9049 32.3113 109.9608 5.9194 37.5028 1.1095
7.9107 32.267 109.9574 5.9127 37.5502 1.1237
7.9169 32.2232 109.9539 5.906 37.5972 1.138
7.9233 32.18 109.9504 5.8994 37.6437 1.1525
7.93 32.1372 109.9468 5.8929 37.6897 1.1673
7.937 32.095 109.9432 5.8864 37.7352 1.1821
7.9442 32.0533 109.9395 5.88 37.7803 1.1972
7.9518 32.0122 109.9358 5.8737 37.8248 1.2125
7.9596 31.9716 109.932 5.8674 37.8689 1.2279
7.9676 31.9315 109.9282 5.8612 37.9125 1.2435
7.9759 31.892 109.9244 5.8551 37.9555 1.2592
7.9845 31.8529 109.9205 5.8491 37.9981 1.2752
7.9933 31.8144 109.9166 5.8431 38.0403 1.2912
8.0024 31.7765 109.9127 5.8372 38.0819 1.3075
8.0117 31.739 109.9087 5.8314 38.123 1.3239
8.0213 31.7021 109.9046 5.8256 38.1637 1.3404
8.0311 31.6657 109.9006 5.8199 38.2038 1.3571
8.0412 31.6299 109.8965 5.8143 38.2435 1.374
8.0515 31.5945 109.8923 5.8088 38.2827 1.3909
8.062 31.5597 109.8882 5.8033 38.3214 1.4081
8.0727 31.5254 109.884 5.7979 38.3596 1.4253
8.0837 31.4917 109.8797 5.7926 38.3973 1.4427
8.0949 31.4584 109.8755 5.7873 38.4345 1.4602
8.1063 31.4257 109.8712 5.7821 38.4713 1.4779
8.118 31.3935 109.8668 5.777 38.5075 1.4957
8.1298 31.3618 109.8625 5.772 38.5433 1.5136
8.1419 31.3307 109.8581 5.767 38.5785 1.5316
8.1542 31.3001 109.8537 5.7621 38.6133 1.5497
8.1666 31.2699 109.8492 5.7573 38.6476 1.5679
8.1793 31.2404 109.8448 5.7525 38.6814 1.5863
8.1922 31.2113 109.8403 5.7478 38.7147 1.6047
8.2053 31.1827 109.8357 5.7432 38.7475 1.6233
8.2185 31.1547 109.8312 5.7387 38.7798 1.6419
8.232 31.1272 109.8266 5.7342 38.8116 1.6607
8.2456 31.1002 109.822 5.7298 38.8429 1.6795
8.2594 31.0737 109.8174 5.7254 38.8737 1.6984
8.2734 31.0478 109.8128 5.7212 38.904 1.7174
8.2876 31.0223 109.8081 5.717 38.9339 1.7365
8.3019 30.9974 109.8035 5.7129 38.9632 1.7557
8.3164 30.973 109.7988 5.7088 38.9921 1.775
8.3311 30.9491 109.7941 5.7049 39.0204 1.7943
8.3459 30.9257 109.7893 5.701 39.0483 1.8137
8.3609 30.9028 109.7846 5.6971 39.0756 1.8332
8.3761 30.8805 109.7798 5.6934 39.1025 1.8527
8.3914 30.8586 109.775 5.6897 39.1289 1.8723
8.4069 30.8373 109.7702 5.6861 39.1547 1.8919
8.4225 30.8165 109.7654 5.6825 39.1801 1.9116
8.4382 30.7962 109.7606 5.6791 39.205 1.9314
8.4541 30.7764 109.7558 5.6757 39.2293 1.9512
8.4702 30.7571 109.7509 5.6723 39.2532 1.9711
8.4864 30.7384 109.7461 5.6691 39.2766 1.991
8.5027 30.7201 109.7412 5.6659 39.2995 2.0109
8.5191 30.7023 109.7364 5.6628 39.3219 2.0309
8.5356 30.6851 109.7315 5.6597 39.3438 2.0509
8.5523 30.6684 109.7266 5.6568 39.3651 2.0709
8.5691 30.6522 109.7217 5.6539 39.386 2.091
8.586 30.6364 109.7168 5.651 39.4064 2.1111
8.6031 30.6212 109.7119 5.6483 39.4263 2.1312
8.6202 30.6065 109.707 5.6456 39.4457 2.1513
8.6374 30.5923 109.7021 5.643 39.4646 2.1715
8.6548 30.5787 109.6972 5.6404 39.4829 2.1916
8.6722 30.5655 109.6922 5.638 39.5008 2.2118
8.6898 30.5528 109.6873 5.6356 39.5182 2.232
8.7074 30.5406 109.6824 5.6332 39.5351 2.2522
8.7252 30.529 109.6775 5.631 39.5515 2.2723
8.743 30.5178 109.6725 5.6288 39.5673 2.2925
8.7609 30.5072 109.6676 5.6267 39.5827 2.3127
8.7789 30.497 109.6627 5.6247 39.5976 2.3328
8.7969 30.4873 109.6578 5.6227 39.6119 2.353
8.8151 30.4782 109.6529 5.6208 39.6258 2.3731
8.8333 30.4695 109.648 5.619 39.6391 2.3932
8.8516 30.4614 109.6431 5.6172 39.652 2.4133
8.8699 30.4537 109.6382 5.6156 39.6643 2.4334
8.8883 30.4466 109.6333 5.614 39.6762 2.4534
8.9068 30.44 109.6284 5.6124 39.6875 2.4734
8.9253 30.4338 109.6236 5.611 39.6984 2.4934
8.9439 30.4282 109.6187 5.6096 39.7087 2.5133
8.9626 30.423 109.6138 5.6083 39.7185 2.5332
8.9812 30.4184 109.609 5.607 39.7278 2.553
9 30.4142 109.6042 5.6058 39.7366 2.5728
9.0187 30.4105 109.5993 5.6047 39.7449 2.5926
9.0375 30.4074 109.5945 5.6037 39.7527 2.6123
9.0564 30.4047 109.5898 5.6028 39.76 2.6319
9.0752 30.4026 109.585 5.6019 39.7668 2.6515
9.0941 30.4009 109.5802 5.6011 39.7731 2.671
9.113 30.3997 109.5755 5.6003 39.7788 2.6904
9.132 30.399 109.5707 5.5997 39.7841 2.7098
9.1509 30.3988 109.566 5.5991 39.7888 2.7291
9.1699 30.3991 109.5613 5.5985 39.7931 2.7484
9.1889 30.3999 109.5567 5.5981 39.7968 2.7675
9.2079 30.4012 109.552 5.5977 39.8 2.7866
9.2269 30.403 109.5474 5.5974 39.8027 2.8056
9.2459 30.4053 109.5428 5.5972 39.8049 2.8245
9.2649 30.408 109.5382 5.597 39.8066 2.8433
9.2839 30.4113 109.5336 5.5969 39.8078 2.8621
9.3029 30.415 109.5291 5.5969 39.8084 2.8807
9.3219 30.4193 109.5245 5.597 39.8086 2.8992
9.3409 30.424 109.52 5.5971 39.8082 2.9176
9.3599 30.4292 109.5156 5.5973 39.8074 2.9359
9.3788 30.4349 109.5111 5.5976 39.806 2.9542
9.3977 30.4411 109.5067 5.5979 39.8041 2.9723
9.4166 30.4478 109.5023 5.5983 39.8017 2.9902
9.4355 30.4549 109.498 5.5988 39.7988 3.0081
9.4543 30.4626 109.4936 5.5994 39.7953 3.0258
9.4731 30.4707 109.4893 5.6 39.7914 3.0435
9.4919 30.4794 109.4851 5.6007 39.7869 3.061
9.5106 30.4885 109.4808 5.6015 39.782 3.0783
9.5293 30.4981 109.4766 5.6024 39.7765 3.0955
9.5479 30.5081 109.4725 5.6033 39.7705 3.1126
9.5665 30.5187 109.4683 5.6043 39.764 3.1296
9.585 30.5297 109.4642 5.6054 39.7569 3.1464
9.6035 30.5413 109.4602 5.6065 39.7494 3.1631
9.6219 30.5533 109.4561 5.6077 39.7413 3.1796
9.6402 30.5658 109.4522 5.609 39.7327 3.1959
9.6585 30.5787 109.4482 5.6104 39.7236 3.2121
9.6767 30.5922 109.4443 5.6118 39.714 3.2282
9.6949 30.6061 109.4404 5.6133 39.7039 3.2441
9.7129 30.6206 109.4366 5.6149 39.6933 3.2598
9.7309 30.6355 109.4328 5.6166 39.6821 3.2753
9.7488 30.6508 109.429 5.6183 39.6704 3.2907
9.7667 30.6667 109.4253 5.6201 39.6582 3.3059
9.7844 30.683 109.4217 5.622 39.6455 3.321
9.802 30.6998 109.418 5.6239 39.6322 3.3358
9.8196 30.7171 109.4145 5.6259 39.6185 3.3505
9.837 30.7349 109.4109 5.628 39.6042 3.365
9.8544 30.7531 109.4075 5.6302 39.5894 3.3792
9.8716 30.7719 109.404 5.6324 39.5741 3.3933
9.8888 30.791 109.4006 5.6347 39.5583 3.4072
9.9058 30.8107 109.3973 5.6371 39.5419 3.421
9.9227 30.8309 109.394 5.6396 39.525 3.4345
9.9395 30.8515 109.3908 5.6421 39.5076 3.4478
9.9562 30.8726 109.3876 5.6447 39.4897 3.4608
9.9727 30.8941 109.3844 5.6474 39.4713 3.4737
9.9892 30.9162 109.3813 5.6501 39.4523 3.4864
10.0055 30.9387 109.3783 5.6529 39.4328 3.4988
10.0216 30.9617 109.3753 5.6558 39.4128 3.5111
10.0377 30.9851 109.3724 5.6588 39.3923 3.5231
10.0536 31.0091 109.3695 5.6618 39.3713 3.5348
10.0693 31.0335 109.3667 5.6649 39.3497 3.5464
10.0849 31.0583 109.364 5.6681 39.3276 3.5577
10.1004 31.0837 109.3613 5.6714 39.305 3.5688
10.1157 31.1095 109.3586 5.6747 39.2818 3.5796
10.1309 31.1358 109.3561 5.6781 39.2581 3.5902
10.1459 31.1625 109.3535 5.6816 39.2339 3.6006
10.1607 31.1897 109.3511 5.6852 39.2092 3.6107
10.1754 31.2174 109.3487 5.6888 39.184 3.6205
10.1899 31.2456 109.3463 5.6925 39.1582 3.6301
10.2043 31.2742 109.3441 5.6962 39.1319 3.6394
10.2184 31.3033 109.3419 5.7001 39.1051 3.6485
10.2324 31.3328 109.3397 5.704 39.0777 3.6573
10.2462 31.3628 109.3376 5.708 39.0499 3.6659
10.2599 31.3933 109.3356 5.7121 39.0215 3.6742
10.2733 31.4242 109.3337 5.7162 38.9925 3.6822
10.2866 31.4556 109.3318 5.7204 38.9631 3.6899
10.2996 31.4875 109.33 5.7247 38.9331 3.6973
10.3125 31.5198 109.3283 5.729 38.9026 3.7045
10.3252 31.5526 109.3266 5.7335 38.8716 3.7114
10.3377 31.5859 109.325 5.738 38.84 3.718
10.3499 31.6196 109.3235 5.7426 38.8079 3.7243
10.362 31.6538 109.322 5.7472 38.7753 3.7303
10.3738 31.6884 109.3206 5.7519 38.7421 3.736
10.3855 31.7235 109.3193 5.7567 38.7084 3.7414
10.3969 31.7591 109.3181 5.7616 38.6742 3.7465
10.4081 31.7951 109.3169 5.7665 38.6395 3.7513
10.4191 31.8316 109.3158 5.7716 38.6042 3.7558
10.4298 31.8686 109.3148 5.7767 38.5684 3.7599
10.4404 31.9059 109.3139 5.7818 38.532 3.7638
10.4506 31.9438 109.3131 5.7871 38.4952 3.7673
10.4607 31.9821 109.3123 5.7924 38.4578 3.7705
10.4705 32.0209 109.3116 5.7978 38.4198 3.7734
10.4801 32.0601 109.311 5.8032 38.3814 3.776
10.4894 32.0998 109.3105 5.8087 38.3424 3.7782
10.4985 32.1399 109.31 5.8144 38.3028 3.7801
10.5073 32.1805 109.3096 5.82 38.2628 3.7816
10.5159 32.2216 109.3094 5.8258 38.2222 3.7828
10.5242 32.2631 109.3092 5.8316 38.1811 3.7837
10.5323 32.305 109.309 5.8375 38.1394 3.7842
10.5401 32.3474 109.309 5.8435 38.0972 3.7844
10.5476 32.3903 109.3091 5.8495 38.0545 3.7842
10.5548 32.4336 109.3092 5.8557 38.0112 3.7837
10.5618 32.4774 109.3095 5.8619 37.9674 3.7828
10.5685 32.5216 109.3098 5.8681 37.923 3.7815
10.5749 32.5662 109.3102 5.8745 37.8782 3.7799
10.5811 32.6113 109.3107 5.8809 37.8328 3.7779
10.5869 32.6569 109.3113 5.8874 37.7868 3.7755
10.5925 32.7029 109.312 5.8939 37.7403 3.7727
10.5978 32.7494 109.3128 5.9006 37.6933 3.7696
10.6028 32.7963 109.3137 5.9073 37.6458 3.7661
10.6074 32.8437 109.3146 5.9141 37.5977 3.7622
10.6118 32.8915 109.3157 5.9209 37.549 3.7579
10.6159 32.9397 109.3168 5.9279 37.4999 3.7532
10.6197 32.9884 109.3181 5.9349 37.4502 3.7482
10.6231 33.0376 109.3195 5.942 37.3999 3.7427
10.6263 33.0872 109.3209 5.9491 37.3491 3.7368
10.6291 33.1372 109.3225 5.9563 37.2978 3.7306
10.6316 33.1877 109.3241 5.9636 37.2459 3.7239
10.6338 33.2386 109.3258 5.971 37.1935 3.7168
10.6356 33.29 109.3277 5.9785 37.1406 3.7093
10.6371 33.3418 109.3297 5.986 37.0871 3.7014
10.6383 33.3941 109.3317 5.9936 37.0331 3.6931
10.6392 33.4468 109.3339 6.0013 36.9785 3.6843
10.6397 33.4999 109.3361 6.009 36.9234 3.6751
10.6399 33.5535 109.3385 6.0168 36.8678 3.6655
10.6399 33.6066 109.3409 6.0246 36.8126 3.6558
10.6399 33.6585 109.3431 6.0322 36.7588 3.6463
10.6399 33.709 109.3452 6.0396 36.7065 3.6371
10.6399 33.7582 109.3472 6.0469 36.6555 3.628
10.6399 33.8062 109.349 6.0539 36.6061 3.6193
10.6399 33.8527 109.3508 6.0608 36.558 3.6107
10.6399 33.898 109.3524 6.0675 36.5113 3.6024
10.6399 33.9419 109.354 6.074 36.4661 3.5943
10.6399 33.9846 109.3554 6.0803 36.4223 3.5864
10.6399 34.0258 109.3568 6.0864 36.3799 3.5788
10.6399 34.0658 109.3581 6.0924 36.3388 3.5714
10.6399 34.1044 109.3593 6.0981 36.2993 3.5643
10.6399 34.1417 109.3604 6.1037 36.2611 3.5574
10.6399 34.1776 109.3615 6.1091 36.2243 3.5507
10.6399 34.2123 109.3624 6.1142 36.1889 3.5443
10.6399 34.2455 109.3633 6.1192 36.1549 3.5382
10.6399 34.2774 109.3642 6.124 36.1224 3.5322
10.6399 34.308 109.365 6.1286 36.0912 3.5266
10.6399 34.3372 109.3657 6.133 36.0614 3.5211
10.6399 34.3651 109.3664 6.1372 36.033 3.5159
10.6399 34.3916 109.367 6.1412 36.006 3.511
10.6399 34.4168 109.3676 6.145 35.9804 3.5063
10.6399 34.4406 109.3681 6.1485 35.9562 3.5019
10.6399 34.4631 109.3686 6.1519 35.9334 3.4977
10.6399 34.4842 109.369 6.1551 35.9119 3.4937
10.6399 34.504 109.3694 6.1581 35.8919 3.4901
10.6399 34.5224 109.3698 6.1609 35.8732 3.4866
10.6399 34.5394 109.3701 6.1635 35.856 3.4834
10.6399 34.5551 109.3704 6.1659 35.8401 3.4805
10.6399 34.5694 109.3707 6.168 35.8256 3.4778
10.6399 34.5824 109.3709 6.17 35.8125 3.4754
10.6399 34.594 109.3711 6.1717 35.8007 3.4732
10.6399 34.6042 109.3713 6.1733 35.7904 3.4713
10.6399 34.6131 109.3715 6.1746 35.7814 3.4697
10.6399 34.6206 109.3716 6.1758 35.7738 3.4683
10.6399 34.6267 109.3717 6.1767 35.7676 3.4671
10.6399 34.6315 109.3718 6.1774 35.7628 3.4662
10.6399 34.6349 109.3719 6.178 35.7593 3.4656
10.6399 34.6369 109.3719 6.1783 35.7572 3.4652
10.6399 34.6376 109.3719 6.1784 35.7565 3.4651
10.6399 34.6369 109.3719 6.1783 35.7572 3.4652
10.6399 34.6349 109.3719 6.178 35.7593 3.4656
10.6399 34.6315 109.3718 6.1774 35.7628 3.4662
10.6399 34.6267 109.3717 6.1767 35.7676 3.4671
10.6399 34.6206 109.3716 6.1758 35.7738 3.4683
10.6399 34.6131 109.3715 6.1746 35.7814 3.4697
10.6399 34.6042 109.3713 6.1733 35.7904 3.4713
10.6399 34.594 109.3711 6.1717 35.8007 3.4732
10.6399 34.5824 109.3709 6.17 35.8125 3.4754
10.6399 34.5694 109.3707 6.168 35.8256 3.4778
10.6399 34.5551 109.3704 6.1659 35.8401 3.4805
10.6399 34.5394 109.3701 6.1635 35.856 3.4834
10.6399 34.5224 109.3698 6.1609 35.8732 3.4866
10.6399 34.504 109.3694 6.1581 35.8919 3.4901
10.6399 34.4842 109.369 6.1551 35.9119 3.4937
10.6399 34.4631 109.3686 6.1519 35.9334 3.4977
10.6399 34.4406 109.3681 6.1485 35.9562 3.5019
10.6399 34.4168 109.3676 6.145 35.9804 3.5063
10.6399 34.3916 109.367 6.1412 36.006 3.511
10.6399 34.3651 109.3664 6.1372 36.033 3.5159
10.6399 34.3372 109.3657 6.133 36.0614 3.5211
10.6399 34.308 109.365 6.1286 36.0912 3.5266
10.6399 34.2774 109.3642 6.124 36.1224 3.5322
10.6399 34.2455 109.3633 6.1192 36.1549 3.5382
10.6399 34.2123 109.3624 6.1142 36.1889 3.5443
10.6399 34.1776 109.3615 6.1091 36.2243 3.5507
10.6399 34.1417 109.3604 6.1037 36.2611 3.5574
10.6399 34.1044 109.3593 6.0981 36.2993 3.5643
10.6399 34.0658 109.3581 6.0924 36.3388 3.5714
10.6399 34.0258 109.3568 6.0864 36.3799 3.5788
10.6399 33.9846 109.3554 6.0803 36.4223 3.5864
10.6399 33.9419 109.354 6.074 36.4661 3.5943
10.6399 33.898 109.3524 6.0675 36.5113 3.6024
10.6399 33.8527 109.3508 6.0608 36.558 3.6107
10.6399 33.8062 109.349 6.0539 36.6061 3.6193
10.6399 33.7582 109.3472 6.0469 36.6555 3.628
10.6399 33.709 109.3452 6.0396 36.7065 3.6371
10.6399 33.6585 109.3431 6.0322 36.7588 3.6463
10.6399 33.6066 109.3409 6.0246 36.8126 3.6558
10.6399 33.5535 109.3385 6.0168 36.8678 3.6655
10.6398 33.4998 109.3361 6.009 36.9236 3.6753
10.6397 33.4463 109.3337 6.0011 36.9792 3.685
10.6396 33.393 109.3313 5.9932 37.0345 3.6947
10.6394 33.3399 109.329 5.9853 37.0896 3.7043
10.6391 33.2871 109.3266 5.9774 37.1445 3.7138
10.6387 33.2344 109.3243 5.9695 37.1992 3.7232
10.6383 33.182 109.322 5.9616 37.2537 3.7326
10.6378 33.1298 109.3197 5.9536 37.3079 3.7419
10.6373 33.0777 109.3175 5.9457 37.3619 3.7512
10.6367 33.0259 109.3152 5.9377 37.4157 3.7604
10.636 32.9743 109.313 5.9297 37.4693 3.7695
10.6353 32.9229 109.3108 5.9217 37.5226 3.7785
10.6345 32.8717 109.3086 5.9138 37.5757 3.7875
10.6337 32.8207 109.3064 5.9057 37.6287 3.7964
10.6328 32.7699 109.3042 5.8977 37.6813 3.8053
10.6318 32.7193 109.3021 5.8897 37.7338 3.8141
10.6308 32.669 109.3 5.8817 37.786 3.8228
10.6297 32.6188 109.2979 5.8736 37.838 3.8314
10.6285 32.5688 109.2958 5.8656 37.8899 3.84
10.6273 32.5191 109.2937 5.8575 37.9414 3.8485
10.626 32.4695 109.2917 5.8494 37.9928 3.857
10.6247 32.4202 109.2896 5.8413 38.0439 3.8654
10.6232 32.371 109.2876 5.8332 38.0949 3.8737
10.6218 32.3221 109.2856 5.8251 38.1456 3.8819
10.6203 32.2733 109.2836 5.817 38.1961 3.8901
10.6187 32.2248 109.2817 5.8089 38.2463 3.8983
10.617 32.1765 109.2797 5.8007 38.2964 3.9063
10.6153 32.1283 109.2778 5.7926 38.3462 3.9143
10.6135 32.0804 109.2759 5.7844 38.3959 3.9222
10.6117 32.0327 109.274 5.7763 38.4453 3.9301
10.6098 31.9851 109.2721 5.7681 38.4945 3.9379
10.6079 31.9378 109.2702 5.7599 38.5434 3.9457
10.6059 31.8907 109.2684 5.7517 38.5922 3.9533
10.6038 31.8438 109.2666 5.7435 38.6407 3.9609
10.6017 31.797 109.2648 5.7353 38.6891 3.9685
10.5995 31.7505 109.263 5.727 38.7372 3.976
10.5973 31.7042 109.2612 5.7188 38.7851 3.9834
10.595 31.6581 109.2594 5.7106 38.8328 3.9907
10.5926 31.6121 109.2577 5.7023 38.8803 3.998
10.5902 31.5664 109.256 5.694 38.9275 4.0052
10.5877 31.5209 109.2543 5.6858 38.9746 4.0124
10.5851 31.4755 109.2526 5.6775 39.0214 4.0195
10.5825 31.4304 109.2509 5.6692 39.0681 4.0265
10.5799 31.3855 109.2492 5.6609 39.1145 4.0335
10.5772 31.3407 109.2476 5.6526 39.1607 4.0404
10.5744 31.2962 109.246 5.6442 39.2067 4.0473
10.5716 31.2518 109.2444 5.6359 39.2525 4.0541
10.5687 31.2077 109.2428 5.6276 39.2981 4.0608
10.5657 31.1637 109.2412 5.6192 39.3434 4.0674
10.5627 31.1199 109.2397 5.6108 39.3886 4.074
10.5597 31.0764 109.2381 5.6025 39.4336 4.0806
10.5566 31.033 109.2366 5.5941 39.4783 4.087
10.5534 30.9898 109.2351 5.5857 39.5228 4.0935
10.5501 30.9468 109.2336 5.5773 39.5672 4.0998
10.5469 30.904 109.2321 5.5689 39.6113 4.1061
10.5435 30.8614 109.2307 5.5605 39.6552 4.1123
10.5401 30.819 109.2293 5.5521 39.6989 4.1185
10.5366 30.7768 109.2278 5.5436 39.7424 4.1246
10.5331 30.7348 109.2264 5.5352 39.7857 4.1306
10.5296 30.693 109.225 5.5267 39.8288 4.1366
10.5259 30.6513 109.2237 5.5183 39.8717 4.1425
10.5222 30.6099 109.2223 5.5098 39.9144 4.1484
10.5185 30.5686 109.221 5.5013 39.9569 4.1542
10.5147 30.5276 109.2196 5.4928 39.9991 4.1599
10.5109 30.4867 109.2183 5.4844 40.0412 4.1656
10.507 30.446 109.217 5.4759 40.0831 4.1712
10.503 30.4055 109.2158 5.4673 40.1247 4.1768
10.499 30.3652 109.2145 5.4588 40.1662 4.1823
10.4949 30.3251 109.2133 5.4503 40.2074 4.1877
10.4908 30.2852 109.212 5.4418 40.2485 4.1931
10.4866 30.2454 109.2108 5.4332 40.2893 4.1984
10.4823 30.2059 109.2096 5.4247 40.33 4.2036
10.4781 30.1665 109.2085 5.4161 40.3704 4.2088
10.4737 30.1273 109.2073 5.4075 40.4107 4.214
10.4693 30.0884 109.2061 5.3989 40.4507 4.219
10.4648 30.0496 109.205 5.3904 40.4906 4.2241
10.4603 30.011 109.2039 5.3818 40.5302 4.229
10.4558 29.9725 109.2028 5.3732 40.5697 4.2339
10.4512 29.9343 109.2017 5.3645 40.6089 4.2388
10.4465 29.8962 109.2007 5.3559 40.648 4.2435
10.4418 29.8584 109.1996 5.3473 40.6868 4.2483
10.437 29.8207 109.1986 5.3387 40.7255 4.2529
10.4321 29.7832 109.1975 5.33 40.7639 4.2575
10.4273 29.7459 109.1965 5.3214 40.8022 4.2621
10.4223 29.7088 109.1955 5.3127 40.8403 4.2666
10.4173 29.6718 109.1946 5.304 40.8781 4.271
10.4123 29.635 109.1936 5.2954 40.9158 4.2754
10.4072 29.5985 109.1927 5.2867 40.9533 4.2797
10.402 29.5621 109.1917 5.278 40.9905 4.2839
10.3968 29.5259 109.1908 5.2693 41.0276 4.2881
10.3916 29.4898 109.1899 5.2606 41.0645 4.2923
10.3863 29.454 109.1891 5.2519 41.1012 4.2963
10.3809 29.4183 109.1882 5.2432 41.1377 4.3004
10.3755 29.3828 109.1873 5.2344 41.174 4.3043
10.37 29.3475 109.1865 5.2257 41.2101 4.3083
10.3645 29.3124 109.1857 5.2169 41.246 4.3121
10.359 29.2775 109.1849 5.2082 41.2817 4.3159
10.3533 29.2427 109.1841 5.1994 41.3173 4.3196
10.3477 29.2081 109.1833 5.1907 41.3526 4.3233
10.342 29.1737 109.1826 5.1819 41.3877 4.327
10.3362 29.1395 109.1818 5.1731 41.4227 4.3305
10.3304 29.1055 109.1811 5.1643 41.4575 4.334
10.3245 29.0716 109.1804 5.1555 41.492 4.3375
10.3186 29.0379 109.1797 5.1467 41.5264 4.3409
10.3126 29.0044 109.179 5.1379 41.5606 4.3443
10.3066 28.9711 109.1783 5.1291 41.5946 4.3475
10.3005 28.9379 109.1777 5.1203 41.6284 4.3508
10.2944 28.9049 109.177 5.1115 41.662 4.354
10.2882 28.8721 109.1764 5.1026 41.6955 4.3571
10.282 28.8395 109.1758 5.0938 41.7287 4.3602
10.2757 28.8071 109.1752 5.0849 41.7618 4.3632
10.2694 28.7748 109.1746 5.0761 41.7946 4.3661
10.263 28.7427 109.1741 5.0672 41.8273 4.369
10.2566 28.7108 109.1735 5.0583 41.8598 4.3719
10.2501 28.679 109.173 5.0494 41.8921 4.3747
10.2436 28.6475 109.1724 5.0406 41.9242 4.3774
10.237 28.6161 109.1719 5.0317 41.9561 4.3801
10.2304 28.5849 109.1714 5.0228 41.9879 4.3827
10.2237 28.5538 109.171 5.0139 42.0195 4.3853
10.217 28.5229 109.1705 5.005 42.0508 4.3878
10.2102 28.4922 109.1701 4.996 42.082 4.3903
10.2034 28.4617 109.1696 4.9871 42.113 4.3927
10.1966 28.4313 109.1692 4.9782 42.1438 4.3951
10.1897 28.4012 109.1688 4.9692 42.1745 4.3974
10.1827 28.3711 109.1684 4.9603 42.2049 4.3996
10.1757 28.3413 109.168 4.9514 42.2352 4.4018
10.1686 28.3116 109.1677 4.9424 42.2653 4.404
10.1615 28.2821 109.1673 4.9334 42.2952 4.4061
10.1544 28.2528 109.167 4.9245 42.3249 4.4081
10.1472 28.2236 109.1667 4.9155 42.3545 4.4101
10.1399 28.1946 109.1664 4.9065 42.3838 4.412
10.1326 28.1658 109.1661 4.8975 42.413 4.4139
10.1253 28.1372 109.1658 4.8885 42.442 4.4157
10.1179 28.1087 109.1655 4.8795 42.4708 4.4175
10.1105 28.0804 109.1653 4.8705 42.4994 4.4192
10.103 28.0522 109.165 4.8615 42.5279 4.4209
10.0955 28.0243 109.1648 4.8525 42.5562 4.4225
10.0879 27.9964 109.1646 4.8435 42.5843 4.4241
10.0803 27.9688 109.1644 4.8344 42.6122 4.4256
10.0726 27.9413 109.1642 4.8254 42.6399 4.4271
10.0649 27.914 109.1641 4.8164 42.6675 4.4285
10.0572 27.8869 109.1639 4.8073 42.6949 4.4298
10.0494 27.8599 109.1638 4.7983 42.7221 4.4311
10.0415 27.8331 109.1637 4.7892 42.7491 4.4324
10.0336 27.8064 109.1636 4.7801 42.776 4.4336
10.0257 27.78 109.1635 4.7711 42.8027 4.4348
10.0177 27.7537 109.1634 4.762 42.8292 4.4359
10.0097 27.7275 109.1633 4.7529 42.8555 4.4369
10.0016 27.7015 109.1632 4.7438 42.8816 4.4379
9.9935 27.6757 109.1632 4.7347 42.9076 4.4389
9.9853 27.65 109.1632 4.7256 42.9334 4.4398
9.9771 27.6245 109.1632 4.7165 42.959 4.4406
9.9689 27.5992 109.1632 4.7074 42.9845 4.4414
9.9606 27.574 109.1632 4.6983 43.0098 4.4422
9.9522 27.549 109.1632 4.6892 43.0349 4.4428
9.9439 27.5242 109.1632 4.6801 43.0598 4.4435
9.9354 27.4995 109.1633 4.671 43.0846 4.4441
9.927 27.475 109.1633 4.6618 43.1091 4.4446
9.9185 27.4506 109.1634 4.6527 43.1336 4.4451
9.9099 27.4264 109.1635 4.6435 43.1578 4.4456
9.9013 27.4024 109.1636 4.6344 43.1819 4.446
9.8926 27.3785 109.1637 4.6252 43.2058 4.4463
9.884 27.3548 109.1639 4.6161 43.2295 4.4466
9.8752 27.3312 109.164 4.6069 43.2531 4.4469
9.8665 27.3078 109.1642 4.5977 43.2765 4.4471
9.8576 27.2846 109.1643 4.5886 43.2997 4.4473
9.8488 27.2615 109.1645 4.5794 43.3227 4.4474
9.8399 27.2386 109.1647 4.5702 43.3456 4.4474
9.8309 27.2158 109.1649 4.561 43.3683 4.4474
9.8219 27.1932 109.1651 4.5518 43.3909 4.4474
9.8129 27.1707 109.1654 4.5426 43.4132 4.4473
9.8038 27.1484 109.1656 4.5334 43.4355 4.4472
9.7947 27.1263 109.1659 4.5242 43.4575 4.447
9.7856 27.1043 109.1662 4.515 43.4794 4.4467
9.7764 27.0825 109.1664 4.5058 43.5011 4.4465
9.7671 27.0608 109.1667 4.4966 43.5226 4.4461
9.7579 27.0393 109.1671 4.4874 43.544 4.4458
9.7485 27.0179 109.1674 4.4781 43.5652 4.4453
9.7392 26.9967 109.1677 4.4689 43.5863 4.4449
9.7298 26.9757 109.1681 4.4597 43.6071 4.4444
9.7203 26.9548 109.1684 4.4504 43.6278 4.4438
9.7109 26.934 109.1688 4.4412 43.6484 4.4432
9.7013 26.9134 109.1692 4.4319 43.6688 4.4425
9.6918 26.893 109.1696 4.4227 43.689 4.4418
9.6822 26.8727 109.17 4.4134 43.7091 4.4411
9.6725 26.8526 109.1704 4.4042 43.729 4.4403
9.6628 26.8326 109.1709 4.3949 43.7487 4.4394
9.6531 26.8128 109.1713 4.3856 43.7683 4.4385
9.6433 26.7931 109.1718 4.3764 43.7877 4.4376
9.6335 26.7736 109.1722 4.3671 43.8069 4.4366
9.6237 26.7542 109.1727 4.3578 43.826 4.4356
9.6138 26.735 109.1732 4.3485 43.845 4.4345
9.6039 26.7159 109.1737 4.3392 43.8637 4.4334
9.5939 26.697 109.1742 4.3299 43.8823 4.4322
9.5839 26.6782 109.1748 4.3206 43.9008 4.431
9.5739 26.6596 109.1753 4.3113 43.9191 4.4298
9.5638 26.6411 109.1759 4.302 43.9372 4.4285
9.5537 26.6228 109.1765 4.2927 43.9552 4.4271
9.5435 26.6046 109.177 4.2834 43.973 4.4257
9.5333 26.5866 109.1776 4.2741 43.9906 4.4243
9.5231 26.5687 109.1782 4.2648 44.0081 4.4228
9.5128 26.551 109.1789 4.2555 44.0255 4.4213
9.5025 26.5334 109.1795 4.2461 44.0427 4.4197
9.4922 26.516 109.1801 4.2368 44.0597 4.4181
9.4818 26.4987 109.1808 4.2275 44.0766 4.4164
9.4714 26.4815 109.1814 4.2181 44.0933 4.4147
9.4609 26.4645 109.1821 4.2088 44.1098 4.413
9.4504 26.4477 109.1828 4.1995 44.1262 4.4112
9.4399 26.431 109.1835 4.1901 44.1425 4.4093
9.4293 26.4144 109.1842 4.1808 44.1586 4.4075
9.4187 26.398 109.185 4.1714 44.1745 4.4055
9.408 26.3817 109.1857 4.1621 44.1903 4.4036
9.3974 26.3656 109.1864 4.1527 44.2059 4.4016
9.3866 26.3496 109.1872 4.1433 44.2214 4.3995
9.3759 26.3338 109.188 4.134 44.2367 4.3974
9.3651 26.3181 109.1887 4.1246 44.2519 4.3953
9.3543 26.3025 109.1895 4.1152 44.2669 4.3931
9.3434 26.2871 109.1903 4.1059 44.2818 4.3909
9.3325 26.2718 109.1912 4.0965 44.2965 4.3886
9.3216 26.2567 109.192 4.0871 44.311 4.3863
9.3106 26.2417 109.1928 4.0777 44.3255 4.3839
9.2996 26.2269 109.1937 4.0684 44.3397 4.3815
9.2885 26.2122 109.1945 4.059 44.3538 4.3791
9.2774 26.1976 109.1954 4.0496 44.3678 4.3766
9.2663 26.1832 109.1963 4.0402 44.3816 4.3741
9.2552 26.1689 109.1972 4.0308 44.3953 4.3715
9.244 26.1547 109.1981 4.0214 44.4088 4.3689
9.2328 26.1407 109.199 4.012 44.4221 4.3663
9.2215 26.1269 109.1999 4.0026 44.4354 4.3636
9.2102 26.1131 109.2009 3.9932 44.4484 4.3609
9.1989 26.0996 109.2018 3.9838 44.4614 4.3581
9.1876 26.0861 109.2028 3.9744 44.4741 4.3553
9.1762 26.0728 109.2037 3.965 44.4868 4.3524
9.1647 26.0596 109.2047 3.9556 44.4992 4.3496
9.1533 26.0466 109.2057 3.9462 44.5116 4.3466
9.1418 26.0337 109.2067 3.9367 44.5238 4.3436
9.1303 26.0209 109.2077 3.9273 44.5358 4.3406
9.1187 26.0083 109.2088 3.9179 44.5477 4.3376
9.1071 25.9958 109.2098 3.9085 44.5595 4.3345
9.0955 25.9834 109.2108 3.8991 44.5711 4.3313
9.0838 25.9712 109.2119 3.8896 44.5825 4.3282
9.0721 25.9591 109.213 3.8802 44.5938 4.3249
9.0604 25.9472 109.2141 3.8708 44.605 4.3217
9.0486 25.9354 109.2151 3.8613 44.6161 4.3184
9.0368 25.9237 109.2162 3.8519 44.6269 4.3151
9.025 25.9121 109.2173 3.8425 44.6377 4.3117
9.0132 25.9007 109.2185 3.833 44.6483 4.3083
9.0013 25.8894 109.2196 3.8236 44.6588 4.3048
8.9893 25.8783 109.2207 3.8141 44.6691 4.3013
8.9774 25.8673 109.2219 3.8047 44.6793 4.2978
8.9654 25.8564 109.2231 3.7953 44.6893 4.2942
8.9534 25.8456 109.2242 3.7858 44.6992 4.2906
8.9413 25.835 109.2254 3.7764 44.709 4.287
8.9293 25.8245 109.2266 3.7669 44.7186 4.2833
8.9171 25.8142 109.2278 3.7575 44.7281 4.2795
8.905 25.8039 109.229 3.748 44.7374 4.2758
8.8928 25.7938 109.2302 3.7386 44.7466 4.272
8.8806 25.7839 109.2315 3.7291 44.7557 4.2681
8.8684 25.774 109.2327 3.7196 44.7646 4.2643
8.8561 25.7643 109.234 3.7102 44.7734 4.2603
8.8438 25.7547 109.2352 3.7007 44.7821 4.2564
8.8315 25.7453 109.2365 3.6913 44.7906 4.2524
8.8191 25.736 109.2378 3.6818 44.799 4.2484
8.8067 25.7268 109.2391 3.6723 44.8072 4.2443
8.7943 25.7177 109.2404 3.6629 44.8153 4.2402
8.7819 25.7088 109.2417 3.6534 44.8233 4.2361
8.7694 25.7 109.243 3.644 44.8311 4.2319
8.7569 25.6913 109.2444 3.6345 44.8388 4.2277
8.7444 25.6827 109.2457 3.625 44.8464 4.2234
8.7318 25.6743 109.2471 3.6156 44.8538 4.2191
8.7192 25.666 109.2484 3.6061 44.8611 4.2148
8.7066 25.6578 109.2498 3.5966 44.8683 4.2104
8.6939 25.6497 109.2512 3.5871 44.8753 4.206
8.6812 25.6418 109.2526 3.5777 44.8822 4.2016
8.6685 25.634 109.254 3.5682 44.889 4.1971
8.6558 25.6263 109.2554 3.5587 44.8956 4.1926
8.643 25.6188 109.2568 3.5493 44.9021 4.1881
8.6302 25.6113 109.2582 3.5398 44.9085 4.1835
8.6174 25.604 109.2597 3.5303 44.9147 4.1789
8.6045 25.5968 109.2611 3.5208 44.9208 4.1742
8.5916 25.5898 109.2626 3.5114 44.9268 4.1695
8.5787 25.5828 109.264 3.5019 44.9326 4.1648
8.5658 25.576 109.2655 3.4924 44.9383 4.1601
8.5528 25.5693 109.267 3.4829 44.9439 4.1553
8.5398 25.5627 109.2685 3.4735 44.9494 4.1504
8.5268 25.5563 109.27 3.464 44.9547 4.1456
8.5137 25.5499 109.2715 3.4545 44.9599 4.1407
8.5007 25.5437 109.273 3.445 44.965 4.1358
8.4876 25.5376 109.2746 3.4355 44.9699 4.1308
8.4744 25.5317 109.2761 3.4261 44.9747 4.1258
8.4613 25.5258 109.2777 3.4166 44.9794 4.1208
8.4481 25.5201 109.2792 3.4071 44.984 4.1157
8.4349 25.5145 109.2808 3.3976 44.9884 4.1106
8.4216 25.509 109.2824 3.3882 44.9927 4.1055
8.4084 25.5036 109.284 3.3787 44.9969 4.1003
8.3951 25.4983 109.2856 3.3692 45.001 4.0951
8.3818 25.4932 109.2872 3.3597 45.0049 4.0899
8.3684 25.4882 109.2888 3.3502 45.0087 4.0846
8.3551 25.4833 109.2904 3.3408 45.0124 4.0793
8.3417 25.4785 109.292 3.3313 45.0159 4.0739
8.3282 25.4738 109.2937 3.3218 45.0194 4.0686
8.3148 25.4692 109.2953 3.3123 45.0227 4.0632
8.3013 25.4648 109.297 3.3029 45.0259 4.0577
8.2878 25.4605 109.2986 3.2934 45.0289 4.0523
8.2743 25.4563 109.3003 3.2839 45.0319 4.0468
8.2608 25.4522 109.302 3.2744 45.0347 4.0412
8.2472 25.4482 109.3037 3.265 45.0374 4.0357
8.2336 25.4443 109.3054 3.2555 45.04 4.0301
8.22 25.4406 109.3071 3.246 45.0424 4.0244
8.2063 25.4369 109.3088 3.2365 45.0448 4.0188
8.1927 25.4334 109.3105 3.2271 45.047 4.0131
8.179 25.43 109.3123 3.2176 45.0491 4.0073
8.1653 25.4267 109.314 3.2081 45.0511 4.0016
8.1515 25.4235 109.3158 3.1987 45.0529 3.9958
8.1378 25.4204 109.3175 3.1892 45.0547 3.99
8.124 25.4175 109.3193 3.1797 45.0563 3.9841
8.1102 25.4146 109.3211 3.1703 45.0578 3.9782
8.0963 25.4119 109.3228 3.1608 45.0592 3.9723
8.0825 25.4092 109.3246 3.1513 45.0604 3.9664
8.0686 25.4067 109.3264 3.1419 45.0616 3.9604
8.0547 25.4043 109.3282 3.1324 45.0626 3.9544
8.0408 25.402 109.33 3.1229 45.0635 3.9484
8.0268 25.3998 109.3319 3.1135 45.0643 3.9423
8.0129 25.3977 109.3337 3.104 45.065 3.9362
7.9989 25.3958 109.3355 3.0946 45.0656 3.9301
7.9848 25.3939 109.3374 3.0851 45.066 3.9239
7.9708 25.3922 109.3392 3.0756 45.0663 3.9177
7.9567 25.3905 109.3411 3.0662 45.0666 3.9115
7.9427 25.389 109.343 3.0567 45.0667 3.9052
7.9286 25.3875 109.3449 3.0473 45.0667 3.899
7.9144 25.3862 109.3468 3.0378 45.0665 3.8927
7.9003 25.385 109.3486 3.0284 45.0663 3.8863
7.8861 25.3839 109.3505 3.0189 45.066 3.8799
7.8719 25.3829 109.3525 3.0095 45.0655 3.8735
7.8577 25.382 109.3544 3 45.0649 3.8671
7.8435 25.3812 109.3563 2.9906 45.0642 3.8607
7.8292 25.3805 109.3582 2.9812 45.0634 3.8542
7.815 25.3799 109.3602 2.9717 45.0625 3.8477
7.8007 25.3794 109.3621 2.9623 45.0615 3.8411
7.7863 25.3791 109.3641 2.9528 45.0604 3.8346
7.772 25.3788 109.366 2.9434 45.0591 3.828
7.7577 25.3786 109.368 2.934 45.0578 3.8213
7.7433 25.3786 109.37 2.9245 45.0563 3.8147
7.7289 25.3786 109.372 2.9151 45.0548 3.808
7.7145 25.3788 109.374 2.9057 45.0531 3.8013
7.7 25.379 109.376 2.8963 45.0513 3.7945
7.6856 25.3794 109.378 2.8868 45.0494 3.7878
7.6711 25.3798 109.38 2.8774 45.0474 3.781
7.6566 25.3804 109.382 2.868 45.0453 3.7741
7.6421 25.381 109.384 2.8586 45.0431 3.7673
7.6276 25.3818 109.3861 2.8492 45.0408 3.7604
7.613 25.3826 109.3881 2.8398 45.0383 3.7535
7.5984 25.3836 109.3902 2.8304 45.0358 3.7466
7.5838 25.3846 109.3922 2.8209 45.0332 3.7396
7.5692 25.3858 109.3943 2.8115 45.0304 3.7326
7.5546 25.387 109.3964 2.8021 45.0276 3.7256
7.54 25.3884 109.3985 2.7927 45.0246 3.7186
7.5253 25.3898 109.4005 2.7833 45.0215 3.7115
7.5106 25.3914 109.4026 2.7739 45.0184 3.7044
7.4959 25.393 109.4047 2.7646 45.0151 3.6973
7.4812 25.3948 109.4068 2.7552 45.0117 3.6902
7.4665 25.3966 109.409 2.7458 45.0083 3.683
7.4517 25.3985 109.4111 2.7364 45.0047 3.6758
7.4369 25.4006 109.4132 2.727 45.001 3.6686
7.4222 25.4027 109.4153 2.7176 44.9972 3.6613
7.4074 25.4049 109.4175 2.7083 44.9933 3.6541
7.3925 25.4073 109.4196 2.6989 44.9893 3.6468
7.3777 25.4097 109.4218 2.6895 44.9853 3.6394
7.3628 25.4122 109.4239 2.6801 44.9811 3.6321
7.348 25.4148 109.4261 2.6708 44.9768 3.6247
7.3331 25.4175 109.4283 2.6614 44.9724 3.6173
7.3182 25.4203 109.4305 2.652 44.9679 3.6099
7.3032 25.4232 109.4326 2.6427 44.9633 3.6025
7.2883 25.4262 109.4348 2.6333 44.9586 3.595
7.2734 25.4293 109.437 2.624 44.9538 3.5875
7.2584 25.4324 109.4392 2.6146 44.949 3.58
7.2434 25.4357 109.4415 2.6053 44.944 3.5724
7.2284 25.4391 109.4437 2.596 44.9389 3.5648
7.2134 25.4425 109.4459 2.5866 44.9337 3.5572
7.1983 25.4461 109.4481 2.5773 44.9284 3.5496
7.1833 25.4497 109.4504 2.568 44.9231 3.542
7.1682 25.4534 109.4526 2.5586 44.9176 3.5343
7.1532 25.4572 109.4549 2.5493 44.912 3.5266
7.1381 25.4611 109.4571 2.54 44.9064 3.5189
7.123 25.4651 109.4594 2.5307 44.9006 3.5112
7.1078 25.4692 109.4616 2.5213 44.8948 3.5034
7.0927 25.4734 109.4639 2.512 44.8888 3.4956
7.0775 25.4777 109.4662 2.5027 44.8828 3.4878
7.0624 25.482 109.4685 2.4934 44.8767 3.48
7.0472 25.4865 109.4708 2.4841 44.8704 3.4722
7.032 25.491 109.4731 2.4748 44.8641 3.4643
7.0168 25.4956 109.4754 2.4655 44.8577 3.4564
7.0016 25.5003 109.4777 2.4563 44.8512 3.4485
6.9863 25.5051 109.48 2.447 44.8446 3.4405
6.9711 25.51 109.4823 2.4377 44.8379 3.4326
6.9558 25.5149 109.4847 2.4284 44.8312 3.4246
6.9405 25.52 109.487 2.4191 44.8243 3.4166
6.9253 25.5251 109.4893 2.4099 44.8173 3.4085
6.91 25.5304 109.4917 2.4006 44.8103 3.4005
6.8946 25.5357 109.494 2.3913 44.8031 3.3924
6.8793 25.5411 109.4964 2.3821 44.7959 3.3843
6.864 25.5466 109.4987 2.3728 44.7886 3.3762
6.8486 25.5521 109.5011 2.3636 44.7812 3.3681
6.8333 25.5578 109.5035 2.3543 44.7737 3.3599
6.8179 25.5635 109.5058 2.3451 44.7661 3.3517
6.8025 25.5693 109.5082 2.3359 44.7584 3.3435
6.7871 25.5752 109.5106 2.3266 44.7506 3.3353
6.7717 25.5812 109.513 2.3174 44.7428 3.3271
6.7562 25.5873 109.5154 2.3082 44.7348 3.3188
6.7408 25.5934 109.5178 2.299 44.7268 3.3105
6.7254 25.5996 109.5202 2.2897 44.7187 3.3022
6.7099 25.606 109.5226 2.2805 44.7105 3.2939
6.6944 25.6124 109.5251 2.2713 44.7022 3.2856
6.6789 25.6188 109.5275 2.2621 44.6939 3.2772
6.6635 25.6254 109.5299 2.2529 44.6854 3.2688
6.6479 25.632 109.5323 2.2437 44.6769 3.2604
6.6324 25.6387 109.5348 2.2346 44.6682 3.252
6.6169 25.6455 109.5372 2.2254 44.6595 3.2436
6.6014 25.6524 109.5397 2.2162 44.6507 3.2351
6.5858 25.6594 109.5421 2.207 44.6419 3.2266
6.5703 25.6664 109.5446 2.1979 44.6329 3.2181
6.5547 25.6735 109.5471 2.1887 44.6239 3.2096
6.5391 25.6807 109.5495 2.1795 44.6147 3.2011
6.5235 25.688 109.552 2.1704 44.6055 3.1925
6.5079 25.6953 109.5545 2.1612 44.5962 3.1839
6.4923 25.7027 109.557 2.1521 44.5869 3.1754
6.4767 25.7102 109.5595 2.143 44.5774 3.1667
6.4611 25.7178 109.562 2.1338 44.5679 3.1581
6.4455 25.7255 109.5645 2.1247 44.5583 3.1495
6.4298 25.7332 109.567 2.1156 44.5486 3.1408
6.4142 25.741 109.5695 2.1065 44.5388 3.1321
6.3985 25.7489 109.572 2.0973 44.529 3.1234
6.3828 25.7568 109.5745 2.0882 44.5191 3.1147
6.3672 25.7649 109.577 2.0791 44.509 3.106
6.3515 25.773 109.5795 2.07 44.499 3.0972
6.3358 25.7811 109.5821 2.061 44.4888 3.0884
6.3201 25.7894 109.5846 2.0519 44.4786 3.0796
6.3044 25.7977 109.5872 2.0428 44.4682 3.0708
6.2887 25.8061 109.5897 2.0337 44.4578 3.062
6.2729 25.8146 109.5922 2.0246 44.4474 3.0532
6.2572 25.8231 109.5948 2.0156 44.4368 3.0443
6.2415 25.8318 109.5974 2.0065 44.4262 3.0354
6.2257 25.8405 109.5999 1.9975 44.4155 3.0266
6.2099 25.8492 109.6025 1.9884 44.4047 3.0176
6.1942 25.858 109.605 1.9794 44.3939 3.0087
6.1784 25.867 109.6076 1.9704 44.3829 2.9998
6.1626 25.8759 109.6102 1.9613 44.3719 2.9908
6.1469 25.885 109.6128 1.9523 44.3609 2.9819
6.1311 25.8941 109.6154 1.9433 44.3497 2.9729
6.1153 25.9033 109.618 1.9343 44.3385 2.9639
6.0995 25.9125 109.6206 1.9253 44.3272 2.9549
6.0837 25.9218 109.6232 1.9163 44.3159 2.9458
6.0678 25.9312 109.6258 1.9073 44.3044 2.9368
6.052 25.9407 109.6284 1.8983 44.2929 2.9277
6.0362 25.9502 109.631 1.8893 44.2813 2.9186
6.0204 25.9598 109.6336 1.8803 44.2697 2.9095
6.0045 25.9695 109.6362 1.8714 44.258 2.9004
5.9887 25.9792 109.6388 1.8624 44.2462 2.8913
5.9728 25.989 109.6414 1.8534 44.2343 2.8822
5.957 25.9989 109.6441 1.8445 44.2224 2.873
5.9411 26.0088 109.6467 1.8356 44.2104 2.8638
5.9252 26.0188 109.6493 1.8266 44.1983 2.8546
5.9094 26.0289 109.652 1.8177 44.1861 2.8455
5.8935 26.039 109.6546 1.8088 44.1739 2.8362
5.8776 26.0492 109.6573 1.7998 44.1617 2.827
5.8617 26.0595 109.6599 1.7909 44.1493 2.8178
5.8458 26.0698 109.6626 1.782 44.1369 2.8085
5.83 26.0802 109.6652 1.7731 44.1244 2.7993
5.8141 26.0906 109.6679 1.7642 44.1119 2.79
5.7982 26.1011 109.6706 1.7554 44.0993 2.7807
5.7823 26.1117 109.6732 1.7465 44.0866 2.7714
5.7663 26.1224 109.6759 1.7376 44.0738 2.7621
5.7504 26.1331 109.6786 1.7287 44.061 2.7527
5.7345 26.1438 109.6813 1.7199 44.0482 2.7434
5.7186 26.1547 109.6839 1.711 44.0352 2.734
5.7027 26.1656 109.6866 1.7022 44.0222 2.7246
5.6868 26.1765 109.6893 1.6934 44.0091 2.7153
5.6708 26.1875 109.692 1.6845 43.996 2.7059
5.6549 26.1986 109.6947 1.6757 43.9828 2.6965
5.639 26.2097 109.6974 1.6669 43.9696 2.687
5.623 26.2209 109.7001 1.6581 43.9562 2.6776
5.6071 26.2322 109.7028 1.6493 43.9429 2.6682
5.5911 26.2435 109.7055 1.6405 43.9294 2.6587
5.5752 26.2549 109.7082 1.6317 43.9159 2.6492
5.5593 26.2663 109.7109 1.6229 43.9023 2.6397
5.5433 26.2778 109.7136 1.6141 43.8887 2.6302
5.5274 26.2893 109.7163 1.6054 43.875 2.6207
5.5114 26.3009 109.7191 1.5966 43.8613 2.6112
5.4955 26.3126 109.7218 1.5879 43.8474 2.6017
5.4795 26.3243 109.7245 1.5791 43.8336 2.5922
5.4636 26.3361 109.7272 1.5704 43.8196 2.5826
5.4476 26.3479 109.73 1.5617 43.8057 2.5731
5.4316 26.3598 109.7327 1.5529 43.7916 2.5635
5.4157 26.3718 109.7354 1.5442 43.7775 2.5539
5.3997 26.3838 109.7382 1.5355 43.7633 2.5443
5.3838 26.3958 109.7409 1.5268 43.7491 2.5347
5.3678 26.4079 109.7437 1.5181 43.7348 2.5251
5.3519 26.4201 109.7464 1.5095 43.7205 2.5155
5.3359 26.4323 109.7492 1.5008 43.7061 2.5058
5.3199 26.4446 109.7519 1.4921 43.6917 2.4962
5.304 26.4569 109.7547 1.4835 43.6772 2.4865
5.288 26.4693 109.7574 1.4748 43.6626 2.4769
5.2721 26.4817 109.7602 1.4662 43.648 2.4672
5.2561 26.4942 109.7629 1.4575 43.6333 2.4575
5.2401 26.5068 109.7657 1.4489 43.6186 2.4478
5.2242 26.5194 109.7685 1.4403 43.6038 2.4381
5.2082 26.532 109.7712 1.4317 43.589 2.4284
5.1923 26.5447 109.774 1.4231 43.5741 2.4187
5.1763 26.5574 109.7768 1.4145 43.5592 2.409
5.1604 26.5702 109.7796 1.4059 43.5442 2.3993
5.1444 26.5831 109.7823 1.3973 43.5291 2.3895
5.1285 26.596 109.7851 1.3887 43.514 2.3798
5.1125 26.6089 109.7879 1.3802 43.4989 2.37
5.0966 26.6219 109.7907 1.3716 43.4837 2.3602
5.0806 26.635 109.7935 1.3631 43.4684 2.3504
5.0647 26.6481 109.7962 1.3546 43.4531 2.3407
5.0487 26.6612 109.799 1.346 43.4378 2.3309
5.0328 26.6744 109.8018 1.3375 43.4224 2.3211
5.0168 26.6877 109.8046 1.329 43.4069 2.3113
5.0009 26.701 109.8074 1.3205 43.3914 2.3014
4.985 26.7143 109.8102 1.312 43.3759 2.2916
4.969 26.7277 109.813 1.3035 43.3603 2.2818
4.9531 26.7411 109.8158 1.295 43.3446 2.2719
4.9372 26.7546 109.8186 1.2866 43.3289 2.2621
4.9213 26.7681 109.8214 1.2781 43.3132 2.2522
4.9054 26.7817 109.8242 1.2697 43.2974 2.2424
4.8894 26.7953 109.827 1.2612 43.2815 2.2325
4.8735 26.809 109.8298 1.2528 43.2657 2.2226
4.8576 26.8227 109.8326 1.2444 43.2497 2.2128
4.8417 26.8365 109.8354 1.236 43.2337 2.2029
4.8258 26.8503 109.8383 1.2276 43.2177 2.193
4.8099 26.8641 109.8411 1.2192 43.2017 2.1831
4.794 26.878 109.8439 1.2108 43.1855 2.1732
4.7781 26.8919 109.8467 1.2024 43.1694 2.1633
4.7623 26.9059 109.8495 1.194 43.1532 2.1534
4.7464 26.9199 109.8523 1.1857 43.1369 2.1434
4.7305 26.934 109.8552 1.1773 43.1206 2.1335
4.7146 26.948 109.858 1.169 43.1043 2.1236
4.6988 26.9622 109.8608 1.1606 43.0879 2.1136
4.6829 26.9764 109.8636 1.1523 43.0715 2.1037
4.6671 26.9906 109.8665 1.144 43.055 2.0937
4.6512 27.0049 109.8693 1.1357 43.0385 2.0838
4.6354 27.0192 109.8721 1.1274 43.022 2.0738
4.6195 27.0335 109.8749 1.1191 43.0054 2.0639
4.6037 27.0479 109.8778 1.1108 42.9888 2.0539
4.5879 27.0623 109.8806 1.1026 42.9721 2.0439
4.572 27.0768 109.8834 1.0943 42.9554 2.0339
4.5562 27.0913 109.8863 1.0861 42.9387 2.0239
4.5404 27.1058 109.8891 1.0778 42.9219 2.014
4.5246 27.1204 109.8919 1.0696 42.905 2.004
4.5088 27.135 109.8948 1.0614 42.8882 1.994
4.493 27.1497 109.8976 1.0532 42.8713 1.984
4.4772 27.1644 109.9004 1.045 42.8543 1.974
4.4615 27.1791 109.9033 1.0368 42.8373 1.964
4.4457 27.1939 109.9061 1.0286 42.8203 1.954
4.4299 27.2087 109.9089 1.0205 42.8033 1.9439
4.4142 27.2235 109.9118 1.0123 42.7862 1.9339
4.3984 27.2384 109.9146 1.0042 42.769 1.9239
4.3827 27.2533 109.9175 0.996 42.7519 1.9139
4.3669 27.2683 109.9203 0.9879 42.7347 1.9039
4.3512 27.2833 109.9231 0.9798 42.7174 1.8938
4.3355 27.2983 109.926 0.9717 42.7002 1.8838
4.3198 27.3133 109.9288 0.9636 42.6828 1.8738
4.3041 27.3284 109.9317 0.9555 42.6655 1.8637
4.2884 27.3435 109.9345 0.9474 42.6481 1.8537
4.2727 27.3587 109.9374 0.9393 42.6307 1.8436
4.257 27.3739 109.9402 0.9313 42.6133 1.8336
4.2414 27.3891 109.943 0.9232 42.5958 1.8236
4.2257 27.4044 109.9459 0.9152 42.5783 1.8135
4.21 27.4196 109.9487 0.9072 42.5607 1.8035
4.1944 27.435 109.9516 0.8992 42.5432 1.7934
4.1788 27.4503 109.9544 0.8912 42.5256 1.7834
4.1631 27.4657 109.9573 0.8832 42.5079 1.7733
4.1475 27.4811 109.9601 0.8752 42.4903 1.7633
4.1319 27.4965 109.963 0.8672 42.4726 1.7532
4.1163 27.512 109.9658 0.8592 42.4548 1.7431
4.1007 27.5275 109.9686 0.8513 42.4371 1.7331
4.0852 27.543 109.9715 0.8434 42.4193 1.723
4.0696 27.5586 109.9743 0.8354 42.4015 1.713
4.054 27.5742 109.9772 0.8275 42.3836 1.7029
4.0385 27.5898 109.98 0.8196 42.3657 1.6928
4.023 27.6054 109.9829 0.8117 42.3478 1.6828
4.0074 27.6211 109.9857 0.8038 42.3299 1.6727
3.9919 27.6368 109.9886 0.7959 42.3119 1.6627
3.9764 27.6525 109.9914 0.7881 42.2939 1.6526
3.9609 27.6683 109.9942 0.7802 42.2759 1.6425
3.9454 27.6841 109.9971 0.7724 42.2579 1.6325
3.93 27.6999 109.9999 0.7646 42.2398 1.6224
3.9145 27.7157 110.0028 0.7567 42.2217 1.6123
3.8991 27.7316 110.0056 0.7489 42.2036 1.6023
3.8836 27.7475 110.0085 0.7411 42.1854 1.5922
3.8682 27.7634 110.0113 0.7334 42.1673 1.5822
3.8528 27.7793 110.0141 0.7256 42.1491 1.5721
3.8374 27.7953 110.017 0.7178 42.1309 1.5621
3.822 27.8113 110.0198 0.7101 42.1126 1.552
3.8066 27.8273 110.0227 0.7023 42.0943 1.5419
3.7913 27.8433 110.0255 0.6946 42.0761 1.5319
3.7759 27.8594 110.0283 0.6869 42.0577 1.5218
3.7606 27.8755 110.0312 0.6792 42.0394 1.5118
3.7452 27.8916 110.034 0.6715 42.021 1.5017
3.7299 27.9077 110.0369 0.6638 42.0027 1.4917
3.7146 27.9238 110.0397 0.6561 41.9843 1.4817
3.6993 27.94 110.0425 0.6485 41.9658 1.4716
3.6841 27.9562 110.0454 0.6408 41.9474 1.4616
3.6688 27.9724 110.0482 0.6332 41.9289 1.4515
3.6535 27.9886 110.051 0.6256 41.9104 1.4415
3.6383 28.0049 110.0539 0.618 41.8919 1.4315
3.6231 28.0212 110.0567 0.6104 41.8734 1.4214
3.6079 28.0375 110.0595 0.6028 41.8549 1.4114
3.5927 28.0538 110.0623 0.5952 41.8363 1.4014
3.5775 28.0701 110.0652 0.5876 41.8177 1.3914
3.5623 28.0865 110.068 0.5801 41.7991 1.3813
3.5472 28.1028 110.0708 0.5726 41.7805 1.3713
3.532 28.1192 110.0736 0.565 41.7619 1.3613
3.5169 28.1356 110.0765 0.5575 41.7432 1.3513
3.5018 28.1521 110.0793 0.55 41.7245 1.3413
3.4867 28.1685 110.0821 0.5425 41.7058 1.3313
3.4716 28.185 110.0849 0.535 41.6871 1.3213
3.4566 28.2014 110.0877 0.5276 41.6684 1.3113
3.4415 28.2179 110.0906 0.5201 41.6497 1.3013
3.4265 28.2344 110.0934 0.5127 41.6309 1.2913
3.4115 28.251 110.0962 0.5053 41.6122 1.2813
3.3965 28.2675 110.099 0.4978 41.5934 1.2714
3.3815 28.2841 110.1018 0.4904 41.5746 1.2614
3.3665 28.3006 110.1046 0.483 41.5558 1.2514
3.3516 28.3172 110.1074 0.4757 41.537 1.2415
3.3366 28.3338 110.1102 0.4683 41.5181 1.2315
3.3217 28.3504 110.113 0.461 41.4993 1.2216
3.3068 28.367 110.1158 0.4536 41.4804 1.2116
3.2919 28.3837 110.1186 0.4463 41.4616 1.2017
3.277 28.4003 110.1214 0.439 41.4427 1.1917
3.2622 28.417 110.1242 0.4317 41.4238 1.1818
3.2473 28.4337 110.127 0.4244 41.4049 1.1719
3.2325 28.4504 110.1298 0.4171 41.386 1.1619
3.2177 28.4671 110.1326 0.4098 41.367 1.152
3.2029 28.4838 110.1354 0.4026 41.3481 1.1421
3.1882 28.5005 110.1382 0.3954 41.3292 1.1322
3.1734 28.5173 110.141 0.3881 41.3102 1.1223
3.1587 28.534 110.1438 0.3809 41.2912 1.1124
3.144 28.5508 110.1465 0.3737 41.2723 1.1025
3.1293 28.5675 110.1493 0.3665 41.2533 1.0927
3.1146 28.5843 110.1521 0.3594 41.2343 1.0828
3.0999 28.6011 110.1549 0.3522 41.2153 1.0729
3.0853 28.6179 110.1576 0.3451 41.1963 1.0631
3.0706 28.6347 110.1604 0.3379 41.1773 1.0532
3.056 28.6515 110.1632 0.3308 41.1583 1.0434
3.0414 28.6683 110.1659 0.3237 41.1392 1.0335
3.0269 28.6851 110.1687 0.3166 41.1202 1.0237
3.0123 28.702 110.1715 0.3095 41.1012 1.0139
2.9978 28.7188 110.1742 0.3025 41.0821 1.0041
2.9833 28.7357 110.177 0.2954 41.0631 0.9943
2.9688 28.7525 110.1798 0.2884 41.044 0.9845
2.9543 28.7694 110.1825 0.2814 41.025 0.9747
2.9398 28.7862 110.1853 0.2744 41.0059 0.9649
2.9254 28.8031 110.188 0.2674 40.9869 0.9551
2.911 28.82 110.1907 0.2604 40.9678 0.9454
2.8966 28.8369 110.1935 0.2534 40.9487 0.9356
2.8822 28.8538 110.1962 0.2465 40.9296 0.9258
2.8679 28.8706 110.199 0.2395 40.9106 0.9161
2.8535 28.8875 110.2017 0.2326 40.8915 0.9064
2.8392 28.9044 110.2044 0.2257 40.8724 0.8966
2.8249 28.9213 110.2072 0.2188 40.8533 0.8869
2.8106 28.9382 110.2099 0.2119 40.8343 0.8772
2.7964 28.9552 110.2126 0.205 40.8152 0.8675
2.7822 28.9721 110.2153 0.1982 40.7961 0.8578
2.7679 28.989 110.2181 0.1913 40.777 0.8482
2.7538 29.0059 110.2208 0.1845 40.7579 0.8385
2.7396 29.0228 110.2235 0.1777 40.7388 0.8288
2.7254 29.0397 110.2262 0.1709 40.7198 0.8192
2.7113 29.0566 110.2289 0.1641 40.7007 0.8095
2.6972 29.0736 110.2316 0.1573 40.6816 0.7999
2.6831 29.0905 110.2343 0.1506 40.6625 0.7903
2.6691 29.1074 110.237 0.1438 40.6435 0.7807
2.655 29.1243 110.2397 0.1371 40.6244 0.7711
2.641 29.1412 110.2424 0.1304 40.6053 0.7615
2.627 29.1581 110.2451 0.1237 40.5863 0.7519
2.6131 29.175 110.2478 0.117 40.5672 0.7424
2.5991 29.192 110.2505 0.1103 40.5482 0.7328
2.5852 29.2089 110.2531 0.1037 40.5291 0.7233
2.5713 29.2258 110.2558 0.097 40.5101 0.7137
2.5574 29.2427 110.2585 0.0904 40.491 0.7042
2.5435 29.2596 110.2612 0.0838 40.472 0.6947
2.5297 29.2765 110.2638 0.0772 40.453 0.6852
2.5159 29.2934 110.2665 0.0706 40.434 0.6757
2.5021 29.3103 110.2692 0.064 40.4149 0.6662
2.4883 29.3272 110.2718 0.0575 40.3959 0.6568
2.4746 29.344 110.2745 0.0509 40.3769 0.6473
2.4609 29.3609 110.2771 0.0444 40.3579 0.6379
2.4472 29.3778 110.2798 0.0379 40.3389 0.6284
2.4335 29.3947 110.2824 0.0314 40.32 0.619
2.4199 29.4115 110.285 0.0249 40.301 0.6096
2.4063 29.4284 110.2877 0.0185 40.282 0.6002
2.3927 29.4452 110.2903 0.012 40.2631 0.5908
2.3791 29.4621 110.2929 0.0056 40.2442 0.5815
2.3656 29.4789 110.2956 -0.0008 40.2252 0.5721
2.352 29.4957 110.2982 -0.0072 40.2063 0.5628
2.3385 29.5125 110.3008 -0.0136 40.1874 0.5534
2.3251 29.5294 110.3034 -0.02 40.1685 0.5441
2.3116 29.5462 110.306 -0.0263 40.1496 0.5348
2.2982 29.563 110.3086 -0.0327 40.1307 0.5255
2.2848 29.5797 110.3112 -0.039 40.1119 0.5163
2.2715 29.5965 110.3138 -0.0453 40.093 0.507
2.2581 29.6133 110.3164 -0.0516 40.0742 0.4977
2.2448 29.63 110.319 -0.0579 40.0553 0.4885
2.2315 29.6468 110.3216 -0.0642 40.0365 0.4793
2.2182 29.6635 110.3242 -0.0704 40.0177 0.4701
2.205 29.6803 110.3267 -0.0766 39.999 0.4609
2.1918 29.697 110.3293 -0.0829 39.9802 0.4517
2.1786 29.7137 110.3319 -0.0891 39.9614 0.4425
2.1654 29.7304 110.3344 -0.0952 39.9427 0.4334
2.1523 29.747 110.337 -0.1014 39.924 0.4243
2.1392 29.7637 110.3396 -0.1076 39.9053 0.4151
2.1261 29.7804 110.3421 -0.1137 39.8866 0.406
2.1131 29.797 110.3447 -0.1198 39.8679 0.3969
2.1001 29.8136 110.3472 -0.1259 39.8492 0.3879
2.0871 29.8302 110.3497 -0.132 39.8306 0.3788
2.0741 29.8469 110.3523 -0.1381 39.8119 0.3698
2.0612 29.8634 110.3548 -0.1442 39.7933 0.3607
2.0482 29.88 110.3573 -0.1502 39.7747 0.3517
2.0354 29.8966 110.3598 -0.1562 39.7562 0.3427
2.0225 29.9131 110.3624 -0.1622 39.7376 0.3337
2.0097 29.9296 110.3649 -0.1682 39.7191 0.3248
1.9969 29.9461 110.3674 -0.1742 39.7006 0.3158
1.9841 29.9626 110.3699 -0.1802 39.6821 0.3069
1.9714 29.9791 110.3724 -0.1861 39.6636 0.298
1.9587 29.9956 110.3749 -0.192 39.6452 0.2891
1.946 30.012 110.3774 -0.1979 39.6267 0.2802
1.9333 30.0284 110.3798 -0.2038 39.6083 0.2713
1.9207 30.0449 110.3823 -0.2097 39.5899 0.2625
1.9081 30.0612 110.3848 -0.2156 39.5715 0.2536
1.8955 30.0776 110.3873 -0.2214 39.5532 0.2448
1.883 30.094 110.3897 -0.2272 39.5349 0.236
1.8705 30.1103 110.3922 -0.2331 39.5166 0.2272
1.858 30.1266 110.3946 -0.2389 39.4983 0.2185
1.8455 30.1429 110.3971 -0.2446 39.48 0.2097
1.8331 30.1592 110.3995 -0.2504 39.4618 0.201
1.8207 30.1755 110.402 -0.2561 39.4436 0.1923
1.8084 30.1917 110.4044 -0.2619 39.4254 0.1836
1.7961 30.2079 110.4068 -0.2676 39.4073 0.1749
1.7838 30.2241 110.4093 -0.2733 39.3891 0.1662
1.7715 30.2403 110.4117 -0.279 39.371 0.1576
1.7592 30.2564 110.4141 -0.2846 39.3529 0.149
1.747 30.2725 110.4165 -0.2903 39.3349 0.1404
1.7349 30.2887 110.4189 -0.2959 39.3169 0.1318
1.7227 30.3047 110.4213 -0.3015 39.2989 0.1232
1.7106 30.3208 110.4237 -0.3071 39.2809 0.1147
1.6985 30.3368 110.4261 -0.3127 39.2629 0.1061
1.6865 30.3528 110.4285 -0.3182 39.245 0.0976
1.6745 30.3688 110.4308 -0.3238 39.2271 0.0891
1.6625 30.3848 110.4332 -0.3293 39.2093 0.0807
1.6505 30.4007 110.4356 -0.3348 39.1914 0.0722
1.6386 30.4167 110.4379 -0.3403 39.1736 0.0638
1.6267 30.4325 110.4403 -0.3457 39.1559 0.0554
1.6149 30.4484 110.4426 -0.3512 39.1381 0.047
1.603 30.4642 110.445 -0.3566 39.1204 0.0386
1.5912 30.4801 110.4473 -0.3621 39.1027 0.0302
1.5795 30.4958 110.4496 -0.3675 39.0851 0.0219
1.5678 30.5116 110.452 -0.3728 39.0675 0.0136
1.5561 30.5273 110.4543 -0.3782 39.0499 0.0053
1.5444 30.543 110.4566 -0.3836 39.0323 -0.003
1.5328 30.5587 110.4589 -0.3889 39.0148 -0.0112
1.5212 30.5744 110.4612 -0.3942 38.9973 -0.0195
1.5096 30.59 110.4635 -0.3995 38.9798 -0.0277
1.4981 30.6056 110.4658 -0.4048 38.9624 -0.0359
1.4866 30.6211 110.4681 -0.41 38.945 -0.0441
1.4751 30.6367 110.4703 -0.4153 38.9277 -0.0522
1.4637 30.6522 110.4726 -0.4205 38.9103 -0.0603
1.4523 30.6677 110.4749 -0.4257 38.8931 -0.0684
1.441 30.6831 110.4771 -0.4309 38.8758 -0.0765
1.4296 30.6985 110.4794 -0.4361 38.8586 -0.0846
1.4183 30.7139 110.4816 -0.4412 38.8414 -0.0926
1.4071 30.7292 110.4839 -0.4463 38.8243 -0.1007
1.3959 30.7446 110.4861 -0.4515 38.8071 -0.1087
1.3847 30.7598 110.4883 -0.4565 38.7901 -0.1166
1.3735 30.7751 110.4906 -0.4616 38.773 -0.1246
1.3624 30.7903 110.4928 -0.4667 38.756 -0.1325
1.3513 30.8055 110.495 -0.4717 38.7391 -0.1404
1.3403 30.8207 110.4972 -0.4768 38.7222 -0.1483
1.3293 30.8358 110.4994 -0.4818 38.7053 -0.1562
1.3183 30.8509 110.5016 -0.4867 38.6884 -0.164
1.3074 30.8659 110.5038 -0.4917 38.6716 -0.1719
1.2965 30.881 110.506 -0.4967 38.6549 -0.1797
1.2856 30.896 110.5081 -0.5016 38.6381 -0.1874
1.2748 30.9109 110.5103 -0.5065 38.6214 -0.1952
1.264 30.9258 110.5124 -0.5114 38.6048 -0.2029
1.2532 30.9407 110.5146 -0.5163 38.5882 -0.2106
1.2425 30.9555 110.5167 -0.5211 38.5716 -0.2183
1.2318 30.9704 110.5189 -0.526 38.5551 -0.226
1.2212 30.9851 110.521 -0.5308 38.5386 -0.2336
1.2106 30.9999 110.5231 -0.5356 38.5222 -0.2412
1.2 31.0146 110.5253 -0.5404 38.5058 -0.2488
1.1895 31.0292 110.5274 -0.5451 38.4894 -0.2564
1.179 31.0438 110.5295 -0.5499 38.4731 -0.2639
1.1685 31.0584 110.5316 -0.5546 38.4569 -0.2714
1.1581 31.073 110.5337 -0.5593 38.4406 -0.2789
1.1477 31.0875 110.5357 -0.564 38.4245 -0.2864
1.1374 31.102 110.5378 -0.5687 38.4083 -0.2938
1.1271 31.1164 110.5399 -0.5733 38.3922 -0.3012
1.1168 31.1308 110.542 -0.5779 38.3762 -0.3086
1.1065 31.1451 110.544 -0.5826 38.3602 -0.316
1.0964 31.1594 110.5461 -0.5871 38.3442 -0.3233
1.0862 31.1737 110.5481 -0.5917 38.3283 -0.3306
1.0761 31.1879 110.5501 -0.5963 38.3125 -0.3379
1.066 31.2021 110.5522 -0.6008 38.2967 -0.3452
1.056 31.2163 110.5542 -0.6053 38.2809 -0.3524
1.046 31.2304 110.5562 -0.6098 38.2652 -0.3596
1.036 31.2444 110.5582 -0.6143 38.2495 -0.3668
1.0261 31.2585 110.5602 -0.6187 38.2339 -0.374
1.0162 31.2724 110.5622 -0.6232 38.2183 -0.3811
1.0063 31.2864 110.5642 -0.6276 38.2028 -0.3882
0.9965 31.3003 110.5661 -0.632 38.1873 -0.3953
0.9868 31.3141 110.5681 -0.6364 38.1719 -0.4024
0.977 31.3279 110.5701 -0.6407 38.1565 -0.4094
0.9674 31.3417 110.572 -0.6451 38.1412 -0.4164
0.9577 31.3554 110.574 -0.6494 38.1259 -0.4234
0.9481 31.369 110.5759 -0.6537 38.1107 -0.4303
0.9385 31.3827 110.5778 -0.658 38.0955 -0.4373
0.929 31.3962 110.5798 -0.6622 38.0804 -0.4442
0.9195 31.4098 110.5817 -0.6665 38.0654 -0.451
0.9101 31.4233 110.5836 -0.6707 38.0503 -0.4579
0.9007 31.4367 110.5855 -0.6749 38.0354 -0.4647
0.8913 31.4501 110.5874 -0.6791 38.0205 -0.4715
0.882 31.4634 110.5893 -0.6832 38.0056 -0.4782
0.8727 31.4767 110.5911 -0.6874 37.9908 -0.485
0.8635 31.49 110.593 -0.6915 37.9761 -0.4917
0.8543 31.5032 110.5949 -0.6956 37.9614 -0.4983
0.8451 31.5163 110.5967 -0.6996 37.9467 -0.505
0.836 31.5294 110.5986 -0.7037 37.9322 -0.5116
0.827 31.5425 110.6004 -0.7077 37.9176 -0.5182
0.8179 31.5555 110.6022 -0.7118 37.9032 -0.5247
0.8089 31.5684 110.6041 -0.7158 37.8887 -0.5313
0.8 31.5814 110.6059 -0.7197 37.8744 -0.5378
0.7911 31.5942 110.6077 -0.7237 37.8601 -0.5443
0.7822 31.607 110.6095 -0.7276 37.8458 -0.5507
0.7734 31.6198 110.6113 -0.7315 37.8316 -0.5571
0.7646 31.6325 110.6131 -0.7354 37.8175 -0.5635
0.7559 31.6451 110.6148 -0.7393 37.8034 -0.5699
0.7472 31.6577 110.6166 -0.7432 37.7894 -0.5762
0.7386 31.6703 110.6183 -0.747 37.7755 -0.5825
0.73 31.6828 110.6201 -0.7508 37.7616 -0.5888
0.7214 31.6952 110.6218 -0.7546 37.7477 -0.595
0.7129 31.7076 110.6236 -0.7584 37.734 -0.6012
0.7044 31.7199 110.6253 -0.7621 37.7202 -0.6074
0.696 31.7322 110.627 -0.7659 37.7066 -0.6135
0.6876 31.7444 110.6287 -0.7696 37.693 -0.6197
0.6793 31.7566 110.6304 -0.7732 37.6795 -0.6258
0.671 31.7687 110.6321 -0.7769 37.666 -0.6318
0.6627 31.7808 110.6338 -0.7806 37.6526 -0.6378
0.6545 31.7928 110.6354 -0.7842 37.6392 -0.6438
0.6464 31.8047 110.6371 -0.7878 37.6259 -0.6498
0.6383 31.8166 110.6388 -0.7914 37.6127 -0.6557
0.6302 31.8285 110.6404 -0.7949 37.5996 -0.6617
0.6222 31.8403 110.642 -0.7985 37.5865 -0.6675
0.6142 31.852 110.6437 -0.802 37.5734 -0.6734
0.6062 31.8637 110.6453 -0.8055 37.5605 -0.6792
0.5983 31.8753 110.6469 -0.809 37.5476 -0.685
0.5905 31.8868 110.6485 -0.8124 37.5347 -0.6907
0.5827 31.8983 110.6501 -0.8158 37.522 -0.6964
0.5749 31.9098 110.6517 -0.8193 37.5092 -0.7021
0.5672 31.9211 110.6532 -0.8227 37.4966 -0.7078
0.5596 31.9324 110.6548 -0.826 37.484 -0.7134
0.552 31.9437 110.6564 -0.8294 37.4715 -0.719
0.5444 31.9549 110.6579 -0.8327 37.4591 -0.7245
0.5369 31.966 110.6594 -0.836 37.4467 -0.73
0.5294 31.9771 110.661 -0.8393 37.4344 -0.7355
0.5219 31.9881 110.6625 -0.8425 37.4222 -0.741
0.5146 31.9991 110.664 -0.8458 37.41 -0.7464
0.5072 32.01 110.6655 -0.849 37.3979 -0.7518
0.4999 32.0208 110.667 -0.8522 37.3859 -0.7572
0.4927 32.0316 110.6685 -0.8554 37.3739 -0.7625
0.4855 32.0423 110.67 -0.8585 37.362 -0.7678
0.4783 32.053 110.6714 -0.8616 37.3502 -0.7731
0.4712 32.0636 110.6729 -0.8648 37.3384 -0.7783
0.4642 32.0741 110.6743 -0.8678 37.3267 -0.7835
0.4572 32.0845 110.6758 -0.8709 37.3151 -0.7886
0.4502 32.0949 110.6772 -0.8739 37.3036 -0.7938
0.4433 32.1053 110.6786 -0.877 37.2921 -0.7988
0.4365 32.1155 110.68 -0.88 37.2807 -0.8039
0.4296 32.1257 110.6814 -0.8829 37.2694 -0.8089
0.4229 32.1359 110.6828 -0.8859 37.2582 -0.8139
0.4162 32.1459 110.6842 -0.8888 37.247 -0.8189
0.4095 32.1559 110.6855 -0.8917 37.2359 -0.8238
0.4029 32.1659 110.6869 -0.8946 37.2248 -0.8287
0.3963 32.1757 110.6883 -0.8975 37.2139 -0.8335
0.3898 32.1856 110.6896 -0.9003 37.203 -0.8383
0.3833 32.1953 110.6909 -0.9031 37.1922 -0.8431
0.3769 32.205 110.6922 -0.9059 37.1815 -0.8479
0.3705 32.2146 110.6936 -0.9087 37.1708 -0.8526
0.3642 32.2241 110.6949 -0.9115 37.1602 -0.8572
0.3579 32.2336 110.6961 -0.9142 37.1497 -0.8619
0.3517 32.243 110.6974 -0.9169 37.1393 -0.8665
0.3455 32.2523 110.6987 -0.9196 37.1289 -0.8711
0.3394 32.2616 110.7 -0.9223 37.1187 -0.8756
0.3333 32.2708 110.7012 -0.9249 37.1085 -0.8801
0.3273 32.2799 110.7024 -0.9275 37.0984 -0.8845
0.3213 32.2889 110.7037 -0.9301 37.0883 -0.889
0.3154 32.2979 110.7049 -0.9327 37.0783 -0.8933
0.3095 32.3068 110.7061 -0.9352 37.0685 -0.8977
0.3037 32.3157 110.7073 -0.9377 37.0587 -0.902
0.2979 32.3244 110.7085 -0.9402 37.0489 -0.9063
0.2922 32.3331 110.7097 -0.9427 37.0393 -0.9105
0.2865 32.3418 110.7108 -0.9452 37.0297 -0.9147
0.2809 32.3503 110.712 -0.9476 37.0202 -0.9189
0.2753 32.3588 110.7132 -0.95 37.0108 -0.923
0.2698 32.3672 110.7143 -0.9524 37.0015 -0.9271
0.2644 32.3755 110.7154 -0.9548 36.9923 -0.9312
0.259 32.3838 110.7165 -0.9571 36.9831 -0.9352
0.2536 32.392 110.7176 -0.9594 36.974 -0.9392
0.2483 32.4001 110.7187 -0.9617 36.965 -0.9431
0.243 32.4081 110.7198 -0.964 36.9561 -0.947
0.2378 32.4161 110.7209 -0.9662 36.9473 -0.9509
0.2327 32.424 110.722 -0.9684 36.9386 -0.9547
0.2276 32.4318 110.723 -0.9706 36.9299 -0.9585
0.2225 32.4395 110.7241 -0.9728 36.9213 -0.9623
0.2176 32.4472 110.7251 -0.975 36.9128 -0.966
0.2126 32.4548 110.7261 -0.9771 36.9044 -0.9696
0.2077 32.4623 110.7271 -0.9792 36.8961 -0.9733
0.2029 32.4697 110.7281 -0.9813 36.8879 -0.9769
0.1981 32.4771 110.7291 -0.9833 36.8797 -0.9804
0.1934 32.4844 110.7301 -0.9854 36.8717 -0.984
0.1887 32.4916 110.7311 -0.9874 36.8637 -0.9874
0.1841 32.4987 110.732 -0.9894 36.8558 -0.9909
0.1795 32.5057 110.733 -0.9913 36.848 -0.9943
0.175 32.5127 110.7339 -0.9933 36.8403 -0.9976
0.1706 32.5196 110.7348 -0.9952 36.8327 -1.001
0.1662 32.5264 110.7357 -0.9971 36.8251 -1.0043
0.1618 32.5331 110.7366 -0.999 36.8177 -1.0075
0.1575 32.5397 110.7375 -1.0008 36.8103 -1.0107
0.1533 32.5463 110.7384 -1.0026 36.803 -1.0139
0.1491 32.5528 110.7393 -1.0044 36.7959 -1.017
0.145 32.5592 110.7401 -1.0062 36.7888 -1.0201
0.1409 32.5655 110.741 -1.0079 36.7818 -1.0231
0.1369 32.5717 110.7418 -1.0096 36.7749 -1.0261
0.1329 32.5779 110.7426 -1.0113 36.768 -1.0291
0.129 32.584 110.7434 -1.013 36.7613 -1.032
0.1252 32.59 110.7442 -1.0147 36.7547 -1.0349
0.1214 32.5959 110.745 -1.0163 36.7481 -1.0377
0.1176 32.6017 110.7458 -1.0179 36.7417 -1.0405
0.1139 32.6074 110.7466 -1.0195 36.7353 -1.0433
0.1103 32.6131 110.7473 -1.021 36.7291 -1.046
0.1067 32.6187 110.7481 -1.0225 36.7229 -1.0487
0.1032 32.6242 110.7488 -1.0241 36.7168 -1.0513
0.0998 32.6296 110.7495 -1.0255 36.7108 -1.0539
0.0964 32.6349 110.7502 -1.027 36.7049 -1.0564
0.093 32.6401 110.7509 -1.0284 36.6991 -1.059
0.0897 32.6453 110.7516 -1.0298 36.6934 -1.0614
0.0865 32.6503 110.7523 -1.0312 36.6878 -1.0638
0.0833 32.6553 110.753 -1.0325 36.6823 -1.0662
0.0802 32.6602 110.7536 -1.0339 36.6769 -1.0686
0.0771 32.665 110.7542 -1.0352 36.6716 -1.0709
0.0741 32.6697 110.7549 -1.0365 36.6664 -1.0731
0.0712 32.6743 110.7555 -1.0377 36.6613 -1.0753
0.0683 32.6789 110.7561 -1.0389 36.6562 -1.0775
0.0655 32.6833 110.7567 -1.0402 36.6513 -1.0796
0.0627 32.6877 110.7573 -1.0413 36.6465 -1.0817
0.06 32.692 110.7578 -1.0425 36.6418 -1.0837
0.0573 32.6962 110.7584 -1.0436 36.6371 -1.0857
0.0547 32.7003 110.7589 -1.0447 36.6326 -1.0877
0.0522 32.7043 110.7594 -1.0458 36.6282 -1.0896
0.0497 32.7082 110.76 -1.0469 36.6238 -1.0915
0.0473 32.712 110.7605 -1.0479 36.6196 -1.0933
0.0449 32.7157 110.761 -1.0489 36.6155 -1.0951
0.0426 32.7194 110.7614 -1.0499 36.6115 -1.0968
0.0404 32.7229 110.7619 -1.0508 36.6075 -1.0985
0.0382 32.7264 110.7624 -1.0517 36.6037 -1.1001
0.0361 32.7297 110.7628 -1.0526 36.6 -1.1017
0.034 32.733 110.7632 -1.0535 36.5963 -1.1033
0.032 32.7362 110.7637 -1.0544 36.5928 -1.1048
0.03 32.7393 110.7641 -1.0552 36.5894 -1.1063
0.0282 32.7423 110.7645 -1.056 36.5861 -1.1077
0.0263 32.7452 110.7649 -1.0568 36.5829 -1.1091
0.0246 32.748 110.7652 -1.0575 36.5798 -1.1104
0.0229 32.7507 110.7656 -1.0582 36.5768 -1.1117
0.0212 32.7533 110.7659 -1.0589 36.5739 -1.1129
0.0196 32.7559 110.7663 -1.0596 36.5711 -1.1141
0.0181 32.7583 110.7666 -1.0603 36.5684 -1.1153
0.0166 32.7606 110.7669 -1.0609 36.5658 -1.1164
0.0152 32.7629 110.7672 -1.0615 36.5633 -1.1174
0.0139 32.765 110.7675 -1.062 36.561 -1.1185
0.0126 32.7671 110.7677 -1.0626 36.5587 -1.1194
0.0114 32.769 110.768 -1.0631 36.5566 -1.1203
0.0102 32.7709 110.7682 -1.0636 36.5545 -1.1212
0.0091 32.7726 110.7685 -1.064 36.5526 -1.122
0.0081 32.7743 110.7687 -1.0645 36.5507 -1.1228
0.0071 32.7758 110.7689 -1.0649 36.549 -1.1236
0.0062 32.7773 110.7691 -1.0653 36.5474 -1.1243
0.0053 32.7786 110.7692 -1.0656 36.5459 -1.1249
0.0046 32.7799 110.7694 -1.066 36.5445 -1.1255
0.0038 32.7811 110.7696 -1.0663 36.5432 -1.126
0.0032 32.7821 110.7697 -1.0665 36.542 -1.1265
0.0026 32.7831 110.7698 -1.0668 36.541 -1.127
0.002 32.784 110.7699 -1.067 36.54 -1.1274
0.0016 32.7847 110.77 -1.0672 36.5392 -1.1278
0.0011 32.7854 110.7701 -1.0674 36.5384 -1.1281
0.0008 32.786 110.7702 -1.0675 36.5378 -1.1283
0.0005 32.7864 110.7703 -1.0677 36.5373 -1.1286
0.0003 32.7868 110.7703 -1.0678 36.5369 -1.1287
0.0001 32.787 110.7703 -1.0678 36.5366 -1.1288
0 32.7872 110.7704 -1.0679 36.5365 -1.1289
-0 32.7872 110.7704 -1.0679 36.5364 -1.1289
